,Spot_Price,Wind_Production
2024-01-01 00:00:00+02:00,40.01,2158.675
2024-01-01 01:00:00+02:00,38.37,2406.125
2024-01-01 02:00:00+02:00,28.46,2888.125
2024-01-01 03:00:00+02:00,26.66,3161.575
2024-01-01 04:00:00+02:00,24.48,3099.6
2024-01-01 05:00:00+02:00,24.01,2951.075
2024-01-01 06:00:00+02:00,21.23,2796.925
2024-01-01 07:00:00+02:00,22.62,2852.875
2024-01-01 08:00:00+02:00,25.04,3019.925
2024-01-01 09:00:00+02:00,26.24,2999.575
2024-01-01 10:00:00+02:00,32.21,2931.275
2024-01-01 11:00:00+02:00,41.34,2971.825
2024-01-01 12:00:00+02:00,43.51,2658.475
2024-01-01 13:00:00+02:00,58.64,2421.875
2024-01-01 14:00:00+02:00,61.14,2438.425
2024-01-01 15:00:00+02:00,60.34,2485.0
2024-01-01 16:00:00+02:00,77.56,2642.775
2024-01-01 17:00:00+02:00,68.4,2518.45
2024-01-01 18:00:00+02:00,74.16,2363.475
2024-01-01 19:00:00+02:00,65.01,2541.575
2024-01-01 20:00:00+02:00,55.91,2659.975
2024-01-01 21:00:00+02:00,48.15,2575.075
2024-01-01 22:00:00+02:00,64.94,2538.125
2024-01-01 23:00:00+02:00,53.6,2491.75
2024-01-02 00:00:00+02:00,43.99,2393.375
2024-01-02 01:00:00+02:00,55.5,2207.675
2024-01-02 02:00:00+02:00,49.94,1898.95
2024-01-02 03:00:00+02:00,47.26,1691.3
2024-01-02 04:00:00+02:00,53.5,1546.75
2024-01-02 05:00:00+02:00,76.48,1528.05
2024-01-02 06:00:00+02:00,180.05,1498.675
2024-01-02 07:00:00+02:00,250.01,1495.8
2024-01-02 08:00:00+02:00,483.08,1607.25
2024-01-02 09:00:00+02:00,300.07,1700.4
2024-01-02 10:00:00+02:00,250.01,1570.0
2024-01-02 11:00:00+02:00,241.94,1396.55
2024-01-02 12:00:00+02:00,159.47,1332.4
2024-01-02 13:00:00+02:00,149.99,1388.9250000000002
2024-01-02 14:00:00+02:00,149.99,1467.125
2024-01-02 15:00:00+02:00,165.8,1445.35
2024-01-02 16:00:00+02:00,250.02,1529.275
2024-01-02 17:00:00+02:00,226.21,1515.95
2024-01-02 18:00:00+02:00,196.9,1524.4
2024-01-02 19:00:00+02:00,250.01,1525.525
2024-01-02 20:00:00+02:00,196.91,1740.55
2024-01-02 21:00:00+02:00,105.7,1780.85
2024-01-02 22:00:00+02:00,149.52,1653.325
2024-01-02 23:00:00+02:00,90.38,1459.425
2024-01-03 00:00:00+02:00,86.69,1363.3500000000001
2024-01-03 01:00:00+02:00,49.08,1495.225
2024-01-03 02:00:00+02:00,56.76,1640.05
2024-01-03 03:00:00+02:00,56.11,1863.925
2024-01-03 04:00:00+02:00,57.96,1925.775
2024-01-03 05:00:00+02:00,70.17,1940.1
2024-01-03 06:00:00+02:00,86.7,1901.55
2024-01-03 07:00:00+02:00,118.79,1800.975
2024-01-03 08:00:00+02:00,131.51,1877.0749999999998
2024-01-03 09:00:00+02:00,132.95,1851.55
2024-01-03 10:00:00+02:00,128.81,1879.15
2024-01-03 11:00:00+02:00,98.93,1760.4
2024-01-03 12:00:00+02:00,129.91,1625.9
2024-01-03 13:00:00+02:00,118.79,1488.0
2024-01-03 14:00:00+02:00,97.05,1502.575
2024-01-03 15:00:00+02:00,96.19,1592.65
2024-01-03 16:00:00+02:00,119.02,1816.875
2024-01-03 17:00:00+02:00,129.91,2022.175
2024-01-03 18:00:00+02:00,147.62,2039.3000000000002
2024-01-03 19:00:00+02:00,118.8,1963.075
2024-01-03 20:00:00+02:00,99.12,1948.85
2024-01-03 21:00:00+02:00,85.82,1863.925
2024-01-03 22:00:00+02:00,99.95,1889.05
2024-01-03 23:00:00+02:00,86.97,1907.0
2024-01-04 00:00:00+02:00,58.4,1857.075
2024-01-04 01:00:00+02:00,129.25,1822.175
2024-01-04 02:00:00+02:00,106.34,1814.95
2024-01-04 03:00:00+02:00,94.42,1706.75
2024-01-04 04:00:00+02:00,97.79,1612.375
2024-01-04 05:00:00+02:00,121.44,1536.95
2024-01-04 06:00:00+02:00,180.21,1515.55
2024-01-04 07:00:00+02:00,300.0,1517.65
2024-01-04 08:00:00+02:00,379.25,1624.1
2024-01-04 09:00:00+02:00,299.99,1691.75
2024-01-04 10:00:00+02:00,300.0,1641.575
2024-01-04 11:00:00+02:00,300.07,1508.325
2024-01-04 12:00:00+02:00,300.0,1476.225
2024-01-04 13:00:00+02:00,299.99,1494.35
2024-01-04 14:00:00+02:00,296.18,1400.9
2024-01-04 15:00:00+02:00,299.99,1432.15
2024-01-04 16:00:00+02:00,362.14,1441.825
2024-01-04 17:00:00+02:00,300.0,1351.05
2024-01-04 18:00:00+02:00,299.99,1327.9
2024-01-04 19:00:00+02:00,249.96,1373.9499999999998
2024-01-04 20:00:00+02:00,203.72,1397.825
2024-01-04 21:00:00+02:00,149.99,1389.225
2024-01-04 22:00:00+02:00,150.0,1457.75
2024-01-04 23:00:00+02:00,143.09,1605.025
2024-01-05 00:00:00+02:00,111.11,1670.6
2024-01-05 01:00:00+02:00,169.99,1618.15
2024-01-05 02:00:00+02:00,150.07,1689.675
2024-01-05 03:00:00+02:00,150.06,1613.7
2024-01-05 04:00:00+02:00,150.07,1456.85
2024-01-05 05:00:00+02:00,150.09,1330.45
2024-01-05 06:00:00+02:00,350.0,1267.45
2024-01-05 07:00:00+02:00,999.94,1330.675
2024-01-05 08:00:00+02:00,1478.91,1453.55
2024-01-05 09:00:00+02:00,1251.67,1504.775
2024-01-05 10:00:00+02:00,1000.0,1584.525
2024-01-05 11:00:00+02:00,999.98,1579.6
2024-01-05 12:00:00+02:00,800.0,1634.875
2024-01-05 13:00:00+02:00,999.91,1615.675
2024-01-05 14:00:00+02:00,899.06,1572.45
2024-01-05 15:00:00+02:00,999.97,1496.1
2024-01-05 16:00:00+02:00,1696.31,1339.4
2024-01-05 17:00:00+02:00,1758.0,1226.05
2024-01-05 18:00:00+02:00,1478.95,1011.51
2024-01-05 19:00:00+02:00,1896.0,799.79
2024-01-05 20:00:00+02:00,1754.0,710.0175
2024-01-05 21:00:00+02:00,990.09,764.37
2024-01-05 22:00:00+02:00,749.95,801.8625
2024-01-05 23:00:00+02:00,300.01,800.65
2024-01-06 00:00:00+02:00,200.0,809.4775
2024-01-06 01:00:00+02:00,111.19,807.23
2024-01-06 02:00:00+02:00,113.98,693.105
2024-01-06 03:00:00+02:00,110.62,611.1775
2024-01-06 04:00:00+02:00,113.51,550.155
2024-01-06 05:00:00+02:00,141.69,491.255
2024-01-06 06:00:00+02:00,156.85,399.47
2024-01-06 07:00:00+02:00,132.92,321.755
2024-01-06 08:00:00+02:00,147.75,295.0925
2024-01-06 09:00:00+02:00,181.87,257.5675
2024-01-06 10:00:00+02:00,184.0,221.55
2024-01-06 11:00:00+02:00,176.37,190.755
2024-01-06 12:00:00+02:00,176.81,146.1925
2024-01-06 13:00:00+02:00,178.09,137.4
2024-01-06 14:00:00+02:00,161.34,171.75
2024-01-06 15:00:00+02:00,184.0,202.1
2024-01-06 16:00:00+02:00,200.0,238.165
2024-01-06 17:00:00+02:00,299.99,255.0075
2024-01-06 18:00:00+02:00,244.45,345.71
2024-01-06 19:00:00+02:00,200.0,527.5775
2024-01-06 20:00:00+02:00,179.78,715.075
2024-01-06 21:00:00+02:00,164.51,963.4375
2024-01-06 22:00:00+02:00,176.17,1161.5
2024-01-06 23:00:00+02:00,159.15,1282.425
2024-01-07 00:00:00+02:00,120.76,1335.65
2024-01-07 01:00:00+02:00,93.71,1284.0
2024-01-07 02:00:00+02:00,128.69,1363.675
2024-01-07 03:00:00+02:00,104.0,1501.875
2024-01-07 04:00:00+02:00,93.2,1405.425
2024-01-07 05:00:00+02:00,93.19,1281.675
2024-01-07 06:00:00+02:00,93.19,1265.1
2024-01-07 07:00:00+02:00,84.99,1247.35
2024-01-07 08:00:00+02:00,96.89,1227.375
2024-01-07 09:00:00+02:00,93.2,1264.25
2024-01-07 10:00:00+02:00,118.35,1368.075
2024-01-07 11:00:00+02:00,97.53,1400.35
2024-01-07 12:00:00+02:00,93.19,1502.7
2024-01-07 13:00:00+02:00,91.5,1617.875
2024-01-07 14:00:00+02:00,87.52,1759.6
2024-01-07 15:00:00+02:00,87.23,1890.775
2024-01-07 16:00:00+02:00,90.64,2072.175
2024-01-07 17:00:00+02:00,96.21,2366.575
2024-01-07 18:00:00+02:00,104.27,2735.95
2024-01-07 19:00:00+02:00,106.09,3047.15
2024-01-07 20:00:00+02:00,103.55,3262.05
2024-01-07 21:00:00+02:00,87.86,3365.775
2024-01-07 22:00:00+02:00,93.31,3621.55
2024-01-07 23:00:00+02:00,86.42,3683.5
2024-01-08 00:00:00+02:00,62.66,3628.35
2024-01-08 01:00:00+02:00,79.94,3630.1
2024-01-08 02:00:00+02:00,81.39,3507.15
2024-01-08 03:00:00+02:00,81.82,3289.175
2024-01-08 04:00:00+02:00,79.11,2886.575
2024-01-08 05:00:00+02:00,78.48,2601.3
2024-01-08 06:00:00+02:00,82.1,2674.8
2024-01-08 07:00:00+02:00,94.3,2632.0
2024-01-08 08:00:00+02:00,111.22,2465.725
2024-01-08 09:00:00+02:00,121.11,2292.2749999999996
2024-01-08 10:00:00+02:00,120.73,2012.075
2024-01-08 11:00:00+02:00,113.9,1732.925
2024-01-08 12:00:00+02:00,139.05,1564.95
2024-01-08 13:00:00+02:00,161.05,1326.6
2024-01-08 14:00:00+02:00,137.91,1238.45
2024-01-08 15:00:00+02:00,167.2,1682.35
2024-01-08 16:00:00+02:00,162.52,2413.275
2024-01-08 17:00:00+02:00,129.93,3008.525
2024-01-08 18:00:00+02:00,132.31,3393.95
2024-01-08 19:00:00+02:00,130.01,3603.6
2024-01-08 20:00:00+02:00,122.12,3898.55
2024-01-08 21:00:00+02:00,114.21,4075.45
2024-01-08 22:00:00+02:00,99.85,4329.025
2024-01-08 23:00:00+02:00,81.5,4469.675
2024-01-09 00:00:00+02:00,49.99,4470.8
2024-01-09 01:00:00+02:00,27.71,4632.950000000001
2024-01-09 02:00:00+02:00,26.73,4818.925
2024-01-09 03:00:00+02:00,26.33,5049.025
2024-01-09 04:00:00+02:00,26.27,5101.325
2024-01-09 05:00:00+02:00,26.88,5132.599999999999
2024-01-09 06:00:00+02:00,38.0,5241.475
2024-01-09 07:00:00+02:00,69.58,5240.325
2024-01-09 08:00:00+02:00,80.72,5280.925
2024-01-09 09:00:00+02:00,75.43,5183.05
2024-01-09 10:00:00+02:00,74.5,5106.7
2024-01-09 11:00:00+02:00,81.26,5037.4
2024-01-09 12:00:00+02:00,74.73,5102.275
2024-01-09 13:00:00+02:00,71.4,5056.599999999999
2024-01-09 14:00:00+02:00,79.16,4932.475
2024-01-09 15:00:00+02:00,84.88,4764.225
2024-01-09 16:00:00+02:00,90.11,4510.875
2024-01-09 17:00:00+02:00,78.03,4227.55
2024-01-09 18:00:00+02:00,94.99,3879.05
2024-01-09 19:00:00+02:00,133.53,3395.075
2024-01-09 20:00:00+02:00,126.38,2842.9
2024-01-09 21:00:00+02:00,116.51,2463.225
2024-01-09 22:00:00+02:00,99.96,2315.975
2024-01-09 23:00:00+02:00,89.98,2261.525
2024-01-10 00:00:00+02:00,50.92,2210.975
2024-01-10 01:00:00+02:00,37.99,2115.775
2024-01-10 02:00:00+02:00,34.6,2137.975
2024-01-10 03:00:00+02:00,27.99,2386.575
2024-01-10 04:00:00+02:00,27.4,2507.975
2024-01-10 05:00:00+02:00,32.11,2843.5
2024-01-10 06:00:00+02:00,80.0,3250.675
2024-01-10 07:00:00+02:00,82.74,3628.775
2024-01-10 08:00:00+02:00,96.89,4074.3999999999996
2024-01-10 09:00:00+02:00,100.03,4577.6
2024-01-10 10:00:00+02:00,79.98,4823.55
2024-01-10 11:00:00+02:00,50.07,5014.525
2024-01-10 12:00:00+02:00,36.9,5089.725
2024-01-10 13:00:00+02:00,32.98,5092.75
2024-01-10 14:00:00+02:00,27.8,5241.55
2024-01-10 15:00:00+02:00,27.43,5363.625
2024-01-10 16:00:00+02:00,26.87,5472.65
2024-01-10 17:00:00+02:00,26.32,5651.9
2024-01-10 18:00:00+02:00,26.54,5624.625
2024-01-10 19:00:00+02:00,25.94,5592.049999999999
2024-01-10 20:00:00+02:00,25.39,5571.8
2024-01-10 21:00:00+02:00,25.09,5603.4
2024-01-10 22:00:00+02:00,25.32,5552.225
2024-01-10 23:00:00+02:00,24.43,5452.575
2024-01-11 00:00:00+02:00,21.5,5383.275
2024-01-11 01:00:00+02:00,21.09,5232.8
2024-01-11 02:00:00+02:00,21.85,5131.5
2024-01-11 03:00:00+02:00,24.39,5187.15
2024-01-11 04:00:00+02:00,27.01,5176.325
2024-01-11 05:00:00+02:00,28.77,5051.175
2024-01-11 06:00:00+02:00,34.36,4996.825
2024-01-11 07:00:00+02:00,41.94,4980.75
2024-01-11 08:00:00+02:00,53.51,4844.9
2024-01-11 09:00:00+02:00,69.38,4670.549999999999
2024-01-11 10:00:00+02:00,89.57,4307.45
2024-01-11 11:00:00+02:00,110.01,3780.275
2024-01-11 12:00:00+02:00,103.29,3081.3
2024-01-11 13:00:00+02:00,96.3,2529.625
2024-01-11 14:00:00+02:00,99.0,2129.65
2024-01-11 15:00:00+02:00,105.98,1941.225
2024-01-11 16:00:00+02:00,124.1,1568.2
2024-01-11 17:00:00+02:00,141.86,1194.7
2024-01-11 18:00:00+02:00,155.0,947.7475
2024-01-11 19:00:00+02:00,200.0,853.6625
2024-01-11 20:00:00+02:00,145.44,1032.1075
2024-01-11 21:00:00+02:00,123.51,1514.275
2024-01-11 22:00:00+02:00,108.2,2195.3
2024-01-11 23:00:00+02:00,100.0,2915.9
2024-01-12 00:00:00+02:00,96.97,3182.6
2024-01-12 01:00:00+02:00,90.94,3305.525
2024-01-12 02:00:00+02:00,88.13,3264.575
2024-01-12 03:00:00+02:00,86.3,3501.7
2024-01-12 04:00:00+02:00,86.85,3848.325
2024-01-12 05:00:00+02:00,92.24,4194.1
2024-01-12 06:00:00+02:00,103.41,4293.549999999999
2024-01-12 07:00:00+02:00,124.5,4189.675
2024-01-12 08:00:00+02:00,137.15,3769.9249999999997
2024-01-12 09:00:00+02:00,140.74,3263.925
2024-01-12 10:00:00+02:00,134.96,2716.575
2024-01-12 11:00:00+02:00,150.03,2397.7
2024-01-12 12:00:00+02:00,136.48,1903.325
2024-01-12 13:00:00+02:00,124.57,1261.15
2024-01-12 14:00:00+02:00,124.32,1093.875
2024-01-12 15:00:00+02:00,150.51,1135.3
2024-01-12 16:00:00+02:00,203.0,1517.725
2024-01-12 17:00:00+02:00,299.02,1343.55
2024-01-12 18:00:00+02:00,200.01,1242.375
2024-01-12 19:00:00+02:00,155.0,1241.1
2024-01-12 20:00:00+02:00,122.84,1469.55
2024-01-12 21:00:00+02:00,108.87,2072.75
2024-01-12 22:00:00+02:00,98.66,2964.975
2024-01-12 23:00:00+02:00,93.57,4176.275
2024-01-13 00:00:00+02:00,80.1,4944.05
2024-01-13 01:00:00+02:00,49.69,5359.65
2024-01-13 02:00:00+02:00,46.63,5486.075000000001
2024-01-13 03:00:00+02:00,44.0,5587.525
2024-01-13 04:00:00+02:00,42.47,5685.775
2024-01-13 05:00:00+02:00,42.54,5667.4
2024-01-13 06:00:00+02:00,43.53,5638.775
2024-01-13 07:00:00+02:00,45.62,5556.55
2024-01-13 08:00:00+02:00,51.2,5462.4
2024-01-13 09:00:00+02:00,57.93,5340.45
2024-01-13 10:00:00+02:00,59.17,5117.075
2024-01-13 11:00:00+02:00,59.21,4912.625
2024-01-13 12:00:00+02:00,58.37,4784.3
2024-01-13 13:00:00+02:00,56.2,4579.9
2024-01-13 14:00:00+02:00,56.36,4244.65
2024-01-13 15:00:00+02:00,59.17,3950.6749999999997
2024-01-13 16:00:00+02:00,68.61,3544.2000000000003
2024-01-13 17:00:00+02:00,70.78,3057.15
2024-01-13 18:00:00+02:00,74.22,2740.975
2024-01-13 19:00:00+02:00,75.81,2265.35
2024-01-13 20:00:00+02:00,73.82,2045.075
2024-01-13 21:00:00+02:00,73.06,1840.25
2024-01-13 22:00:00+02:00,80.19,1681.125
2024-01-13 23:00:00+02:00,67.35,1562.725
2024-01-14 00:00:00+02:00,61.65,1420.8000000000002
2024-01-14 01:00:00+02:00,64.02,1408.95
2024-01-14 02:00:00+02:00,62.11,1328.825
2024-01-14 03:00:00+02:00,62.93,1293.2
2024-01-14 04:00:00+02:00,64.88,1206.875
2024-01-14 05:00:00+02:00,65.38,1152.35
2024-01-14 06:00:00+02:00,65.2,1128.65
2024-01-14 07:00:00+02:00,67.62,1030.7375
2024-01-14 08:00:00+02:00,72.01,949.0125
2024-01-14 09:00:00+02:00,76.79,1006.95
2024-01-14 10:00:00+02:00,81.38,955.21
2024-01-14 11:00:00+02:00,81.33,962.095
2024-01-14 12:00:00+02:00,82.79,973.625
2024-01-14 13:00:00+02:00,80.39,942.135
2024-01-14 14:00:00+02:00,77.04,985.9975000000001
2024-01-14 15:00:00+02:00,79.15,1293.65
2024-01-14 16:00:00+02:00,82.32,1588.175
2024-01-14 17:00:00+02:00,86.62,1761.175
2024-01-14 18:00:00+02:00,91.86,1815.95
2024-01-14 19:00:00+02:00,94.64,1823.4
2024-01-14 20:00:00+02:00,85.26,1803.475
2024-01-14 21:00:00+02:00,79.06,1803.8
2024-01-14 22:00:00+02:00,78.41,1821.325
2024-01-14 23:00:00+02:00,74.67,2038.625
2024-01-15 00:00:00+02:00,66.89,2145.925
2024-01-15 01:00:00+02:00,69.65,2050.325
2024-01-15 02:00:00+02:00,66.05,1909.275
2024-01-15 03:00:00+02:00,64.31,1809.8
2024-01-15 04:00:00+02:00,62.04,1699.375
2024-01-15 05:00:00+02:00,63.57,1594.9
2024-01-15 06:00:00+02:00,70.57,1558.45
2024-01-15 07:00:00+02:00,85.79,1621.65
2024-01-15 08:00:00+02:00,113.52,1593.375
2024-01-15 09:00:00+02:00,111.04,1589.225
2024-01-15 10:00:00+02:00,128.06,1570.5
2024-01-15 11:00:00+02:00,101.89,1577.2
2024-01-15 12:00:00+02:00,129.02,1539.675
2024-01-15 13:00:00+02:00,129.08,1490.6999999999998
2024-01-15 14:00:00+02:00,129.08,1368.35
2024-01-15 15:00:00+02:00,123.78,1135.925
2024-01-15 16:00:00+02:00,108.28,1052.8
2024-01-15 17:00:00+02:00,110.02,1061.275
2024-01-15 18:00:00+02:00,109.08,1048.825
2024-01-15 19:00:00+02:00,115.57,1021.65
2024-01-15 20:00:00+02:00,110.66,999.4
2024-01-15 21:00:00+02:00,103.15,905.7025
2024-01-15 22:00:00+02:00,92.95,889.1825
2024-01-15 23:00:00+02:00,89.49,926.4325
2024-01-16 00:00:00+02:00,86.43,942.4075
2024-01-16 01:00:00+02:00,82.19,979.56
2024-01-16 02:00:00+02:00,81.4,998.3075
2024-01-16 03:00:00+02:00,80.07,1056.9
2024-01-16 04:00:00+02:00,78.26,1080.825
2024-01-16 05:00:00+02:00,77.59,986.5275
2024-01-16 06:00:00+02:00,83.45,916.6425
2024-01-16 07:00:00+02:00,123.0,850.4225
2024-01-16 08:00:00+02:00,193.42,799.7075
2024-01-16 09:00:00+02:00,275.59,735.3775
2024-01-16 10:00:00+02:00,270.56,706.44
2024-01-16 11:00:00+02:00,249.93,733.7825
2024-01-16 12:00:00+02:00,200.55,688.26
2024-01-16 13:00:00+02:00,170.04,643.895
2024-01-16 14:00:00+02:00,141.97,617.6425
2024-01-16 15:00:00+02:00,143.58,581.2475
2024-01-16 16:00:00+02:00,156.16,526.1925
2024-01-16 17:00:00+02:00,170.08,540.9225
2024-01-16 18:00:00+02:00,170.81,535.775
2024-01-16 19:00:00+02:00,164.52,533.0575
2024-01-16 20:00:00+02:00,145.42,608.3975
2024-01-16 21:00:00+02:00,151.51,777.3125
2024-01-16 22:00:00+02:00,131.44,1043.1475
2024-01-16 23:00:00+02:00,121.14,1132.925
2024-01-17 00:00:00+02:00,102.43,1019.2175
2024-01-17 01:00:00+02:00,95.63,946.7025
2024-01-17 02:00:00+02:00,84.26,818.33
2024-01-17 03:00:00+02:00,82.1,721.7874999999999
2024-01-17 04:00:00+02:00,82.09,646.0375
2024-01-17 05:00:00+02:00,90.06,609.37
2024-01-17 06:00:00+02:00,134.58,769.3175
2024-01-17 07:00:00+02:00,150.0,882.64
2024-01-17 08:00:00+02:00,147.72,1163.55
2024-01-17 09:00:00+02:00,122.02,1482.875
2024-01-17 10:00:00+02:00,105.59,1707.25
2024-01-17 11:00:00+02:00,110.33,1921.825
2024-01-17 12:00:00+02:00,111.1,2106.8
2024-01-17 13:00:00+02:00,116.49,2205.6
2024-01-17 14:00:00+02:00,119.9,2315.3
2024-01-17 15:00:00+02:00,117.97,2489.025
2024-01-17 16:00:00+02:00,121.82,2764.975
2024-01-17 17:00:00+02:00,124.84,3007.225
2024-01-17 18:00:00+02:00,136.44,3458.3
2024-01-17 19:00:00+02:00,120.01,3830.45
2024-01-17 20:00:00+02:00,110.96,4217.475
2024-01-17 21:00:00+02:00,106.61,4248.4
2024-01-17 22:00:00+02:00,97.51,4362.65
2024-01-17 23:00:00+02:00,91.36,4447.15
2024-01-18 00:00:00+02:00,68.0,4511.225
2024-01-18 01:00:00+02:00,47.97,4530.375
2024-01-18 02:00:00+02:00,49.26,4500.425
2024-01-18 03:00:00+02:00,46.55,4566.225
2024-01-18 04:00:00+02:00,44.95,4580.375
2024-01-18 05:00:00+02:00,46.72,4492.15
2024-01-18 06:00:00+02:00,60.93,4493.75
2024-01-18 07:00:00+02:00,76.19,4393.625
2024-01-18 08:00:00+02:00,97.48,4353.925
2024-01-18 09:00:00+02:00,108.13,4263.175
2024-01-18 10:00:00+02:00,99.09,4213.8
2024-01-18 11:00:00+02:00,110.9,4047.15
2024-01-18 12:00:00+02:00,107.95,3755.625
2024-01-18 13:00:00+02:00,93.55,3452.75
2024-01-18 14:00:00+02:00,87.62,3196.75
2024-01-18 15:00:00+02:00,86.43,2777.6
2024-01-18 16:00:00+02:00,94.25,2618.975
2024-01-18 17:00:00+02:00,99.52,2547.0
2024-01-18 18:00:00+02:00,104.68,2519.475
2024-01-18 19:00:00+02:00,103.26,2467.0
2024-01-18 20:00:00+02:00,94.53,2419.7
2024-01-18 21:00:00+02:00,86.97,2362.35
2024-01-18 22:00:00+02:00,81.13,2285.775
2024-01-18 23:00:00+02:00,77.43,2272.525
2024-01-19 00:00:00+02:00,71.33,2365.25
2024-01-19 01:00:00+02:00,68.4,2291.3
2024-01-19 02:00:00+02:00,65.34,2171.95
2024-01-19 03:00:00+02:00,64.05,2286.4
2024-01-19 04:00:00+02:00,62.76,2396.5
2024-01-19 05:00:00+02:00,63.32,2383.7
2024-01-19 06:00:00+02:00,65.85,2376.25
2024-01-19 07:00:00+02:00,75.74,2415.225
2024-01-19 08:00:00+02:00,99.89,2519.25
2024-01-19 09:00:00+02:00,104.27,2629.575
2024-01-19 10:00:00+02:00,103.3,2746.8
2024-01-19 11:00:00+02:00,95.85,2514.65
2024-01-19 12:00:00+02:00,86.56,2219.725
2024-01-19 13:00:00+02:00,78.72,2076.5249999999996
2024-01-19 14:00:00+02:00,75.15,2246.175
2024-01-19 15:00:00+02:00,76.91,2763.325
2024-01-19 16:00:00+02:00,90.58,2711.2
2024-01-19 17:00:00+02:00,104.6,2559.8
2024-01-19 18:00:00+02:00,114.77,2349.5249999999996
2024-01-19 19:00:00+02:00,108.49,2116.0
2024-01-19 20:00:00+02:00,106.05,1995.125
2024-01-19 21:00:00+02:00,91.77,1830.7749999999999
2024-01-19 22:00:00+02:00,79.98,1652.0
2024-01-19 23:00:00+02:00,74.97,1596.1000000000001
2024-01-20 00:00:00+02:00,66.69,1469.35
2024-01-20 01:00:00+02:00,67.62,1456.125
2024-01-20 02:00:00+02:00,65.01,1420.525
2024-01-20 03:00:00+02:00,65.1,1354.1
2024-01-20 04:00:00+02:00,63.34,1179.325
2024-01-20 05:00:00+02:00,63.37,1016.2175
2024-01-20 06:00:00+02:00,68.91,1036.05
2024-01-20 07:00:00+02:00,74.29,1009.935
2024-01-20 08:00:00+02:00,83.49,930.4575
2024-01-20 09:00:00+02:00,95.87,941.365
2024-01-20 10:00:00+02:00,99.71,1102.875
2024-01-20 11:00:00+02:00,99.86,1286.675
2024-01-20 12:00:00+02:00,95.87,1289.1
2024-01-20 13:00:00+02:00,95.88,1386.925
2024-01-20 14:00:00+02:00,95.81,1356.075
2024-01-20 15:00:00+02:00,91.0,1628.075
2024-01-20 16:00:00+02:00,95.88,1842.425
2024-01-20 17:00:00+02:00,102.01,2261.625
2024-01-20 18:00:00+02:00,97.4,2729.925
2024-01-20 19:00:00+02:00,101.11,3088.725
2024-01-20 20:00:00+02:00,91.57,3487.775
2024-01-20 21:00:00+02:00,80.0,3816.7
2024-01-20 22:00:00+02:00,73.39,3870.725
2024-01-20 23:00:00+02:00,70.42,4182.375
2024-01-21 00:00:00+02:00,66.99,4360.675
2024-01-21 01:00:00+02:00,34.78,4435.025
2024-01-21 02:00:00+02:00,34.73,4338.075
2024-01-21 03:00:00+02:00,34.64,4399.7
2024-01-21 04:00:00+02:00,34.4,4287.575
2024-01-21 05:00:00+02:00,34.28,4366.725
2024-01-21 06:00:00+02:00,34.61,4545.275
2024-01-21 07:00:00+02:00,34.3,4286.7
2024-01-21 08:00:00+02:00,34.98,3813.85
2024-01-21 09:00:00+02:00,34.83,3669.25
2024-01-21 10:00:00+02:00,35.58,3582.525
2024-01-21 11:00:00+02:00,36.88,3338.45
2024-01-21 12:00:00+02:00,37.8,2795.175
2024-01-21 13:00:00+02:00,37.31,2385.075
2024-01-21 14:00:00+02:00,36.78,2231.1
2024-01-21 15:00:00+02:00,37.04,2320.475
2024-01-21 16:00:00+02:00,37.53,2481.425
2024-01-21 17:00:00+02:00,37.41,2735.925
2024-01-21 18:00:00+02:00,35.92,2962.975
2024-01-21 19:00:00+02:00,35.53,3236.85
2024-01-21 20:00:00+02:00,34.96,3347.625
2024-01-21 21:00:00+02:00,34.67,3403.325
2024-01-21 22:00:00+02:00,34.55,3649.275
2024-01-21 23:00:00+02:00,34.83,3854.55
2024-01-22 00:00:00+02:00,29.03,3988.1
2024-01-22 01:00:00+02:00,27.3,4351.9
2024-01-22 02:00:00+02:00,22.24,4558.25
2024-01-22 03:00:00+02:00,18.62,4632.5
2024-01-22 04:00:00+02:00,5.04,4567.3
2024-01-22 05:00:00+02:00,5.06,4614.325
2024-01-22 06:00:00+02:00,20.0,4666.25
2024-01-22 07:00:00+02:00,26.05,4649.375
2024-01-22 08:00:00+02:00,33.2,4707.075000000001
2024-01-22 09:00:00+02:00,33.08,4712.575
2024-01-22 10:00:00+02:00,32.87,4887.325
2024-01-22 11:00:00+02:00,31.69,5030.85
2024-01-22 12:00:00+02:00,30.87,5231.05
2024-01-22 13:00:00+02:00,30.6,5371.675
2024-01-22 14:00:00+02:00,29.29,5434.925
2024-01-22 15:00:00+02:00,28.58,5383.025
2024-01-22 16:00:00+02:00,30.32,5520.775
2024-01-22 17:00:00+02:00,31.62,5646.65
2024-01-22 18:00:00+02:00,32.85,5694.525
2024-01-22 19:00:00+02:00,32.44,5664.4
2024-01-22 20:00:00+02:00,31.75,5494.3
2024-01-22 21:00:00+02:00,31.41,5247.7
2024-01-22 22:00:00+02:00,28.84,5298.1
2024-01-22 23:00:00+02:00,26.07,5202.825
2024-01-23 00:00:00+02:00,23.03,5317.575
2024-01-23 01:00:00+02:00,15.84,5351.8
2024-01-23 02:00:00+02:00,9.86,5329.125
2024-01-23 03:00:00+02:00,9.14,5336.15
2024-01-23 04:00:00+02:00,4.17,5306.625
2024-01-23 05:00:00+02:00,10.22,5322.525
2024-01-23 06:00:00+02:00,21.63,5268.875
2024-01-23 07:00:00+02:00,25.73,5137.725
2024-01-23 08:00:00+02:00,29.39,5022.125
2024-01-23 09:00:00+02:00,33.62,4861.150000000001
2024-01-23 10:00:00+02:00,30.82,4766.5
2024-01-23 11:00:00+02:00,29.92,4632.8
2024-01-23 12:00:00+02:00,27.67,4411.025000000001
2024-01-23 13:00:00+02:00,26.58,4071.875
2024-01-23 14:00:00+02:00,26.76,3663.875
2024-01-23 15:00:00+02:00,26.73,3091.925
2024-01-23 16:00:00+02:00,29.0,2491.025
2024-01-23 17:00:00+02:00,64.95,2183.25
2024-01-23 18:00:00+02:00,68.46,2113.275
2024-01-23 19:00:00+02:00,66.78,2224.225
2024-01-23 20:00:00+02:00,63.34,2331.5
2024-01-23 21:00:00+02:00,60.46,2440.85
2024-01-23 22:00:00+02:00,52.45,2487.275
2024-01-23 23:00:00+02:00,40.82,2073.25
2024-01-24 00:00:00+02:00,33.26,1427.5
2024-01-24 01:00:00+02:00,42.02,802.1424999999999
2024-01-24 02:00:00+02:00,39.76,558.025
2024-01-24 03:00:00+02:00,50.01,538.795
2024-01-24 04:00:00+02:00,48.92,383.4825
2024-01-24 05:00:00+02:00,55.6,364.845
2024-01-24 06:00:00+02:00,80.05,466.5
2024-01-24 07:00:00+02:00,92.38,622.565
2024-01-24 08:00:00+02:00,94.27,745.09
2024-01-24 09:00:00+02:00,92.23,841.385
2024-01-24 10:00:00+02:00,94.26,834.9275
2024-01-24 11:00:00+02:00,93.04,507.22249999999997
2024-01-24 12:00:00+02:00,92.73,389.475
2024-01-24 13:00:00+02:00,94.24,348.4325
2024-01-24 14:00:00+02:00,92.11,366.9475
2024-01-24 15:00:00+02:00,81.39,423.14
2024-01-24 16:00:00+02:00,88.74,368.5025
2024-01-24 17:00:00+02:00,92.47,328.4675
2024-01-24 18:00:00+02:00,91.71,359.7475
2024-01-24 19:00:00+02:00,86.93,392.58500000000004
2024-01-24 20:00:00+02:00,79.84,354.97
2024-01-24 21:00:00+02:00,64.99,363.90749999999997
2024-01-24 22:00:00+02:00,63.46,451.545
2024-01-24 23:00:00+02:00,44.84,563.905
2024-01-25 00:00:00+02:00,38.53,639.2225
2024-01-25 01:00:00+02:00,43.84,698.4975000000001
2024-01-25 02:00:00+02:00,43.97,755.1800000000001
2024-01-25 03:00:00+02:00,42.76,801.515
2024-01-25 04:00:00+02:00,43.85,885.0425
2024-01-25 05:00:00+02:00,45.11,940.9725
2024-01-25 06:00:00+02:00,51.01,982.0775
2024-01-25 07:00:00+02:00,74.34,1011.3325
2024-01-25 08:00:00+02:00,75.28,1139.45
2024-01-25 09:00:00+02:00,89.02,1220.975
2024-01-25 10:00:00+02:00,85.25,1356.95
2024-01-25 11:00:00+02:00,83.69,1460.1
2024-01-25 12:00:00+02:00,78.66,1475.675
2024-01-25 13:00:00+02:00,85.45,1444.775
2024-01-25 14:00:00+02:00,82.78,1325.875
2024-01-25 15:00:00+02:00,85.66,1239.45
2024-01-25 16:00:00+02:00,92.07,1247.9
2024-01-25 17:00:00+02:00,101.38,1092.025
2024-01-25 18:00:00+02:00,122.35,959.7525
2024-01-25 19:00:00+02:00,114.3,827.2175
2024-01-25 20:00:00+02:00,98.79,725.6374999999999
2024-01-25 21:00:00+02:00,91.07,648.0699999999999
2024-01-25 22:00:00+02:00,88.11,529.9275
2024-01-25 23:00:00+02:00,80.02,455.7375
2024-01-26 00:00:00+02:00,75.16,397.7375
2024-01-26 01:00:00+02:00,79.99,394.3825
2024-01-26 02:00:00+02:00,79.29,417.09250000000003
2024-01-26 03:00:00+02:00,79.04,389.24
2024-01-26 04:00:00+02:00,79.98,419.7975
2024-01-26 05:00:00+02:00,94.37,515.5425
2024-01-26 06:00:00+02:00,115.94,690.5899999999999
2024-01-26 07:00:00+02:00,134.66,1037.535
2024-01-26 08:00:00+02:00,145.88,1484.2
2024-01-26 09:00:00+02:00,141.51,2179.975
2024-01-26 10:00:00+02:00,135.84,2852.8
2024-01-26 11:00:00+02:00,114.0,3530.625
2024-01-26 12:00:00+02:00,123.6,4106.25
2024-01-26 13:00:00+02:00,120.93,4369.025000000001
2024-01-26 14:00:00+02:00,52.69,4531.275
2024-01-26 15:00:00+02:00,49.28,4750.2
2024-01-26 16:00:00+02:00,48.91,5101.25
2024-01-26 17:00:00+02:00,51.48,5345.525
2024-01-26 18:00:00+02:00,57.37,5630.75
2024-01-26 19:00:00+02:00,54.19,5748.0
2024-01-26 20:00:00+02:00,33.51,5753.75
2024-01-26 21:00:00+02:00,27.58,5664.875
2024-01-26 22:00:00+02:00,25.76,5599.35
2024-01-26 23:00:00+02:00,24.39,5410.45
2024-01-27 00:00:00+02:00,21.98,5212.775
2024-01-27 01:00:00+02:00,19.32,5034.8
2024-01-27 02:00:00+02:00,18.26,4647.275
2024-01-27 03:00:00+02:00,17.63,4346.05
2024-01-27 04:00:00+02:00,18.02,4253.325
2024-01-27 05:00:00+02:00,18.49,4276.825
2024-01-27 06:00:00+02:00,18.84,4372.125
2024-01-27 07:00:00+02:00,19.41,4662.725
2024-01-27 08:00:00+02:00,20.71,4601.575
2024-01-27 09:00:00+02:00,21.0,4337.375
2024-01-27 10:00:00+02:00,21.03,3637.775
2024-01-27 11:00:00+02:00,21.13,3088.6
2024-01-27 12:00:00+02:00,21.02,2759.525
2024-01-27 13:00:00+02:00,20.53,2637.475
2024-01-27 14:00:00+02:00,20.08,2714.35
2024-01-27 15:00:00+02:00,20.03,2966.2
2024-01-27 16:00:00+02:00,20.17,3346.75
2024-01-27 17:00:00+02:00,20.33,3778.55
2024-01-27 18:00:00+02:00,20.67,4308.275
2024-01-27 19:00:00+02:00,20.41,4880.675
2024-01-27 20:00:00+02:00,18.62,5265.5
2024-01-27 21:00:00+02:00,15.13,5441.65
2024-01-27 22:00:00+02:00,10.14,5545.575
2024-01-27 23:00:00+02:00,3.48,5595.675
2024-01-28 00:00:00+02:00,2.76,5308.4
2024-01-28 01:00:00+02:00,0.01,4950.85
2024-01-28 02:00:00+02:00,2.62,4610.225
2024-01-28 03:00:00+02:00,3.48,4373.875
2024-01-28 04:00:00+02:00,11.48,4150.075
2024-01-28 05:00:00+02:00,15.05,3951.575
2024-01-28 06:00:00+02:00,16.34,3894.95
2024-01-28 07:00:00+02:00,18.22,3827.1
2024-01-28 08:00:00+02:00,18.76,3965.95
2024-01-28 09:00:00+02:00,18.55,4216.475
2024-01-28 10:00:00+02:00,18.66,4098.4
2024-01-28 11:00:00+02:00,18.64,4132.0
2024-01-28 12:00:00+02:00,18.73,4023.65
2024-01-28 13:00:00+02:00,18.49,4217.775
2024-01-28 14:00:00+02:00,18.05,4435.25
2024-01-28 15:00:00+02:00,16.91,4954.0
2024-01-28 16:00:00+02:00,17.91,5247.9
2024-01-28 17:00:00+02:00,18.42,5518.275
2024-01-28 18:00:00+02:00,18.26,5726.95
2024-01-28 19:00:00+02:00,18.16,5812.5
2024-01-28 20:00:00+02:00,10.01,5826.674999999999
2024-01-28 21:00:00+02:00,0.01,5783.75
2024-01-28 22:00:00+02:00,0.01,5683.799999999999
2024-01-28 23:00:00+02:00,-0.01,5235.375
2024-01-29 00:00:00+02:00,-0.31,4873.975
2024-01-29 01:00:00+02:00,-0.42,4736.75
2024-01-29 02:00:00+02:00,-1.72,4457.174999999999
2024-01-29 03:00:00+02:00,-1.78,4385.725
2024-01-29 04:00:00+02:00,-1.77,4380.35
2024-01-29 05:00:00+02:00,-1.41,4460.675
2024-01-29 06:00:00+02:00,-0.11,4765.475
2024-01-29 07:00:00+02:00,5.91,5931.475
2024-01-29 08:00:00+02:00,19.17,5940.1
2024-01-29 09:00:00+02:00,20.56,5957.875
2024-01-29 10:00:00+02:00,21.75,5930.9
2024-01-29 11:00:00+02:00,21.34,5845.225
2024-01-29 12:00:00+02:00,21.08,5747.45
2024-01-29 13:00:00+02:00,20.03,5404.05
2024-01-29 14:00:00+02:00,19.86,5265.925
2024-01-29 15:00:00+02:00,19.52,5466.325
2024-01-29 16:00:00+02:00,19.52,5460.925
2024-01-29 17:00:00+02:00,19.62,5562.225
2024-01-29 18:00:00+02:00,19.87,5496.35
2024-01-29 19:00:00+02:00,19.59,5821.2
2024-01-29 20:00:00+02:00,19.67,5760.4
2024-01-29 21:00:00+02:00,12.46,5696.925
2024-01-29 22:00:00+02:00,17.76,5690.4
2024-01-29 23:00:00+02:00,10.5,5565.975
2024-01-30 00:00:00+02:00,0.63,5534.15
2024-01-30 01:00:00+02:00,0.01,5353.925
2024-01-30 02:00:00+02:00,0.0,5286.1
2024-01-30 03:00:00+02:00,0.0,5266.099999999999
2024-01-30 04:00:00+02:00,0.01,5155.825000000001
2024-01-30 05:00:00+02:00,16.5,5360.625
2024-01-30 06:00:00+02:00,20.22,5224.05
2024-01-30 07:00:00+02:00,22.07,5251.275
2024-01-30 08:00:00+02:00,23.42,5143.475
2024-01-30 09:00:00+02:00,24.1,5035.075
2024-01-30 10:00:00+02:00,24.22,4876.075
2024-01-30 11:00:00+02:00,24.11,4707.575
2024-01-30 12:00:00+02:00,24.36,4679.6
2024-01-30 13:00:00+02:00,24.37,4487.975
2024-01-30 14:00:00+02:00,24.45,4279.075
2024-01-30 15:00:00+02:00,24.22,4330.0
2024-01-30 16:00:00+02:00,24.29,4448.325
2024-01-30 17:00:00+02:00,24.33,4801.075
2024-01-30 18:00:00+02:00,23.98,5158.0
2024-01-30 19:00:00+02:00,23.69,5080.5
2024-01-30 20:00:00+02:00,23.1,4893.5
2024-01-30 21:00:00+02:00,22.47,4818.05
2024-01-30 22:00:00+02:00,22.9,4670.1
2024-01-30 23:00:00+02:00,22.56,4450.049999999999
2024-01-31 00:00:00+02:00,20.74,3921.5
2024-01-31 01:00:00+02:00,18.39,3455.3
2024-01-31 02:00:00+02:00,18.46,3245.55
2024-01-31 03:00:00+02:00,18.5,3211.4
2024-01-31 04:00:00+02:00,18.58,2901.475
2024-01-31 05:00:00+02:00,18.96,2781.15
2024-01-31 06:00:00+02:00,19.39,2971.025
2024-01-31 07:00:00+02:00,21.88,2956.0
2024-01-31 08:00:00+02:00,52.76,3014.975
2024-01-31 09:00:00+02:00,40.0,3009.2
2024-01-31 10:00:00+02:00,22.22,2990.85
2024-01-31 11:00:00+02:00,20.41,3051.3999999999996
2024-01-31 12:00:00+02:00,19.12,3004.775
2024-01-31 13:00:00+02:00,18.54,2926.825
2024-01-31 14:00:00+02:00,17.77,3188.125
2024-01-31 15:00:00+02:00,17.0,3703.675
2024-01-31 16:00:00+02:00,16.31,4045.575
2024-01-31 17:00:00+02:00,16.95,4635.225
2024-01-31 18:00:00+02:00,16.67,5267.025
2024-01-31 19:00:00+02:00,10.38,5559.325
2024-01-31 20:00:00+02:00,3.47,5667.925
2024-01-31 21:00:00+02:00,0.0,5569.85
2024-01-31 22:00:00+02:00,-0.07,5137.6
2024-01-31 23:00:00+02:00,-0.89,4785.975
2024-02-01 00:00:00+02:00,-2.02,4234.55
2024-02-01 01:00:00+02:00,-2.07,4204.9
2024-02-01 02:00:00+02:00,-2.22,4290.575
2024-02-01 03:00:00+02:00,-2.49,3834.45
2024-02-01 04:00:00+02:00,-2.5,3917.325
2024-02-01 05:00:00+02:00,-2.07,4293.2
2024-02-01 06:00:00+02:00,-1.84,4660.525
2024-02-01 07:00:00+02:00,-0.1,5187.5
2024-02-01 08:00:00+02:00,3.08,5930.475
2024-02-01 09:00:00+02:00,3.43,5892.375
2024-02-01 10:00:00+02:00,4.43,5865.45
2024-02-01 11:00:00+02:00,3.43,5761.025000000001
2024-02-01 12:00:00+02:00,2.76,5620.6
2024-02-01 13:00:00+02:00,3.43,5578.4
2024-02-01 14:00:00+02:00,2.93,5457.0
2024-02-01 15:00:00+02:00,0.4,5434.775
2024-02-01 16:00:00+02:00,0.8,5528.1
2024-02-01 17:00:00+02:00,2.92,5810.55
2024-02-01 18:00:00+02:00,3.61,5710.95
2024-02-01 19:00:00+02:00,2.47,5579.85
2024-02-01 20:00:00+02:00,2.1,5456.15
2024-02-01 21:00:00+02:00,0.0,5313.05
2024-02-01 22:00:00+02:00,0.01,5369.275
2024-02-01 23:00:00+02:00,0.0,5429.475
2024-02-02 00:00:00+02:00,-0.02,4946.55
2024-02-02 01:00:00+02:00,-1.71,4478.95
2024-02-02 02:00:00+02:00,-1.74,4351.35
2024-02-02 03:00:00+02:00,-1.76,4236.65
2024-02-02 04:00:00+02:00,-1.73,4282.75
2024-02-02 05:00:00+02:00,-0.11,4512.55
2024-02-02 06:00:00+02:00,0.01,5084.175
2024-02-02 07:00:00+02:00,20.27,5078.85
2024-02-02 08:00:00+02:00,23.29,4655.5
2024-02-02 09:00:00+02:00,24.74,4333.675
2024-02-02 10:00:00+02:00,25.44,3388.35
2024-02-02 11:00:00+02:00,25.98,2812.525
2024-02-02 12:00:00+02:00,25.39,2365.45
2024-02-02 13:00:00+02:00,24.53,2075.525
2024-02-02 14:00:00+02:00,23.32,2398.05
2024-02-02 15:00:00+02:00,22.9,3190.75
2024-02-02 16:00:00+02:00,22.99,4102.925
2024-02-02 17:00:00+02:00,21.03,4771.75
2024-02-02 18:00:00+02:00,20.75,5235.475
2024-02-02 19:00:00+02:00,18.77,5033.525
2024-02-02 20:00:00+02:00,14.54,5109.4
2024-02-02 21:00:00+02:00,11.08,5055.325
2024-02-02 22:00:00+02:00,7.43,4997.025
2024-02-02 23:00:00+02:00,0.8,4891.05
2024-02-03 00:00:00+02:00,-0.01,4466.025
2024-02-03 01:00:00+02:00,-1.0,4046.25
2024-02-03 02:00:00+02:00,-1.49,3878.35
2024-02-03 03:00:00+02:00,-1.8,3765.275
2024-02-03 04:00:00+02:00,-2.05,3605.975
2024-02-03 05:00:00+02:00,-2.03,3524.85
2024-02-03 06:00:00+02:00,-1.83,3466.05
2024-02-03 07:00:00+02:00,-0.41,3769.85
2024-02-03 08:00:00+02:00,-0.06,4369.475
2024-02-03 09:00:00+02:00,0.01,4958.85
2024-02-03 10:00:00+02:00,2.11,5446.75
2024-02-03 11:00:00+02:00,2.15,5643.625
2024-02-03 12:00:00+02:00,0.03,5591.725
2024-02-03 13:00:00+02:00,0.0,5227.225
2024-02-03 14:00:00+02:00,-0.01,4660.575
2024-02-03 15:00:00+02:00,-0.01,4650.575
2024-02-03 16:00:00+02:00,0.49,5296.025
2024-02-03 17:00:00+02:00,3.41,5439.8
2024-02-03 18:00:00+02:00,10.3,5630.875
2024-02-03 19:00:00+02:00,10.39,5665.475
2024-02-03 20:00:00+02:00,3.5,5675.325
2024-02-03 21:00:00+02:00,0.08,5735.15
2024-02-03 22:00:00+02:00,1.44,5591.25
2024-02-03 23:00:00+02:00,0.01,5299.8
2024-02-04 00:00:00+02:00,-0.01,4970.675
2024-02-04 01:00:00+02:00,-0.1,4909.474999999999
2024-02-04 02:00:00+02:00,-0.05,4606.45
2024-02-04 03:00:00+02:00,-0.06,4694.425
2024-02-04 04:00:00+02:00,-0.04,4538.5
2024-02-04 05:00:00+02:00,-0.01,4061.375
2024-02-04 06:00:00+02:00,-0.1,3953.625
2024-02-04 07:00:00+02:00,0.0,3892.35
2024-02-04 08:00:00+02:00,1.05,3847.625
2024-02-04 09:00:00+02:00,8.87,3791.625
2024-02-04 10:00:00+02:00,9.83,3789.225
2024-02-04 11:00:00+02:00,10.87,3691.325
2024-02-04 12:00:00+02:00,12.81,3333.975
2024-02-04 13:00:00+02:00,13.82,3101.725
2024-02-04 14:00:00+02:00,9.62,2866.15
2024-02-04 15:00:00+02:00,12.99,2657.5
2024-02-04 16:00:00+02:00,15.72,2886.175
2024-02-04 17:00:00+02:00,22.1,2865.2
2024-02-04 18:00:00+02:00,35.25,2803.325
2024-02-04 19:00:00+02:00,36.88,2615.5
2024-02-04 20:00:00+02:00,35.3,2494.775
2024-02-04 21:00:00+02:00,29.05,2305.15
2024-02-04 22:00:00+02:00,24.52,2165.825
2024-02-04 23:00:00+02:00,24.44,1943.975
2024-02-05 00:00:00+02:00,21.24,1778.525
2024-02-05 01:00:00+02:00,11.78,1709.775
2024-02-05 02:00:00+02:00,10.65,1619.275
2024-02-05 03:00:00+02:00,9.67,1565.55
2024-02-05 04:00:00+02:00,4.99,1367.25
2024-02-05 05:00:00+02:00,7.01,1259.05
2024-02-05 06:00:00+02:00,41.38,1176.4750000000001
2024-02-05 07:00:00+02:00,60.07,1334.225
2024-02-05 08:00:00+02:00,75.59,1470.775
2024-02-05 09:00:00+02:00,68.77,1502.225
2024-02-05 10:00:00+02:00,56.86,1504.15
2024-02-05 11:00:00+02:00,52.93,1526.6000000000001
2024-02-05 12:00:00+02:00,43.79,1585.9499999999998
2024-02-05 13:00:00+02:00,48.02,1600.7
2024-02-05 14:00:00+02:00,48.54,1760.7
2024-02-05 15:00:00+02:00,53.98,1865.625
2024-02-05 16:00:00+02:00,55.79,1921.0
2024-02-05 17:00:00+02:00,60.72,1912.95
2024-02-05 18:00:00+02:00,68.47,1964.35
2024-02-05 19:00:00+02:00,68.78,2060.3
2024-02-05 20:00:00+02:00,61.84,1869.125
2024-02-05 21:00:00+02:00,60.48,1778.375
2024-02-05 22:00:00+02:00,59.65,1800.55
2024-02-05 23:00:00+02:00,56.3,1755.125
2024-02-06 00:00:00+02:00,52.29,1576.525
2024-02-06 01:00:00+02:00,53.8,1431.7
2024-02-06 02:00:00+02:00,53.17,1315.05
2024-02-06 03:00:00+02:00,53.2,1111.75
2024-02-06 04:00:00+02:00,53.21,975.28
2024-02-06 05:00:00+02:00,69.63,842.465
2024-02-06 06:00:00+02:00,249.91,687.015
2024-02-06 07:00:00+02:00,120.0,538.3725
2024-02-06 08:00:00+02:00,192.01,389.255
2024-02-06 09:00:00+02:00,126.46,256.8675
2024-02-06 10:00:00+02:00,146.5,203.1775
2024-02-06 11:00:00+02:00,100.02,54.7525
2024-02-06 12:00:00+02:00,100.02,25.25
2024-02-06 13:00:00+02:00,100.01,37.65
2024-02-06 14:00:00+02:00,100.0,46.45
2024-02-06 15:00:00+02:00,100.05,47.0
2024-02-06 16:00:00+02:00,119.99,48.35
2024-02-06 17:00:00+02:00,200.0,52.5175
2024-02-06 18:00:00+02:00,249.93,94.45
2024-02-06 19:00:00+02:00,170.05,98.8
2024-02-06 20:00:00+02:00,154.99,110.0575
2024-02-06 21:00:00+02:00,96.22,160.99
2024-02-06 22:00:00+02:00,120.0,235.7375
2024-02-06 23:00:00+02:00,119.99,284.25
2024-02-07 00:00:00+02:00,90.01,302.85749999999996
2024-02-07 01:00:00+02:00,65.99,270.4925
2024-02-07 02:00:00+02:00,64.29,227.475
2024-02-07 03:00:00+02:00,60.54,190.71
2024-02-07 04:00:00+02:00,64.99,177.385
2024-02-07 05:00:00+02:00,79.99,203.31
2024-02-07 06:00:00+02:00,110.0,278.345
2024-02-07 07:00:00+02:00,154.99,434.52
2024-02-07 08:00:00+02:00,138.59,485.4075
2024-02-07 09:00:00+02:00,124.65,515.0825
2024-02-07 10:00:00+02:00,122.53,528.925
2024-02-07 11:00:00+02:00,121.31,492.525
2024-02-07 12:00:00+02:00,127.06,412.82
2024-02-07 13:00:00+02:00,146.56,271.7
2024-02-07 14:00:00+02:00,118.28,284.955
2024-02-07 15:00:00+02:00,126.39,330.74
2024-02-07 16:00:00+02:00,150.82,438.6775
2024-02-07 17:00:00+02:00,130.6,581.125
2024-02-07 18:00:00+02:00,134.1,808.0699999999999
2024-02-07 19:00:00+02:00,138.39,1035.045
2024-02-07 20:00:00+02:00,109.7,1398.875
2024-02-07 21:00:00+02:00,99.91,1607.35
2024-02-07 22:00:00+02:00,98.52,1623.5
2024-02-07 23:00:00+02:00,95.55,1548.975
2024-02-08 00:00:00+02:00,95.12,1491.6
2024-02-08 01:00:00+02:00,102.36,1413.8
2024-02-08 02:00:00+02:00,88.98,1322.125
2024-02-08 03:00:00+02:00,79.99,1376.625
2024-02-08 04:00:00+02:00,72.17,1553.5
2024-02-08 05:00:00+02:00,89.52,1859.825
2024-02-08 06:00:00+02:00,133.51,2060.025
2024-02-08 07:00:00+02:00,134.72,2338.175
2024-02-08 08:00:00+02:00,131.61,2574.625
2024-02-08 09:00:00+02:00,133.76,2670.125
2024-02-08 10:00:00+02:00,113.55,2748.975
2024-02-08 11:00:00+02:00,97.79,2673.0
2024-02-08 12:00:00+02:00,91.87,2248.15
2024-02-08 13:00:00+02:00,100.8,1751.7
2024-02-08 14:00:00+02:00,123.5,1464.775
2024-02-08 15:00:00+02:00,126.78,1485.075
2024-02-08 16:00:00+02:00,130.01,1681.6
2024-02-08 17:00:00+02:00,123.38,2053.45
2024-02-08 18:00:00+02:00,132.81,2398.05
2024-02-08 19:00:00+02:00,127.7,2563.725
2024-02-08 20:00:00+02:00,127.93,2590.825
2024-02-08 21:00:00+02:00,120.39,2570.375
2024-02-08 22:00:00+02:00,112.67,2414.25
2024-02-08 23:00:00+02:00,101.59,2331.1
2024-02-09 00:00:00+02:00,100.0,2198.95
2024-02-09 01:00:00+02:00,80.97,1908.875
2024-02-09 02:00:00+02:00,79.48,1626.7
2024-02-09 03:00:00+02:00,79.48,1448.0
2024-02-09 04:00:00+02:00,81.1,1393.05
2024-02-09 05:00:00+02:00,120.97,1446.95
2024-02-09 06:00:00+02:00,166.92,1420.425
2024-02-09 07:00:00+02:00,194.64,1481.0
2024-02-09 08:00:00+02:00,249.94,1443.2
2024-02-09 09:00:00+02:00,248.42,1252.725
2024-02-09 10:00:00+02:00,199.99,1140.975
2024-02-09 11:00:00+02:00,124.15,907.5575
2024-02-09 12:00:00+02:00,96.07,688.4549999999999
2024-02-09 13:00:00+02:00,102.98,492.1675
2024-02-09 14:00:00+02:00,116.8,402.22749999999996
2024-02-09 15:00:00+02:00,140.76,381.275
2024-02-09 16:00:00+02:00,200.0,405.845
2024-02-09 17:00:00+02:00,155.0,504.945
2024-02-09 18:00:00+02:00,168.0,554.9475
2024-02-09 19:00:00+02:00,170.0,655.0550000000001
2024-02-09 20:00:00+02:00,182.34,679.36
2024-02-09 21:00:00+02:00,155.0,628.585
2024-02-09 22:00:00+02:00,199.99,541.4100000000001
2024-02-09 23:00:00+02:00,175.84,510.3925
2024-02-10 00:00:00+02:00,163.17,464.035
2024-02-10 01:00:00+02:00,180.0,402.03999999999996
2024-02-10 02:00:00+02:00,127.06,386.4425
2024-02-10 03:00:00+02:00,130.06,390.7425
2024-02-10 04:00:00+02:00,125.0,408.04
2024-02-10 05:00:00+02:00,127.02,429.05
2024-02-10 06:00:00+02:00,154.99,477.9125
2024-02-10 07:00:00+02:00,135.0,582.565
2024-02-10 08:00:00+02:00,120.0,671.18
2024-02-10 09:00:00+02:00,107.73,764.4325
2024-02-10 10:00:00+02:00,110.0,757.59
2024-02-10 11:00:00+02:00,103.05,663.6525
2024-02-10 12:00:00+02:00,86.82,534.03
2024-02-10 13:00:00+02:00,92.6,369.71000000000004
2024-02-10 14:00:00+02:00,95.01,265.1675
2024-02-10 15:00:00+02:00,99.07,288.38
2024-02-10 16:00:00+02:00,110.01,381.93
2024-02-10 17:00:00+02:00,130.01,536.5875
2024-02-10 18:00:00+02:00,154.99,650.1725
2024-02-10 19:00:00+02:00,121.28,673.6675
2024-02-10 20:00:00+02:00,110.0,619.3924999999999
2024-02-10 21:00:00+02:00,79.95,646.2825
2024-02-10 22:00:00+02:00,122.02,678.6275
2024-02-10 23:00:00+02:00,103.03,711.2825
2024-02-11 00:00:00+02:00,81.04,750.04
2024-02-11 01:00:00+02:00,74.72,805.8475
2024-02-11 02:00:00+02:00,74.48,914.865
2024-02-11 03:00:00+02:00,64.75,1042.2425
2024-02-11 04:00:00+02:00,62.02,1205.9
2024-02-11 05:00:00+02:00,55.99,1374.325
2024-02-11 06:00:00+02:00,46.25,1513.9
2024-02-11 07:00:00+02:00,49.19,1687.575
2024-02-11 08:00:00+02:00,53.16,1929.625
2024-02-11 09:00:00+02:00,55.06,1979.325
2024-02-11 10:00:00+02:00,57.97,2036.5500000000002
2024-02-11 11:00:00+02:00,61.16,1854.175
2024-02-11 12:00:00+02:00,63.97,1330.475
2024-02-11 13:00:00+02:00,68.34,1057.75
2024-02-11 14:00:00+02:00,73.81,951.3625
2024-02-11 15:00:00+02:00,79.92,933.1625
2024-02-11 16:00:00+02:00,69.8,1207.25
2024-02-11 17:00:00+02:00,68.04,1491.85
2024-02-11 18:00:00+02:00,76.07,1620.3
2024-02-11 19:00:00+02:00,78.24,1743.15
2024-02-11 20:00:00+02:00,70.98,1753.15
2024-02-11 21:00:00+02:00,63.29,1723.15
2024-02-11 22:00:00+02:00,65.97,1770.6999999999998
2024-02-11 23:00:00+02:00,64.62,1844.75
2024-02-12 00:00:00+02:00,57.38,1972.7
2024-02-12 01:00:00+02:00,65.0,2071.475
2024-02-12 02:00:00+02:00,59.94,2214.275
2024-02-12 03:00:00+02:00,58.79,2423.375
2024-02-12 04:00:00+02:00,57.77,2513.175
2024-02-12 05:00:00+02:00,59.21,2595.1
2024-02-12 06:00:00+02:00,65.0,2625.975
2024-02-12 07:00:00+02:00,95.07,2608.725
2024-02-12 08:00:00+02:00,90.09,2589.325
2024-02-12 09:00:00+02:00,100.98,2539.6749999999997
2024-02-12 10:00:00+02:00,93.7,2474.925
2024-02-12 11:00:00+02:00,83.0,2387.55
2024-02-12 12:00:00+02:00,77.26,2107.875
2024-02-12 13:00:00+02:00,66.86,1867.9
2024-02-12 14:00:00+02:00,65.13,1851.8
2024-02-12 15:00:00+02:00,65.0,1970.225
2024-02-12 16:00:00+02:00,64.52,2285.45
2024-02-12 17:00:00+02:00,75.81,2616.775
2024-02-12 18:00:00+02:00,90.99,2834.0
2024-02-12 19:00:00+02:00,93.02,3072.425
2024-02-12 20:00:00+02:00,86.32,3206.075
2024-02-12 21:00:00+02:00,76.53,3379.65
2024-02-12 22:00:00+02:00,67.94,3618.25
2024-02-12 23:00:00+02:00,63.75,3821.025
2024-02-13 00:00:00+02:00,57.32,4109.25
2024-02-13 01:00:00+02:00,48.93,4309.9
2024-02-13 02:00:00+02:00,48.16,4390.325
2024-02-13 03:00:00+02:00,45.52,4589.3
2024-02-13 04:00:00+02:00,43.89,4875.425
2024-02-13 05:00:00+02:00,44.14,5247.05
2024-02-13 06:00:00+02:00,49.07,5436.175
2024-02-13 07:00:00+02:00,48.22,5550.775
2024-02-13 08:00:00+02:00,48.37,5617.05
2024-02-13 09:00:00+02:00,48.55,5533.275
2024-02-13 10:00:00+02:00,49.0,5335.9
2024-02-13 11:00:00+02:00,49.67,4965.375
2024-02-13 12:00:00+02:00,50.42,4653.275
2024-02-13 13:00:00+02:00,51.11,4668.6
2024-02-13 14:00:00+02:00,49.67,4862.15
2024-02-13 15:00:00+02:00,48.71,5308.55
2024-02-13 16:00:00+02:00,48.44,5641.875
2024-02-13 17:00:00+02:00,49.0,5707.225
2024-02-13 18:00:00+02:00,49.2,5525.025
2024-02-13 19:00:00+02:00,49.35,5449.175
2024-02-13 20:00:00+02:00,49.35,5489.05
2024-02-13 21:00:00+02:00,48.69,5553.6
2024-02-13 22:00:00+02:00,49.1,5569.725
2024-02-13 23:00:00+02:00,48.09,5564.775
2024-02-14 00:00:00+02:00,35.24,5524.325
2024-02-14 01:00:00+02:00,24.79,5471.875
2024-02-14 02:00:00+02:00,20.53,5341.35
2024-02-14 03:00:00+02:00,20.3,5221.05
2024-02-14 04:00:00+02:00,24.0,5097.5
2024-02-14 05:00:00+02:00,32.41,4979.125
2024-02-14 06:00:00+02:00,35.78,4867.525
2024-02-14 07:00:00+02:00,46.85,4657.7
2024-02-14 08:00:00+02:00,49.09,4445.7
2024-02-14 09:00:00+02:00,49.95,4107.15
2024-02-14 10:00:00+02:00,50.0,3741.75
2024-02-14 11:00:00+02:00,50.08,3298.45
2024-02-14 12:00:00+02:00,51.37,2988.1
2024-02-14 13:00:00+02:00,51.27,2847.9
2024-02-14 14:00:00+02:00,50.88,2763.475
2024-02-14 15:00:00+02:00,49.99,2771.325
2024-02-14 16:00:00+02:00,49.38,2809.825
2024-02-14 17:00:00+02:00,50.08,2900.675
2024-02-14 18:00:00+02:00,49.67,3005.4
2024-02-14 19:00:00+02:00,49.07,2979.6
2024-02-14 20:00:00+02:00,48.53,2823.425
2024-02-14 21:00:00+02:00,48.79,2609.9
2024-02-14 22:00:00+02:00,49.93,2440.875
2024-02-14 23:00:00+02:00,48.77,2302.9
2024-02-15 00:00:00+02:00,45.47,2119.5
2024-02-15 01:00:00+02:00,46.67,1979.475
2024-02-15 02:00:00+02:00,46.35,1915.875
2024-02-15 03:00:00+02:00,47.17,1772.4
2024-02-15 04:00:00+02:00,48.0,1676.025
2024-02-15 05:00:00+02:00,48.59,1573.15
2024-02-15 06:00:00+02:00,49.42,1477.075
2024-02-15 07:00:00+02:00,60.01,1417.325
2024-02-15 08:00:00+02:00,65.01,1346.65
2024-02-15 09:00:00+02:00,65.88,1258.225
2024-02-15 10:00:00+02:00,76.17,1093.75
2024-02-15 11:00:00+02:00,72.03,939.58
2024-02-15 12:00:00+02:00,67.79,765.4
2024-02-15 13:00:00+02:00,64.84,730.375
2024-02-15 14:00:00+02:00,64.41,725.0875
2024-02-15 15:00:00+02:00,67.75,800.5475
2024-02-15 16:00:00+02:00,72.88,889.68
2024-02-15 17:00:00+02:00,76.45,1040.4725
2024-02-15 18:00:00+02:00,82.01,1084.4
2024-02-15 19:00:00+02:00,82.01,1020.275
2024-02-15 20:00:00+02:00,69.97,973.9025
2024-02-15 21:00:00+02:00,64.06,924.0825
2024-02-15 22:00:00+02:00,55.45,931.3075
2024-02-15 23:00:00+02:00,51.74,876.5525
2024-02-16 00:00:00+02:00,48.38,845.735
2024-02-16 01:00:00+02:00,38.19,753.76
2024-02-16 02:00:00+02:00,34.56,666.2525
2024-02-16 03:00:00+02:00,32.5,635.3075
2024-02-16 04:00:00+02:00,30.16,677.495
2024-02-16 05:00:00+02:00,29.89,812.5225
2024-02-16 06:00:00+02:00,32.84,953.845
2024-02-16 07:00:00+02:00,35.81,1133.55
2024-02-16 08:00:00+02:00,39.07,1444.05
2024-02-16 09:00:00+02:00,38.89,1859.35
2024-02-16 10:00:00+02:00,38.08,2230.475
2024-02-16 11:00:00+02:00,35.69,2523.725
2024-02-16 12:00:00+02:00,35.21,2905.725
2024-02-16 13:00:00+02:00,36.14,3434.8999999999996
2024-02-16 14:00:00+02:00,32.99,3768.425
2024-02-16 15:00:00+02:00,32.35,4001.325
2024-02-16 16:00:00+02:00,31.29,4242.225
2024-02-16 17:00:00+02:00,33.95,4385.125
2024-02-16 18:00:00+02:00,34.83,4471.375
2024-02-16 19:00:00+02:00,30.0,4389.475
2024-02-16 20:00:00+02:00,29.99,3996.325
2024-02-16 21:00:00+02:00,26.36,3431.8
2024-02-16 22:00:00+02:00,25.51,2800.25
2024-02-16 23:00:00+02:00,24.43,2218.975
2024-02-17 00:00:00+02:00,19.56,1824.475
2024-02-17 01:00:00+02:00,19.32,1450.85
2024-02-17 02:00:00+02:00,18.88,1204.175
2024-02-17 03:00:00+02:00,18.43,1027.0775
2024-02-17 04:00:00+02:00,13.22,1304.0
2024-02-17 05:00:00+02:00,11.16,1792.15
2024-02-17 06:00:00+02:00,9.99,2155.775
2024-02-17 07:00:00+02:00,11.11,2777.125
2024-02-17 08:00:00+02:00,17.23,3361.5
2024-02-17 09:00:00+02:00,19.78,3791.075
2024-02-17 10:00:00+02:00,21.43,4082.875
2024-02-17 11:00:00+02:00,20.78,4463.925
2024-02-17 12:00:00+02:00,16.91,4756.575
2024-02-17 13:00:00+02:00,13.2,4902.225
2024-02-17 14:00:00+02:00,12.22,5101.125
2024-02-17 15:00:00+02:00,13.0,5405.375
2024-02-17 16:00:00+02:00,19.33,5497.35
2024-02-17 17:00:00+02:00,23.51,5553.475
2024-02-17 18:00:00+02:00,26.33,5669.6
2024-02-17 19:00:00+02:00,26.41,5715.45
2024-02-17 20:00:00+02:00,25.86,5723.2
2024-02-17 21:00:00+02:00,25.69,5518.025
2024-02-17 22:00:00+02:00,26.21,5395.925
2024-02-17 23:00:00+02:00,25.41,5548.425
2024-02-18 00:00:00+02:00,24.56,5392.3
2024-02-18 01:00:00+02:00,13.64,5301.275
2024-02-18 02:00:00+02:00,13.71,5137.675
2024-02-18 03:00:00+02:00,24.89,4804.625
2024-02-18 04:00:00+02:00,28.42,4656.775
2024-02-18 05:00:00+02:00,33.38,4524.55
2024-02-18 06:00:00+02:00,34.94,4352.35
2024-02-18 07:00:00+02:00,37.99,4188.25
2024-02-18 08:00:00+02:00,39.61,3886.225
2024-02-18 09:00:00+02:00,41.75,3167.4
2024-02-18 10:00:00+02:00,43.03,2198.625
2024-02-18 11:00:00+02:00,40.45,1259.4225
2024-02-18 12:00:00+02:00,41.0,740.1725
2024-02-18 13:00:00+02:00,40.1,595.0
2024-02-18 14:00:00+02:00,39.88,695.64
2024-02-18 15:00:00+02:00,42.87,1137.3525
2024-02-18 16:00:00+02:00,46.66,1841.55
2024-02-18 17:00:00+02:00,46.12,2849.525
2024-02-18 18:00:00+02:00,46.77,3508.9
2024-02-18 19:00:00+02:00,46.05,3822.725
2024-02-18 20:00:00+02:00,43.14,3862.275
2024-02-18 21:00:00+02:00,40.36,3656.05
2024-02-18 22:00:00+02:00,43.14,3266.175
2024-02-18 23:00:00+02:00,44.73,2946.4
2024-02-19 00:00:00+02:00,43.69,2977.4
2024-02-19 01:00:00+02:00,42.94,2645.0
2024-02-19 02:00:00+02:00,42.46,2392.675
2024-02-19 03:00:00+02:00,44.21,2229.575
2024-02-19 04:00:00+02:00,43.91,1980.625
2024-02-19 05:00:00+02:00,44.92,1841.9
2024-02-19 06:00:00+02:00,51.57,1747.575
2024-02-19 07:00:00+02:00,64.99,1523.9
2024-02-19 08:00:00+02:00,79.09,1304.225
2024-02-19 09:00:00+02:00,83.84,1116.5
2024-02-19 10:00:00+02:00,75.03,889.0575
2024-02-19 11:00:00+02:00,78.78,731.4275
2024-02-19 12:00:00+02:00,80.53,726.7574999999999
2024-02-19 13:00:00+02:00,72.74,685.0074999999999
2024-02-19 14:00:00+02:00,68.38,692.1125
2024-02-19 15:00:00+02:00,64.38,699.0325
2024-02-19 16:00:00+02:00,66.6,731.5825
2024-02-19 17:00:00+02:00,69.79,838.11
2024-02-19 18:00:00+02:00,74.96,908.865
2024-02-19 19:00:00+02:00,94.81,1005.0500000000001
2024-02-19 20:00:00+02:00,77.66,1177.175
2024-02-19 21:00:00+02:00,60.76,1279.675
2024-02-19 22:00:00+02:00,56.15,1254.025
2024-02-19 23:00:00+02:00,53.47,1200.825
2024-02-20 00:00:00+02:00,52.7,1087.225
2024-02-20 01:00:00+02:00,46.97,1052.1
2024-02-20 02:00:00+02:00,44.95,1144.85
2024-02-20 03:00:00+02:00,43.04,1126.1000000000001
2024-02-20 04:00:00+02:00,42.27,1108.2
2024-02-20 05:00:00+02:00,43.23,1078.1
2024-02-20 06:00:00+02:00,52.35,969.4175
2024-02-20 07:00:00+02:00,59.93,900.225
2024-02-20 08:00:00+02:00,85.66,723.9175
2024-02-20 09:00:00+02:00,88.71,565.9375
2024-02-20 10:00:00+02:00,77.78,409.67
2024-02-20 11:00:00+02:00,80.22,283.8775
2024-02-20 12:00:00+02:00,93.01,207.1325
2024-02-20 13:00:00+02:00,90.13,173.0675
2024-02-20 14:00:00+02:00,83.05,165.33
2024-02-20 15:00:00+02:00,80.38,165.98250000000002
2024-02-20 16:00:00+02:00,75.04,202.0425
2024-02-20 17:00:00+02:00,91.09,186.725
2024-02-20 18:00:00+02:00,93.07,239.3325
2024-02-20 19:00:00+02:00,92.27,290.6425
2024-02-20 20:00:00+02:00,70.01,368.4975
2024-02-20 21:00:00+02:00,55.0,438.82
2024-02-20 22:00:00+02:00,53.65,557.9575
2024-02-20 23:00:00+02:00,41.9,590.56
2024-02-21 00:00:00+02:00,36.01,631.3325
2024-02-21 01:00:00+02:00,37.37,719.9625
2024-02-21 02:00:00+02:00,36.79,758.5725
2024-02-21 03:00:00+02:00,36.82,860.3275
2024-02-21 04:00:00+02:00,36.82,979.01
2024-02-21 05:00:00+02:00,37.95,1142.375
2024-02-21 06:00:00+02:00,39.02,1293.675
2024-02-21 07:00:00+02:00,42.74,1536.275
2024-02-21 08:00:00+02:00,53.39,1621.625
2024-02-21 09:00:00+02:00,55.3,1615.875
2024-02-21 10:00:00+02:00,56.18,1724.6
2024-02-21 11:00:00+02:00,55.56,1734.675
2024-02-21 12:00:00+02:00,55.35,1823.8
2024-02-21 13:00:00+02:00,51.74,1902.95
2024-02-21 14:00:00+02:00,49.99,1980.8
2024-02-21 15:00:00+02:00,51.62,2044.15
2024-02-21 16:00:00+02:00,50.64,2136.0750000000003
2024-02-21 17:00:00+02:00,52.82,2274.65
2024-02-21 18:00:00+02:00,55.74,2382.65
2024-02-21 19:00:00+02:00,54.85,2500.825
2024-02-21 20:00:00+02:00,52.68,2555.35
2024-02-21 21:00:00+02:00,46.03,2558.9
2024-02-21 22:00:00+02:00,41.14,2387.275
2024-02-21 23:00:00+02:00,39.37,2128.525
2024-02-22 00:00:00+02:00,34.38,1935.175
2024-02-22 01:00:00+02:00,30.98,1821.1499999999999
2024-02-22 02:00:00+02:00,27.42,1600.675
2024-02-22 03:00:00+02:00,27.07,1314.875
2024-02-22 04:00:00+02:00,27.95,1146.525
2024-02-22 05:00:00+02:00,33.57,1027.8025
2024-02-22 06:00:00+02:00,46.42,928.79
2024-02-22 07:00:00+02:00,58.17,985.8075
2024-02-22 08:00:00+02:00,56.96,1058.1750000000002
2024-02-22 09:00:00+02:00,64.99,1198.375
2024-02-22 10:00:00+02:00,64.99,1272.5749999999998
2024-02-22 11:00:00+02:00,59.97,1416.975
2024-02-22 12:00:00+02:00,64.99,1690.825
2024-02-22 13:00:00+02:00,52.3,2267.725
2024-02-22 14:00:00+02:00,35.32,2644.5249999999996
2024-02-22 15:00:00+02:00,34.94,2611.575
2024-02-22 16:00:00+02:00,34.45,3054.975
2024-02-22 17:00:00+02:00,34.12,3404.45
2024-02-22 18:00:00+02:00,34.14,3873.15
2024-02-22 19:00:00+02:00,33.82,4112.4
2024-02-22 20:00:00+02:00,31.24,4099.05
2024-02-22 21:00:00+02:00,30.02,4359.225
2024-02-22 22:00:00+02:00,24.44,4484.775
2024-02-22 23:00:00+02:00,12.06,4508.475
2024-02-23 00:00:00+02:00,1.95,4592.0
2024-02-23 01:00:00+02:00,1.6,4558.5
2024-02-23 02:00:00+02:00,1.04,4563.950000000001
2024-02-23 03:00:00+02:00,0.35,4555.25
2024-02-23 04:00:00+02:00,0.0,4232.925
2024-02-23 05:00:00+02:00,0.0,4335.85
2024-02-23 06:00:00+02:00,0.0,4488.7
2024-02-23 07:00:00+02:00,2.61,4508.825
2024-02-23 08:00:00+02:00,14.36,4555.45
2024-02-23 09:00:00+02:00,14.68,4779.75
2024-02-23 10:00:00+02:00,12.44,4681.75
2024-02-23 11:00:00+02:00,5.0,4724.9
2024-02-23 12:00:00+02:00,4.92,5091.075
2024-02-23 13:00:00+02:00,6.64,5380.375
2024-02-23 14:00:00+02:00,3.48,5615.825
2024-02-23 15:00:00+02:00,0.19,5752.55
2024-02-23 16:00:00+02:00,0.01,5921.925
2024-02-23 17:00:00+02:00,2.4,5998.925
2024-02-23 18:00:00+02:00,6.0,5964.725
2024-02-23 19:00:00+02:00,5.37,5940.275
2024-02-23 20:00:00+02:00,1.98,5968.225
2024-02-23 21:00:00+02:00,0.0,5801.775
2024-02-23 22:00:00+02:00,-0.09,5236.925
2024-02-23 23:00:00+02:00,-0.15,4707.15
2024-02-24 00:00:00+02:00,-0.98,4690.325
2024-02-24 01:00:00+02:00,0.0,5480.8
2024-02-24 02:00:00+02:00,0.0,5268.3
2024-02-24 03:00:00+02:00,0.01,5446.725
2024-02-24 04:00:00+02:00,3.42,5228.6
2024-02-24 05:00:00+02:00,6.45,5152.8
2024-02-24 06:00:00+02:00,14.18,5196.7
2024-02-24 07:00:00+02:00,15.32,5169.25
2024-02-24 08:00:00+02:00,18.34,5174.25
2024-02-24 09:00:00+02:00,20.4,5145.775
2024-02-24 10:00:00+02:00,24.41,5161.025
2024-02-24 11:00:00+02:00,27.32,4884.45
2024-02-24 12:00:00+02:00,28.52,4549.875
2024-02-24 13:00:00+02:00,30.09,4478.25
2024-02-24 14:00:00+02:00,30.45,4161.3
2024-02-24 15:00:00+02:00,31.04,3887.55
2024-02-24 16:00:00+02:00,33.43,3951.85
2024-02-24 17:00:00+02:00,34.62,3969.025
2024-02-24 18:00:00+02:00,36.14,3990.8999999999996
2024-02-24 19:00:00+02:00,39.97,3637.9
2024-02-24 20:00:00+02:00,42.95,3056.925
2024-02-24 21:00:00+02:00,38.6,2441.2
2024-02-24 22:00:00+02:00,41.87,1934.1750000000002
2024-02-24 23:00:00+02:00,40.54,1558.275
2024-02-25 00:00:00+02:00,36.58,1530.4
2024-02-25 01:00:00+02:00,33.35,1418.775
2024-02-25 02:00:00+02:00,33.51,1333.8
2024-02-25 03:00:00+02:00,31.74,1595.8
2024-02-25 04:00:00+02:00,31.27,1882.575
2024-02-25 05:00:00+02:00,30.88,2264.2
2024-02-25 06:00:00+02:00,30.51,2737.45
2024-02-25 07:00:00+02:00,30.72,3239.45
2024-02-25 08:00:00+02:00,30.87,3692.95
2024-02-25 09:00:00+02:00,33.76,4002.8
2024-02-25 10:00:00+02:00,35.08,4195.05
2024-02-25 11:00:00+02:00,35.2,4287.9
2024-02-25 12:00:00+02:00,34.17,4437.325
2024-02-25 13:00:00+02:00,30.41,4347.525
2024-02-25 14:00:00+02:00,30.11,4318.6
2024-02-25 15:00:00+02:00,30.02,4645.25
2024-02-25 16:00:00+02:00,29.99,4539.825
2024-02-25 17:00:00+02:00,31.5,5052.275
2024-02-25 18:00:00+02:00,31.67,5142.175
2024-02-25 19:00:00+02:00,31.44,5191.75
2024-02-25 20:00:00+02:00,30.8,5188.799999999999
2024-02-25 21:00:00+02:00,30.6,5098.475
2024-02-25 22:00:00+02:00,31.0,4915.675
2024-02-25 23:00:00+02:00,30.74,4857.525
2024-02-26 00:00:00+02:00,30.01,4596.425
2024-02-26 01:00:00+02:00,26.53,4171.2
2024-02-26 02:00:00+02:00,26.99,3933.45
2024-02-26 03:00:00+02:00,27.76,3792.1
2024-02-26 04:00:00+02:00,28.8,3525.625
2024-02-26 05:00:00+02:00,30.58,3308.025
2024-02-26 06:00:00+02:00,34.96,2948.025
2024-02-26 07:00:00+02:00,38.9,2869.1000000000004
2024-02-26 08:00:00+02:00,40.26,2969.3
2024-02-26 09:00:00+02:00,44.6,2725.625
2024-02-26 10:00:00+02:00,46.28,2323.975
2024-02-26 11:00:00+02:00,49.24,2156.55
2024-02-26 12:00:00+02:00,53.85,2032.275
2024-02-26 13:00:00+02:00,56.61,1944.4499999999998
2024-02-26 14:00:00+02:00,56.33,1721.725
2024-02-26 15:00:00+02:00,58.78,1566.45
2024-02-26 16:00:00+02:00,54.04,1451.55
2024-02-26 17:00:00+02:00,59.67,1463.525
2024-02-26 18:00:00+02:00,60.01,1652.75
2024-02-26 19:00:00+02:00,65.0,1672.025
2024-02-26 20:00:00+02:00,60.01,1463.575
2024-02-26 21:00:00+02:00,53.07,1375.45
2024-02-26 22:00:00+02:00,63.65,1090.31
2024-02-26 23:00:00+02:00,59.95,813.5225
2024-02-27 00:00:00+02:00,58.88,659.8025
2024-02-27 01:00:00+02:00,55.83,610.6775
2024-02-27 02:00:00+02:00,53.51,590.55
2024-02-27 03:00:00+02:00,49.92,592.2825
2024-02-27 04:00:00+02:00,50.83,582.75
2024-02-27 05:00:00+02:00,54.96,577.4125
2024-02-27 06:00:00+02:00,55.68,614.8824999999999
2024-02-27 07:00:00+02:00,91.37,611.2825
2024-02-27 08:00:00+02:00,96.23,623.15
2024-02-27 09:00:00+02:00,111.12,562.97
2024-02-27 10:00:00+02:00,104.08,524.0525
2024-02-27 11:00:00+02:00,93.39,479.97749999999996
2024-02-27 12:00:00+02:00,80.01,444.65
2024-02-27 13:00:00+02:00,90.33,384.7925
2024-02-27 14:00:00+02:00,59.16,384.85
2024-02-27 15:00:00+02:00,64.49,464.7275
2024-02-27 16:00:00+02:00,57.01,582.24
2024-02-27 17:00:00+02:00,59.25,1009.4975
2024-02-27 18:00:00+02:00,59.96,1738.45
2024-02-27 19:00:00+02:00,59.96,2490.075
2024-02-27 20:00:00+02:00,37.23,2720.025
2024-02-27 21:00:00+02:00,30.0,2527.2
2024-02-27 22:00:00+02:00,27.87,2221.15
2024-02-27 23:00:00+02:00,24.34,2203.85
2024-02-28 00:00:00+02:00,20.36,2296.875
2024-02-28 01:00:00+02:00,17.15,2250.375
2024-02-28 02:00:00+02:00,16.81,2346.85
2024-02-28 03:00:00+02:00,16.56,2508.25
2024-02-28 04:00:00+02:00,16.61,2556.7
2024-02-28 05:00:00+02:00,17.41,2732.1
2024-02-28 06:00:00+02:00,18.54,2940.675
2024-02-28 07:00:00+02:00,21.22,3104.7
2024-02-28 08:00:00+02:00,25.68,3259.4
2024-02-28 09:00:00+02:00,27.54,3377.675
2024-02-28 10:00:00+02:00,27.42,3544.575
2024-02-28 11:00:00+02:00,26.09,3705.475
2024-02-28 12:00:00+02:00,24.76,3868.4
2024-02-28 13:00:00+02:00,22.37,3994.15
2024-02-28 14:00:00+02:00,21.41,4131.725
2024-02-28 15:00:00+02:00,21.64,4239.85
2024-02-28 16:00:00+02:00,22.13,4231.625
2024-02-28 17:00:00+02:00,22.4,4321.675
2024-02-28 18:00:00+02:00,22.83,4461.4
2024-02-28 19:00:00+02:00,22.38,4436.6
2024-02-28 20:00:00+02:00,21.07,4366.65
2024-02-28 21:00:00+02:00,21.36,4152.35
2024-02-28 22:00:00+02:00,20.61,3997.8
2024-02-28 23:00:00+02:00,18.8,3814.275
2024-02-29 00:00:00+02:00,16.57,3563.05
2024-02-29 01:00:00+02:00,20.65,3389.825
2024-02-29 02:00:00+02:00,19.53,3017.5
2024-02-29 03:00:00+02:00,18.11,2879.1
2024-02-29 04:00:00+02:00,17.29,2996.65
2024-02-29 05:00:00+02:00,17.2,2897.5
2024-02-29 06:00:00+02:00,18.27,2827.7999999999997
2024-02-29 07:00:00+02:00,18.89,2899.875
2024-02-29 08:00:00+02:00,20.6,2923.65
2024-02-29 09:00:00+02:00,20.68,2987.725
2024-02-29 10:00:00+02:00,20.04,3055.15
2024-02-29 11:00:00+02:00,18.84,2993.7
2024-02-29 12:00:00+02:00,16.84,3210.4
2024-02-29 13:00:00+02:00,15.07,3465.7
2024-02-29 14:00:00+02:00,13.32,3784.75
2024-02-29 15:00:00+02:00,11.25,4079.6
2024-02-29 16:00:00+02:00,9.23,4660.8
2024-02-29 17:00:00+02:00,11.16,5117.65
2024-02-29 18:00:00+02:00,12.35,5451.05
2024-02-29 19:00:00+02:00,9.74,5671.025
2024-02-29 20:00:00+02:00,6.5,5747.425
2024-02-29 21:00:00+02:00,2.86,5839.9
2024-02-29 22:00:00+02:00,0.32,5877.225
2024-02-29 23:00:00+02:00,0.0,5630.675
2024-03-01 00:00:00+02:00,-0.02,5262.275
2024-03-01 01:00:00+02:00,0.0,5538.3
2024-03-01 02:00:00+02:00,0.0,5531.4
2024-03-01 03:00:00+02:00,0.0,5454.1
2024-03-01 04:00:00+02:00,0.0,5258.549999999999
2024-03-01 05:00:00+02:00,0.01,5250.55
2024-03-01 06:00:00+02:00,20.46,5068.25
2024-03-01 07:00:00+02:00,23.0,4952.35
2024-03-01 08:00:00+02:00,25.97,4822.6
2024-03-01 09:00:00+02:00,27.99,4593.8
2024-03-01 10:00:00+02:00,30.02,4334.925
2024-03-01 11:00:00+02:00,29.78,4144.05
2024-03-01 12:00:00+02:00,30.0,3967.325
2024-03-01 13:00:00+02:00,30.98,3857.575
2024-03-01 14:00:00+02:00,30.97,3812.4249999999997
2024-03-01 15:00:00+02:00,29.65,3819.3999999999996
2024-03-01 16:00:00+02:00,28.0,3928.925
2024-03-01 17:00:00+02:00,25.99,3936.125
2024-03-01 18:00:00+02:00,26.71,4123.875
2024-03-01 19:00:00+02:00,29.46,4326.025
2024-03-01 20:00:00+02:00,29.1,4298.4
2024-03-01 21:00:00+02:00,26.58,4330.075
2024-03-01 22:00:00+02:00,26.39,4178.575
2024-03-01 23:00:00+02:00,26.78,3938.0
2024-03-02 00:00:00+02:00,25.95,3547.825
2024-03-02 01:00:00+02:00,31.17,3239.575
2024-03-02 02:00:00+02:00,33.1,3085.875
2024-03-02 03:00:00+02:00,34.68,3244.975
2024-03-02 04:00:00+02:00,35.43,3110.525
2024-03-02 05:00:00+02:00,36.94,2787.625
2024-03-02 06:00:00+02:00,37.95,2509.4
2024-03-02 07:00:00+02:00,36.45,2473.5
2024-03-02 08:00:00+02:00,37.89,2247.3
2024-03-02 09:00:00+02:00,39.93,1976.225
2024-03-02 10:00:00+02:00,42.09,1728.2749999999999
2024-03-02 11:00:00+02:00,41.43,1488.725
2024-03-02 12:00:00+02:00,43.1,1281.3
2024-03-02 13:00:00+02:00,43.72,1278.3249999999998
2024-03-02 14:00:00+02:00,47.93,1251.55
2024-03-02 15:00:00+02:00,49.35,1237.05
2024-03-02 16:00:00+02:00,50.64,1449.725
2024-03-02 17:00:00+02:00,59.19,1476.475
2024-03-02 18:00:00+02:00,63.07,1485.3999999999999
2024-03-02 19:00:00+02:00,63.93,1591.5
2024-03-02 20:00:00+02:00,60.42,1532.5
2024-03-02 21:00:00+02:00,51.1,1457.175
2024-03-02 22:00:00+02:00,48.07,1158.385
2024-03-02 23:00:00+02:00,57.34,894.1975
2024-03-03 00:00:00+02:00,44.85,840.5525
2024-03-03 01:00:00+02:00,51.57,785.4675
2024-03-03 02:00:00+02:00,51.97,683.2025
2024-03-03 03:00:00+02:00,52.51,618.57
2024-03-03 04:00:00+02:00,53.49,572.3575
2024-03-03 05:00:00+02:00,53.71,469.01
2024-03-03 06:00:00+02:00,54.21,377.6775
2024-03-03 07:00:00+02:00,54.66,327.145
2024-03-03 08:00:00+02:00,55.51,270.96000000000004
2024-03-03 09:00:00+02:00,54.77,203.555
2024-03-03 10:00:00+02:00,66.25,139.575
2024-03-03 11:00:00+02:00,77.22,97.81
2024-03-03 12:00:00+02:00,77.33,60.55
2024-03-03 13:00:00+02:00,76.04,50.1325
2024-03-03 14:00:00+02:00,72.02,30.5175
2024-03-03 15:00:00+02:00,71.75,18.3925
2024-03-03 16:00:00+02:00,70.67,14.1325
2024-03-03 17:00:00+02:00,68.02,28.375
2024-03-03 18:00:00+02:00,82.63,58.525000000000006
2024-03-03 19:00:00+02:00,85.06,105.8325
2024-03-03 20:00:00+02:00,86.96,99.1075
2024-03-03 21:00:00+02:00,77.09,89.1175
2024-03-03 22:00:00+02:00,86.85,89.925
2024-03-03 23:00:00+02:00,98.7,101.1475
2024-03-04 00:00:00+02:00,77.12,146.89249999999998
2024-03-04 01:00:00+02:00,101.07,172.43
2024-03-04 02:00:00+02:00,86.98,200.3575
2024-03-04 03:00:00+02:00,68.02,240.4975
2024-03-04 04:00:00+02:00,66.22,252.805
2024-03-04 05:00:00+02:00,68.07,394.605
2024-03-04 06:00:00+02:00,87.49,444.35249999999996
2024-03-04 07:00:00+02:00,101.05,544.7175
2024-03-04 08:00:00+02:00,114.09,649.49
2024-03-04 09:00:00+02:00,114.08,672.4375
2024-03-04 10:00:00+02:00,122.48,629.3775
2024-03-04 11:00:00+02:00,100.82,566.9675
2024-03-04 12:00:00+02:00,101.04,435.0275
2024-03-04 13:00:00+02:00,92.79,408.545
2024-03-04 14:00:00+02:00,87.04,364.7075
2024-03-04 15:00:00+02:00,83.65,365.735
2024-03-04 16:00:00+02:00,94.02,375.6675
2024-03-04 17:00:00+02:00,96.0,394.45
2024-03-04 18:00:00+02:00,97.27,426.4975
2024-03-04 19:00:00+02:00,105.18,574.755
2024-03-04 20:00:00+02:00,99.13,597.3025
2024-03-04 21:00:00+02:00,80.52,588.605
2024-03-04 22:00:00+02:00,83.76,593.365
2024-03-04 23:00:00+02:00,101.91,577.8149999999999
2024-03-05 00:00:00+02:00,91.28,479.015
2024-03-05 01:00:00+02:00,69.02,408.5025
2024-03-05 02:00:00+02:00,60.4,309.5725
2024-03-05 03:00:00+02:00,56.46,219.35999999999999
2024-03-05 04:00:00+02:00,56.36,197.3325
2024-03-05 05:00:00+02:00,67.29,237.78
2024-03-05 06:00:00+02:00,115.77,244.08249999999998
2024-03-05 07:00:00+02:00,110.24,216.55
2024-03-05 08:00:00+02:00,105.01,182.2
2024-03-05 09:00:00+02:00,115.01,170.025
2024-03-05 10:00:00+02:00,94.07,174.23250000000002
2024-03-05 11:00:00+02:00,94.9,169.3825
2024-03-05 12:00:00+02:00,75.48,171.7775
2024-03-05 13:00:00+02:00,85.01,226.0975
2024-03-05 14:00:00+02:00,75.01,244.345
2024-03-05 15:00:00+02:00,69.99,251.965
2024-03-05 16:00:00+02:00,80.68,263.2
2024-03-05 17:00:00+02:00,78.9,336.3725
2024-03-05 18:00:00+02:00,104.86,412.59000000000003
2024-03-05 19:00:00+02:00,110.63,451.94
2024-03-05 20:00:00+02:00,114.3,474.24
2024-03-05 21:00:00+02:00,94.29,542.025
2024-03-05 22:00:00+02:00,100.33,464.775
2024-03-05 23:00:00+02:00,101.5,378.995
2024-03-06 00:00:00+02:00,81.91,331.26
2024-03-06 01:00:00+02:00,64.02,416.5775
2024-03-06 02:00:00+02:00,62.77,579.6925
2024-03-06 03:00:00+02:00,62.17,676.4475
2024-03-06 04:00:00+02:00,62.74,643.4100000000001
2024-03-06 05:00:00+02:00,64.92,598.975
2024-03-06 06:00:00+02:00,84.36,562.8025
2024-03-06 07:00:00+02:00,99.5,484.9775
2024-03-06 08:00:00+02:00,114.99,358.575
2024-03-06 09:00:00+02:00,108.7,230.3975
2024-03-06 10:00:00+02:00,93.75,125.32249999999999
2024-03-06 11:00:00+02:00,73.39,42.91
2024-03-06 12:00:00+02:00,102.09,21.6675
2024-03-06 13:00:00+02:00,82.32,31.6
2024-03-06 14:00:00+02:00,72.96,60.650000000000006
2024-03-06 15:00:00+02:00,70.64,86.125
2024-03-06 16:00:00+02:00,75.44,81.7575
2024-03-06 17:00:00+02:00,84.31,114.66749999999999
2024-03-06 18:00:00+02:00,106.03,150.5
2024-03-06 19:00:00+02:00,119.25,167.905
2024-03-06 20:00:00+02:00,119.03,177.075
2024-03-06 21:00:00+02:00,92.95,144.1825
2024-03-06 22:00:00+02:00,80.13,129.5525
2024-03-06 23:00:00+02:00,77.98,98.4
2024-03-07 00:00:00+02:00,74.34,74.685
2024-03-07 01:00:00+02:00,73.33,77.2
2024-03-07 02:00:00+02:00,72.32,92.6575
2024-03-07 03:00:00+02:00,70.34,96.45
2024-03-07 04:00:00+02:00,68.71,98.4825
2024-03-07 05:00:00+02:00,69.89,109.95
2024-03-07 06:00:00+02:00,83.05,115.19
2024-03-07 07:00:00+02:00,130.03,105.425
2024-03-07 08:00:00+02:00,199.99,129.51
2024-03-07 09:00:00+02:00,142.99,143.1575
2024-03-07 10:00:00+02:00,82.39,172.025
2024-03-07 11:00:00+02:00,107.82,124.7275
2024-03-07 12:00:00+02:00,90.79,105.3
2024-03-07 13:00:00+02:00,87.19,123.8925
2024-03-07 14:00:00+02:00,74.29,154.89
2024-03-07 15:00:00+02:00,67.36,164.05
2024-03-07 16:00:00+02:00,81.11,183.4675
2024-03-07 17:00:00+02:00,96.98,174.175
2024-03-07 18:00:00+02:00,106.75,195.7075
2024-03-07 19:00:00+02:00,111.52,168.47750000000002
2024-03-07 20:00:00+02:00,101.08,181.24
2024-03-07 21:00:00+02:00,79.9,209.865
2024-03-07 22:00:00+02:00,85.79,218.8175
2024-03-07 23:00:00+02:00,79.89,201.735
2024-03-08 00:00:00+02:00,70.61,226.055
2024-03-08 01:00:00+02:00,66.81,272.35
2024-03-08 02:00:00+02:00,64.89,325.6825
2024-03-08 03:00:00+02:00,64.87,376.02250000000004
2024-03-08 04:00:00+02:00,64.01,371.81
2024-03-08 05:00:00+02:00,67.72,214.425
2024-03-08 06:00:00+02:00,79.15,282.93
2024-03-08 07:00:00+02:00,96.16,357.8325
2024-03-08 08:00:00+02:00,95.06,292.985
2024-03-08 09:00:00+02:00,113.16,186.995
2024-03-08 10:00:00+02:00,111.62,127.9025
2024-03-08 11:00:00+02:00,78.74,161.1225
2024-03-08 12:00:00+02:00,106.58,176.6975
2024-03-08 13:00:00+02:00,82.84,238.6975
2024-03-08 14:00:00+02:00,77.58,249.86
2024-03-08 15:00:00+02:00,73.11,286.3125
2024-03-08 16:00:00+02:00,69.66,328.8375
2024-03-08 17:00:00+02:00,80.0,326.525
2024-03-08 18:00:00+02:00,116.24,302.56
2024-03-08 19:00:00+02:00,119.86,285.46999999999997
2024-03-08 20:00:00+02:00,109.28,228.24
2024-03-08 21:00:00+02:00,68.89,188.11
2024-03-08 22:00:00+02:00,88.84,143.785
2024-03-08 23:00:00+02:00,82.19,118.0925
2024-03-09 00:00:00+02:00,75.84,97.945
2024-03-09 01:00:00+02:00,87.82,90.9
2024-03-09 02:00:00+02:00,75.26,119.7
2024-03-09 03:00:00+02:00,74.77,184.2975
2024-03-09 04:00:00+02:00,71.98,218.125
2024-03-09 05:00:00+02:00,73.37,274.5625
2024-03-09 06:00:00+02:00,85.45,421.82
2024-03-09 07:00:00+02:00,74.86,589.1850000000001
2024-03-09 08:00:00+02:00,69.57,599.99
2024-03-09 09:00:00+02:00,77.58,414.3425
2024-03-09 10:00:00+02:00,72.03,311.9925
2024-03-09 11:00:00+02:00,85.01,306.27750000000003
2024-03-09 12:00:00+02:00,79.98,357.1175
2024-03-09 13:00:00+02:00,79.02,428.865
2024-03-09 14:00:00+02:00,83.88,539.8874999999999
2024-03-09 15:00:00+02:00,74.54,609.6
2024-03-09 16:00:00+02:00,68.13,727.075
2024-03-09 17:00:00+02:00,65.72,870.495
2024-03-09 18:00:00+02:00,112.02,1101.04
2024-03-09 19:00:00+02:00,139.34,1210.575
2024-03-09 20:00:00+02:00,75.11,1243.125
2024-03-09 21:00:00+02:00,67.67,1341.3500000000001
2024-03-09 22:00:00+02:00,62.48,1265.375
2024-03-09 23:00:00+02:00,65.57,1160.4
2024-03-10 00:00:00+02:00,65.93,1054.15
2024-03-10 01:00:00+02:00,75.01,919.4200000000001
2024-03-10 02:00:00+02:00,71.62,826.9124999999999
2024-03-10 03:00:00+02:00,69.09,793.235
2024-03-10 04:00:00+02:00,69.05,763.835
2024-03-10 05:00:00+02:00,70.29,766.97
2024-03-10 06:00:00+02:00,85.48,791.99
2024-03-10 07:00:00+02:00,71.99,851.6425
2024-03-10 08:00:00+02:00,70.82,874.2825
2024-03-10 09:00:00+02:00,72.48,867.2175
2024-03-10 10:00:00+02:00,75.0,711.52
2024-03-10 11:00:00+02:00,87.28,533.5875
2024-03-10 12:00:00+02:00,75.0,541.9775
2024-03-10 13:00:00+02:00,69.25,652.8925
2024-03-10 14:00:00+02:00,63.78,721.835
2024-03-10 15:00:00+02:00,59.39,797.7574999999999
2024-03-10 16:00:00+02:00,59.91,902.47
2024-03-10 17:00:00+02:00,62.78,1190.725
2024-03-10 18:00:00+02:00,60.01,1730.7
2024-03-10 19:00:00+02:00,59.94,2188.95
2024-03-10 20:00:00+02:00,55.55,2472.8
2024-03-10 21:00:00+02:00,50.01,2476.975
2024-03-10 22:00:00+02:00,52.45,2538.2
2024-03-10 23:00:00+02:00,50.01,2530.15
2024-03-11 00:00:00+02:00,49.09,2451.975
2024-03-11 01:00:00+02:00,36.68,2385.575
2024-03-11 02:00:00+02:00,33.9,2345.6749999999997
2024-03-11 03:00:00+02:00,34.84,2305.0
2024-03-11 04:00:00+02:00,35.0,2195.425
2024-03-11 05:00:00+02:00,44.47,1908.1499999999999
2024-03-11 06:00:00+02:00,54.95,1646.95
2024-03-11 07:00:00+02:00,74.32,1459.625
2024-03-11 08:00:00+02:00,75.66,1145.15
2024-03-11 09:00:00+02:00,76.7,845.415
2024-03-11 10:00:00+02:00,77.0,706.8299999999999
2024-03-11 11:00:00+02:00,87.25,535.8299999999999
2024-03-11 12:00:00+02:00,79.06,462.0325
2024-03-11 13:00:00+02:00,68.37,442.63
2024-03-11 14:00:00+02:00,68.69,479.0975
2024-03-11 15:00:00+02:00,62.91,542.605
2024-03-11 16:00:00+02:00,63.88,557.1775
2024-03-11 17:00:00+02:00,79.02,545.04
2024-03-11 18:00:00+02:00,90.86,495.455
2024-03-11 19:00:00+02:00,100.42,455.64
2024-03-11 20:00:00+02:00,79.92,432.625
2024-03-11 21:00:00+02:00,75.03,492.27750000000003
2024-03-11 22:00:00+02:00,67.87,641.0025
2024-03-11 23:00:00+02:00,63.45,836.2425000000001
2024-03-12 00:00:00+02:00,59.95,1071.4975
2024-03-12 01:00:00+02:00,64.56,1207.975
2024-03-12 02:00:00+02:00,63.46,1272.75
2024-03-12 03:00:00+02:00,63.3,1309.175
2024-03-12 04:00:00+02:00,63.11,1296.95
2024-03-12 05:00:00+02:00,63.85,1214.475
2024-03-12 06:00:00+02:00,69.16,1183.875
2024-03-12 07:00:00+02:00,72.41,1323.375
2024-03-12 08:00:00+02:00,95.85,1560.925
2024-03-12 09:00:00+02:00,99.3,1724.6
2024-03-12 10:00:00+02:00,90.91,1466.6
2024-03-12 11:00:00+02:00,83.11,966.5550000000001
2024-03-12 12:00:00+02:00,78.18,829.8824999999999
2024-03-12 13:00:00+02:00,76.17,878.125
2024-03-12 14:00:00+02:00,73.67,902.3675000000001
2024-03-12 15:00:00+02:00,70.06,815.13
2024-03-12 16:00:00+02:00,69.01,662.3925
2024-03-12 17:00:00+02:00,69.0,741.1425
2024-03-12 18:00:00+02:00,75.38,1092.935
2024-03-12 19:00:00+02:00,82.33,1853.575
2024-03-12 20:00:00+02:00,99.13,2354.325
2024-03-12 21:00:00+02:00,71.09,2730.15
2024-03-12 22:00:00+02:00,71.41,2661.5
2024-03-12 23:00:00+02:00,68.27,2268.7
2024-03-13 00:00:00+02:00,63.15,1973.55
2024-03-13 01:00:00+02:00,58.86,1838.025
2024-03-13 02:00:00+02:00,57.34,1653.1
2024-03-13 03:00:00+02:00,56.68,1443.375
2024-03-13 04:00:00+02:00,56.18,1310.475
2024-03-13 05:00:00+02:00,56.49,1313.75
2024-03-13 06:00:00+02:00,61.04,1449.325
2024-03-13 07:00:00+02:00,72.78,1576.7
2024-03-13 08:00:00+02:00,73.05,1556.75
2024-03-13 09:00:00+02:00,89.8,1187.65
2024-03-13 10:00:00+02:00,142.6,729.43
2024-03-13 11:00:00+02:00,113.56,523.295
2024-03-13 12:00:00+02:00,91.1,404.53499999999997
2024-03-13 13:00:00+02:00,82.01,462.435
2024-03-13 14:00:00+02:00,80.91,538.9275
2024-03-13 15:00:00+02:00,92.47,549.315
2024-03-13 16:00:00+02:00,70.03,507.72
2024-03-13 17:00:00+02:00,70.07,564.9125
2024-03-13 18:00:00+02:00,111.37,644.5325
2024-03-13 19:00:00+02:00,70.07,762.16
2024-03-13 20:00:00+02:00,55.04,897.2075
2024-03-13 21:00:00+02:00,35.71,980.8199999999999
2024-03-13 22:00:00+02:00,30.89,1239.3
2024-03-13 23:00:00+02:00,25.91,1686.725
2024-03-14 00:00:00+02:00,12.5,1972.5
2024-03-14 01:00:00+02:00,26.21,2113.75
2024-03-14 02:00:00+02:00,20.98,2341.525
2024-03-14 03:00:00+02:00,19.02,2676.0
2024-03-14 04:00:00+02:00,12.95,3352.275
2024-03-14 05:00:00+02:00,14.26,4011.3
2024-03-14 06:00:00+02:00,19.94,4728.725
2024-03-14 07:00:00+02:00,26.87,5266.55
2024-03-14 08:00:00+02:00,30.37,5598.8
2024-03-14 09:00:00+02:00,30.49,5765.9
2024-03-14 10:00:00+02:00,30.13,5864.4
2024-03-14 11:00:00+02:00,30.34,5939.25
2024-03-14 12:00:00+02:00,30.63,6018.525
2024-03-14 13:00:00+02:00,29.97,6075.65
2024-03-14 14:00:00+02:00,29.04,5937.825
2024-03-14 15:00:00+02:00,27.45,5696.425
2024-03-14 16:00:00+02:00,24.94,5559.575
2024-03-14 17:00:00+02:00,22.35,5487.2
2024-03-14 18:00:00+02:00,20.94,5414.8
2024-03-14 19:00:00+02:00,23.26,5328.900000000001
2024-03-14 20:00:00+02:00,19.36,5207.9
2024-03-14 21:00:00+02:00,14.26,5097.775
2024-03-14 22:00:00+02:00,3.49,5119.625
2024-03-14 23:00:00+02:00,0.1,5022.275
2024-03-15 00:00:00+02:00,-0.09,4395.475
2024-03-15 01:00:00+02:00,-0.11,4369.8
2024-03-15 02:00:00+02:00,-0.11,4175.5
2024-03-15 03:00:00+02:00,-0.1,4259.075
2024-03-15 04:00:00+02:00,-0.06,4485.95
2024-03-15 05:00:00+02:00,0.01,4993.675
2024-03-15 06:00:00+02:00,13.4,5003.275
2024-03-15 07:00:00+02:00,27.25,4767.025
2024-03-15 08:00:00+02:00,35.37,4136.725
2024-03-15 09:00:00+02:00,39.51,3497.3
2024-03-15 10:00:00+02:00,42.09,2926.625
2024-03-15 11:00:00+02:00,44.97,2590.075
2024-03-15 12:00:00+02:00,39.18,2358.0
2024-03-15 13:00:00+02:00,38.34,2158.6
2024-03-15 14:00:00+02:00,37.95,1946.775
2024-03-15 15:00:00+02:00,43.85,1926.925
2024-03-15 16:00:00+02:00,50.31,1972.275
2024-03-15 17:00:00+02:00,51.85,2239.1
2024-03-15 18:00:00+02:00,55.61,2384.65
2024-03-15 19:00:00+02:00,56.79,2441.375
2024-03-15 20:00:00+02:00,52.2,2431.675
2024-03-15 21:00:00+02:00,48.92,2342.225
2024-03-15 22:00:00+02:00,43.94,2324.75
2024-03-15 23:00:00+02:00,40.0,1998.6
2024-03-16 00:00:00+02:00,38.22,1689.925
2024-03-16 01:00:00+02:00,38.05,1564.525
2024-03-16 02:00:00+02:00,38.09,1076.455
2024-03-16 03:00:00+02:00,36.68,1023.8199999999999
2024-03-16 04:00:00+02:00,35.62,1140.675
2024-03-16 05:00:00+02:00,34.9,1319.225
2024-03-16 06:00:00+02:00,34.26,1377.525
2024-03-16 07:00:00+02:00,34.28,1316.25
2024-03-16 08:00:00+02:00,35.57,1291.2
2024-03-16 09:00:00+02:00,37.08,1283.15
2024-03-16 10:00:00+02:00,38.89,1386.725
2024-03-16 11:00:00+02:00,39.19,1418.5
2024-03-16 12:00:00+02:00,38.89,1603.625
2024-03-16 13:00:00+02:00,35.82,1858.75
2024-03-16 14:00:00+02:00,21.9,2118.225
2024-03-16 15:00:00+02:00,12.99,2165.0
2024-03-16 16:00:00+02:00,29.0,2459.8
2024-03-16 17:00:00+02:00,34.22,2560.3
2024-03-16 18:00:00+02:00,38.22,2754.4
2024-03-16 19:00:00+02:00,37.92,3229.5
2024-03-16 20:00:00+02:00,33.16,3619.975
2024-03-16 21:00:00+02:00,29.69,3718.85
2024-03-16 22:00:00+02:00,28.88,3873.85
2024-03-16 23:00:00+02:00,25.37,4203.325
2024-03-17 00:00:00+02:00,17.03,4516.6
2024-03-17 01:00:00+02:00,26.4,4535.15
2024-03-17 02:00:00+02:00,27.51,4434.475
2024-03-17 03:00:00+02:00,29.11,4558.95
2024-03-17 04:00:00+02:00,30.3,4450.275
2024-03-17 05:00:00+02:00,35.05,4336.4
2024-03-17 06:00:00+02:00,38.47,4037.175
2024-03-17 07:00:00+02:00,41.29,3655.9
2024-03-17 08:00:00+02:00,49.2,3013.2
2024-03-17 09:00:00+02:00,49.48,2338.125
2024-03-17 10:00:00+02:00,47.15,1909.45
2024-03-17 11:00:00+02:00,45.4,1782.35
2024-03-17 12:00:00+02:00,45.91,1840.3
2024-03-17 13:00:00+02:00,41.81,1829.725
2024-03-17 14:00:00+02:00,40.15,1873.975
2024-03-17 15:00:00+02:00,46.91,1710.0
2024-03-17 16:00:00+02:00,54.32,1350.175
2024-03-17 17:00:00+02:00,57.46,1154.675
2024-03-17 18:00:00+02:00,73.18,1126.025
2024-03-17 19:00:00+02:00,92.04,1249.6
2024-03-17 20:00:00+02:00,85.56,1397.9750000000001
2024-03-17 21:00:00+02:00,61.02,1546.35
2024-03-17 22:00:00+02:00,57.73,1752.15
2024-03-17 23:00:00+02:00,55.4,2043.625
2024-03-18 00:00:00+02:00,45.43,2638.55
2024-03-18 01:00:00+02:00,54.52,3310.1000000000004
2024-03-18 02:00:00+02:00,41.15,3974.15
2024-03-18 03:00:00+02:00,39.9,4604.65
2024-03-18 04:00:00+02:00,39.05,5023.725
2024-03-18 05:00:00+02:00,39.5,5299.475
2024-03-18 06:00:00+02:00,41.26,5386.075
2024-03-18 07:00:00+02:00,43.2,5343.3
2024-03-18 08:00:00+02:00,47.74,4842.45
2024-03-18 09:00:00+02:00,91.43,3280.325
2024-03-18 10:00:00+02:00,78.47,2467.05
2024-03-18 11:00:00+02:00,69.93,2247.975
2024-03-18 12:00:00+02:00,63.15,2142.05
2024-03-18 13:00:00+02:00,61.12,1943.75
2024-03-18 14:00:00+02:00,58.97,1697.975
2024-03-18 15:00:00+02:00,57.75,1571.8249999999998
2024-03-18 16:00:00+02:00,57.58,1478.625
2024-03-18 17:00:00+02:00,57.74,1513.3
2024-03-18 18:00:00+02:00,66.1,2090.525
2024-03-18 19:00:00+02:00,74.46,2882.775
2024-03-18 20:00:00+02:00,60.24,3444.475
2024-03-18 21:00:00+02:00,48.02,3904.5
2024-03-18 22:00:00+02:00,47.66,4363.55
2024-03-18 23:00:00+02:00,46.58,4567.9
2024-03-19 00:00:00+02:00,44.31,4693.95
2024-03-19 01:00:00+02:00,42.4,4719.325
2024-03-19 02:00:00+02:00,43.08,4476.2
2024-03-19 03:00:00+02:00,44.67,4144.675
2024-03-19 04:00:00+02:00,45.99,3843.5249999999996
2024-03-19 05:00:00+02:00,48.24,3647.6
2024-03-19 06:00:00+02:00,54.95,3594.05
2024-03-19 07:00:00+02:00,59.09,3697.2749999999996
2024-03-19 08:00:00+02:00,91.04,3259.8
2024-03-19 09:00:00+02:00,95.87,2232.85
2024-03-19 10:00:00+02:00,72.02,1480.025
2024-03-19 11:00:00+02:00,64.15,1374.9
2024-03-19 12:00:00+02:00,57.41,1471.825
2024-03-19 13:00:00+02:00,54.47,1559.075
2024-03-19 14:00:00+02:00,54.96,1617.125
2024-03-19 15:00:00+02:00,56.24,1730.425
2024-03-19 16:00:00+02:00,58.27,1846.925
2024-03-19 17:00:00+02:00,62.37,2106.7
2024-03-19 18:00:00+02:00,68.7,2683.525
2024-03-19 19:00:00+02:00,66.24,3452.575
2024-03-19 20:00:00+02:00,59.16,3755.9
2024-03-19 21:00:00+02:00,45.19,3857.7749999999996
2024-03-19 22:00:00+02:00,49.38,3836.4500000000003
2024-03-19 23:00:00+02:00,45.93,3846.7999999999997
2024-03-20 00:00:00+02:00,42.57,3892.375
2024-03-20 01:00:00+02:00,46.05,3918.9
2024-03-20 02:00:00+02:00,45.94,3903.35
2024-03-20 03:00:00+02:00,46.62,3896.975
2024-03-20 04:00:00+02:00,47.75,3871.025
2024-03-20 05:00:00+02:00,50.15,3804.85
2024-03-20 06:00:00+02:00,50.18,3696.625
2024-03-20 07:00:00+02:00,59.73,3383.15
2024-03-20 08:00:00+02:00,111.95,2787.5
2024-03-20 09:00:00+02:00,95.97,2290.05
2024-03-20 10:00:00+02:00,68.92,1965.2
2024-03-20 11:00:00+02:00,65.21,1887.0
2024-03-20 12:00:00+02:00,63.82,2014.55
2024-03-20 13:00:00+02:00,59.96,2095.1000000000004
2024-03-20 14:00:00+02:00,61.97,2129.175
2024-03-20 15:00:00+02:00,62.81,2220.4
2024-03-20 16:00:00+02:00,68.13,2362.5
2024-03-20 17:00:00+02:00,73.52,2474.275
2024-03-20 18:00:00+02:00,74.01,2668.6
2024-03-20 19:00:00+02:00,69.97,2777.15
2024-03-20 20:00:00+02:00,87.21,2775.775
2024-03-20 21:00:00+02:00,65.02,2705.3
2024-03-20 22:00:00+02:00,61.19,2452.55
2024-03-20 23:00:00+02:00,59.31,2108.2
2024-03-21 00:00:00+02:00,58.09,1826.975
2024-03-21 01:00:00+02:00,59.41,1630.925
2024-03-21 02:00:00+02:00,58.83,1367.125
2024-03-21 03:00:00+02:00,58.02,1194.1
2024-03-21 04:00:00+02:00,58.55,1031.3175
2024-03-21 05:00:00+02:00,59.03,852.5875
2024-03-21 06:00:00+02:00,61.01,691.78
2024-03-21 07:00:00+02:00,81.0,512.055
2024-03-21 08:00:00+02:00,98.21,337.5725
2024-03-21 09:00:00+02:00,102.29,195.62
2024-03-21 10:00:00+02:00,80.0,117.22
2024-03-21 11:00:00+02:00,72.41,63.2425
2024-03-21 12:00:00+02:00,129.05,26.2775
2024-03-21 13:00:00+02:00,129.08,13.95
2024-03-21 14:00:00+02:00,133.05,11.567499999999999
2024-03-21 15:00:00+02:00,65.24,18.42
2024-03-21 16:00:00+02:00,65.01,13.0
2024-03-21 17:00:00+02:00,75.27,15.7175
2024-03-21 18:00:00+02:00,100.9,34.7
2024-03-21 19:00:00+02:00,127.13,58.6225
2024-03-21 20:00:00+02:00,120.69,114.8825
2024-03-21 21:00:00+02:00,81.91,164.8975
2024-03-21 22:00:00+02:00,66.46,317.63250000000005
2024-03-21 23:00:00+02:00,59.52,352.6325
2024-03-22 00:00:00+02:00,41.02,401.6925
2024-03-22 01:00:00+02:00,37.68,671.915
2024-03-22 02:00:00+02:00,34.26,842.7925
2024-03-22 03:00:00+02:00,32.24,938.7625
2024-03-22 04:00:00+02:00,28.92,1135.4
2024-03-22 05:00:00+02:00,31.92,1294.0
2024-03-22 06:00:00+02:00,36.94,1597.725
2024-03-22 07:00:00+02:00,42.32,1869.55
2024-03-22 08:00:00+02:00,48.05,2094.625
2024-03-22 09:00:00+02:00,53.23,2207.6
2024-03-22 10:00:00+02:00,54.97,2231.1749999999997
2024-03-22 11:00:00+02:00,51.28,2329.2
2024-03-22 12:00:00+02:00,48.8,2429.55
2024-03-22 13:00:00+02:00,48.6,2469.6
2024-03-22 14:00:00+02:00,50.26,2640.275
2024-03-22 15:00:00+02:00,48.75,2635.35
2024-03-22 16:00:00+02:00,49.81,2403.125
2024-03-22 17:00:00+02:00,53.42,2124.2
2024-03-22 18:00:00+02:00,58.03,1916.775
2024-03-22 19:00:00+02:00,59.51,1637.475
2024-03-22 20:00:00+02:00,59.73,1353.55
2024-03-22 21:00:00+02:00,54.03,1164.0
2024-03-22 22:00:00+02:00,50.64,987.2175
2024-03-22 23:00:00+02:00,49.48,911.3824999999999
2024-03-23 00:00:00+02:00,46.58,867.8125
2024-03-23 01:00:00+02:00,36.79,917.3725
2024-03-23 02:00:00+02:00,37.3,975.275
2024-03-23 03:00:00+02:00,36.91,1024.225
2024-03-23 04:00:00+02:00,37.91,1078.375
2024-03-23 05:00:00+02:00,38.03,1139.25
2024-03-23 06:00:00+02:00,38.11,1254.95
2024-03-23 07:00:00+02:00,41.95,1326.4
2024-03-23 08:00:00+02:00,43.48,1397.575
2024-03-23 09:00:00+02:00,37.72,1416.1999999999998
2024-03-23 10:00:00+02:00,23.93,1407.875
2024-03-23 11:00:00+02:00,11.6,1403.1
2024-03-23 12:00:00+02:00,10.4,1457.825
2024-03-23 13:00:00+02:00,10.35,1537.8000000000002
2024-03-23 14:00:00+02:00,14.52,1573.625
2024-03-23 15:00:00+02:00,23.96,1660.35
2024-03-23 16:00:00+02:00,29.28,1606.0
2024-03-23 17:00:00+02:00,38.37,1519.85
2024-03-23 18:00:00+02:00,48.29,1563.7
2024-03-23 19:00:00+02:00,54.89,1712.5
2024-03-23 20:00:00+02:00,58.64,1639.775
2024-03-23 21:00:00+02:00,51.81,1636.05
2024-03-23 22:00:00+02:00,46.97,1599.675
2024-03-23 23:00:00+02:00,40.28,1528.7
2024-03-24 00:00:00+02:00,31.22,1432.425
2024-03-24 01:00:00+02:00,36.26,1298.25
2024-03-24 02:00:00+02:00,33.87,1251.175
2024-03-24 03:00:00+02:00,33.37,1226.15
2024-03-24 04:00:00+02:00,33.54,1190.825
2024-03-24 05:00:00+02:00,35.16,1196.225
2024-03-24 06:00:00+02:00,36.34,1105.625
2024-03-24 07:00:00+02:00,33.17,1022.875
2024-03-24 08:00:00+02:00,37.23,881.5875
2024-03-24 09:00:00+02:00,41.92,660.1925
2024-03-24 10:00:00+02:00,45.09,485.86
2024-03-24 11:00:00+02:00,46.25,369.125
2024-03-24 12:00:00+02:00,48.23,375.29
2024-03-24 13:00:00+02:00,49.63,413.345
2024-03-24 14:00:00+02:00,49.24,483.4175
2024-03-24 15:00:00+02:00,49.53,443.8175
2024-03-24 16:00:00+02:00,51.23,427.38
2024-03-24 17:00:00+02:00,54.9,470.355
2024-03-24 18:00:00+02:00,59.4,646.12
2024-03-24 19:00:00+02:00,75.0,736.8975
2024-03-24 20:00:00+02:00,74.9,770.1675
2024-03-24 21:00:00+02:00,66.9,720.8375
2024-03-24 22:00:00+02:00,64.77,714.835
2024-03-24 23:00:00+02:00,64.27,709.5
2024-03-25 00:00:00+02:00,62.2,721.9975
2024-03-25 01:00:00+02:00,62.51,706.4975000000001
2024-03-25 02:00:00+02:00,62.29,601.655
2024-03-25 03:00:00+02:00,61.97,533.775
2024-03-25 04:00:00+02:00,63.95,465.0175
2024-03-25 05:00:00+02:00,66.96,393.01
2024-03-25 06:00:00+02:00,77.14,339.5025
2024-03-25 07:00:00+02:00,88.43,267.6875
2024-03-25 08:00:00+02:00,157.78,138.535
2024-03-25 09:00:00+02:00,140.1,72.2
2024-03-25 10:00:00+02:00,97.99,55.6275
2024-03-25 11:00:00+02:00,80.05,59.6975
2024-03-25 12:00:00+02:00,80.14,92.39
2024-03-25 13:00:00+02:00,79.07,113.2325
2024-03-25 14:00:00+02:00,75.35,111.5
2024-03-25 15:00:00+02:00,74.06,106.7775
2024-03-25 16:00:00+02:00,73.97,76.35
2024-03-25 17:00:00+02:00,81.05,50.1925
2024-03-25 18:00:00+02:00,111.88,34.575
2024-03-25 19:00:00+02:00,172.15,58.75
2024-03-25 20:00:00+02:00,149.75,73.5
2024-03-25 21:00:00+02:00,100.27,65.65
2024-03-25 22:00:00+02:00,82.39,63.9925
2024-03-25 23:00:00+02:00,79.56,54.35
2024-03-26 00:00:00+02:00,74.74,42.707499999999996
2024-03-26 01:00:00+02:00,72.15,18.2
2024-03-26 02:00:00+02:00,70.15,5.05
2024-03-26 03:00:00+02:00,67.26,0.0
2024-03-26 04:00:00+02:00,66.35,0.0
2024-03-26 05:00:00+02:00,79.79,0.0
2024-03-26 06:00:00+02:00,98.01,0.0
2024-03-26 07:00:00+02:00,92.35,2.5
2024-03-26 08:00:00+02:00,139.28,17.3175
2024-03-26 09:00:00+02:00,141.24,1.2325
2024-03-26 10:00:00+02:00,98.05,0.0
2024-03-26 11:00:00+02:00,87.07,0.0
2024-03-26 12:00:00+02:00,87.05,0.0
2024-03-26 13:00:00+02:00,79.9,0.0
2024-03-26 14:00:00+02:00,79.8,0.0
2024-03-26 15:00:00+02:00,87.02,0.0
2024-03-26 16:00:00+02:00,98.01,0.0
2024-03-26 17:00:00+02:00,105.95,0.6425
2024-03-26 18:00:00+02:00,135.19,63.3875
2024-03-26 19:00:00+02:00,135.45,249.9425
2024-03-26 20:00:00+02:00,74.02,547.3050000000001
2024-03-26 21:00:00+02:00,58.36,1002.56
2024-03-26 22:00:00+02:00,58.01,1334.0749999999998
2024-03-26 23:00:00+02:00,56.65,1688.725
2024-03-27 00:00:00+02:00,55.17,1844.9
2024-03-27 01:00:00+02:00,50.55,1933.5
2024-03-27 02:00:00+02:00,48.42,2026.3
2024-03-27 03:00:00+02:00,46.48,2105.675
2024-03-27 04:00:00+02:00,46.46,2317.725
2024-03-27 05:00:00+02:00,46.97,2665.775
2024-03-27 06:00:00+02:00,47.69,2928.8
2024-03-27 07:00:00+02:00,48.99,3111.675
2024-03-27 08:00:00+02:00,53.57,2941.55
2024-03-27 09:00:00+02:00,59.72,2015.875
2024-03-27 10:00:00+02:00,54.71,1444.125
2024-03-27 11:00:00+02:00,49.55,1507.4
2024-03-27 12:00:00+02:00,45.2,1620.325
2024-03-27 13:00:00+02:00,44.99,1818.925
2024-03-27 14:00:00+02:00,46.15,1910.975
2024-03-27 15:00:00+02:00,47.75,2033.2
2024-03-27 16:00:00+02:00,47.89,2110.025
2024-03-27 17:00:00+02:00,47.49,2242.05
2024-03-27 18:00:00+02:00,48.51,2652.925
2024-03-27 19:00:00+02:00,47.96,3192.725
2024-03-27 20:00:00+02:00,46.9,3534.375
2024-03-27 21:00:00+02:00,44.79,3485.15
2024-03-27 22:00:00+02:00,43.62,3335.55
2024-03-27 23:00:00+02:00,43.0,3370.4
2024-03-28 00:00:00+02:00,42.06,3209.625
2024-03-28 01:00:00+02:00,35.64,3098.825
2024-03-28 02:00:00+02:00,37.63,3185.35
2024-03-28 03:00:00+02:00,35.56,3215.7
2024-03-28 04:00:00+02:00,35.14,3181.775
2024-03-28 05:00:00+02:00,38.18,3138.525
2024-03-28 06:00:00+02:00,40.69,3074.6
2024-03-28 07:00:00+02:00,43.62,2910.775
2024-03-28 08:00:00+02:00,47.96,2327.425
2024-03-28 09:00:00+02:00,53.47,1550.575
2024-03-28 10:00:00+02:00,55.53,1135.275
2024-03-28 11:00:00+02:00,46.16,945.0925
2024-03-28 12:00:00+02:00,37.91,857.275
2024-03-28 13:00:00+02:00,32.91,833.865
2024-03-28 14:00:00+02:00,30.29,834.6600000000001
2024-03-28 15:00:00+02:00,29.47,699.73
2024-03-28 16:00:00+02:00,24.67,649.5875
2024-03-28 17:00:00+02:00,34.99,753.035
2024-03-28 18:00:00+02:00,44.33,1206.6025
2024-03-28 19:00:00+02:00,43.69,2010.75
2024-03-28 20:00:00+02:00,42.52,2528.15
2024-03-28 21:00:00+02:00,38.92,2484.95
2024-03-28 22:00:00+02:00,36.1,2088.95
2024-03-28 23:00:00+02:00,31.12,1731.0
2024-03-29 00:00:00+02:00,24.08,1514.625
2024-03-29 01:00:00+02:00,20.6,1473.025
2024-03-29 02:00:00+02:00,18.38,1822.525
2024-03-29 03:00:00+02:00,12.13,2094.45
2024-03-29 04:00:00+02:00,9.99,2424.55
2024-03-29 05:00:00+02:00,12.01,2730.7
2024-03-29 06:00:00+02:00,12.77,2706.05
2024-03-29 07:00:00+02:00,21.49,2724.0
2024-03-29 08:00:00+02:00,22.39,2477.825
2024-03-29 09:00:00+02:00,15.94,2288.45
2024-03-29 10:00:00+02:00,13.28,2146.9
2024-03-29 11:00:00+02:00,16.88,2026.25
2024-03-29 12:00:00+02:00,18.83,2134.375
2024-03-29 13:00:00+02:00,13.0,2217.375
2024-03-29 14:00:00+02:00,9.86,2397.7749999999996
2024-03-29 15:00:00+02:00,13.44,2532.525
2024-03-29 16:00:00+02:00,26.19,2740.2
2024-03-29 17:00:00+02:00,39.7,3022.5
2024-03-29 18:00:00+02:00,42.32,3334.7
2024-03-29 19:00:00+02:00,41.95,3356.75
2024-03-29 20:00:00+02:00,41.88,3287.8
2024-03-29 21:00:00+02:00,41.98,3281.275
2024-03-29 22:00:00+02:00,39.91,3316.0
2024-03-29 23:00:00+02:00,37.02,3429.6
2024-03-30 00:00:00+02:00,35.48,3499.375
2024-03-30 01:00:00+02:00,38.45,3451.85
2024-03-30 02:00:00+02:00,38.82,3443.575
2024-03-30 03:00:00+02:00,38.81,3386.575
2024-03-30 04:00:00+02:00,39.6,3146.575
2024-03-30 05:00:00+02:00,41.73,3041.175
2024-03-30 06:00:00+02:00,43.52,2910.65
2024-03-30 07:00:00+02:00,44.29,2622.45
2024-03-30 08:00:00+02:00,45.67,2315.75
2024-03-30 09:00:00+02:00,44.1,2069.375
2024-03-30 10:00:00+02:00,41.83,1828.925
2024-03-30 11:00:00+02:00,36.04,1764.775
2024-03-30 12:00:00+02:00,25.08,1969.475
2024-03-30 13:00:00+02:00,25.74,2044.9
2024-03-30 14:00:00+02:00,12.75,1971.525
2024-03-30 15:00:00+02:00,16.26,1914.75
2024-03-30 16:00:00+02:00,35.04,1885.225
2024-03-30 17:00:00+02:00,51.29,1800.3
2024-03-30 18:00:00+02:00,56.66,1835.9
2024-03-30 19:00:00+02:00,57.49,1579.85
2024-03-30 20:00:00+02:00,54.73,1518.7
2024-03-30 21:00:00+02:00,51.81,1599.1750000000002
2024-03-30 22:00:00+02:00,49.4,1474.275
2024-03-30 23:00:00+02:00,45.74,1423.7
2024-03-31 00:00:00+02:00,42.09,1498.425
2024-03-31 01:00:00+02:00,42.09,1344.35
2024-03-31 02:00:00+02:00,42.02,1106.95
2024-03-31 04:00:00+03:00,42.1,1016.11
2024-03-31 05:00:00+03:00,43.82,976.2275
2024-03-31 06:00:00+03:00,46.19,1065.4
2024-03-31 07:00:00+03:00,44.57,1117.85
2024-03-31 08:00:00+03:00,48.92,897.1275
2024-03-31 09:00:00+03:00,50.04,630.145
2024-03-31 10:00:00+03:00,49.31,538.9575
2024-03-31 11:00:00+03:00,42.04,481.0475
2024-03-31 12:00:00+03:00,35.37,502.8325
2024-03-31 13:00:00+03:00,35.46,471.4525
2024-03-31 14:00:00+03:00,33.1,482.4
2024-03-31 15:00:00+03:00,30.68,515.1274999999999
2024-03-31 16:00:00+03:00,32.6,731.84
2024-03-31 17:00:00+03:00,41.07,1158.4125
2024-03-31 18:00:00+03:00,52.66,1415.975
2024-03-31 19:00:00+03:00,57.62,1654.35
2024-03-31 20:00:00+03:00,58.05,1996.3
2024-03-31 21:00:00+03:00,50.83,2165.6
2024-03-31 22:00:00+03:00,50.09,2897.0
2024-03-31 23:00:00+03:00,46.28,3409.4
2024-04-01 00:00:00+03:00,43.98,3469.7
2024-04-01 01:00:00+03:00,40.41,3219.5
2024-04-01 02:00:00+03:00,40.39,2681.725
2024-04-01 03:00:00+03:00,40.01,2339.825
2024-04-01 04:00:00+03:00,37.49,2273.125
2024-04-01 05:00:00+03:00,36.49,2234.9
2024-04-01 06:00:00+03:00,36.49,1908.525
2024-04-01 07:00:00+03:00,36.88,1688.3
2024-04-01 08:00:00+03:00,40.25,1113.285
2024-04-01 09:00:00+03:00,42.37,776.2
2024-04-01 10:00:00+03:00,40.87,800.045
2024-04-01 11:00:00+03:00,37.49,1142.275
2024-04-01 12:00:00+03:00,30.39,1272.125
2024-04-01 13:00:00+03:00,18.04,1355.175
2024-04-01 14:00:00+03:00,20.05,1655.925
2024-04-01 15:00:00+03:00,10.03,1962.075
2024-04-01 16:00:00+03:00,4.47,2117.575
2024-04-01 17:00:00+03:00,4.12,2495.55
2024-04-01 18:00:00+03:00,13.15,2815.875
2024-04-01 19:00:00+03:00,33.91,3097.025
2024-04-01 20:00:00+03:00,36.54,3376.3
2024-04-01 21:00:00+03:00,32.14,3431.5
2024-04-01 22:00:00+03:00,28.09,3237.425
2024-04-01 23:00:00+03:00,4.16,3090.5
2024-04-02 00:00:00+03:00,0.33,3175.2
2024-04-02 01:00:00+03:00,5.54,3348.975
2024-04-02 02:00:00+03:00,1.28,3411.225
2024-04-02 03:00:00+03:00,0.6,3195.95
2024-04-02 04:00:00+03:00,0.84,3087.75
2024-04-02 05:00:00+03:00,1.51,3099.125
2024-04-02 06:00:00+03:00,7.01,3079.325
2024-04-02 07:00:00+03:00,39.89,2889.15
2024-04-02 08:00:00+03:00,50.89,2657.325
2024-04-02 09:00:00+03:00,56.05,2096.3
2024-04-02 10:00:00+03:00,46.82,1760.075
2024-04-02 11:00:00+03:00,38.29,1791.875
2024-04-02 12:00:00+03:00,39.3,1894.3
2024-04-02 13:00:00+03:00,39.28,2114.35
2024-04-02 14:00:00+03:00,38.37,2451.75
2024-04-02 15:00:00+03:00,33.38,2757.75
2024-04-02 16:00:00+03:00,25.1,3020.45
2024-04-02 17:00:00+03:00,8.83,3243.575
2024-04-02 18:00:00+03:00,41.2,3489.675
2024-04-02 19:00:00+03:00,48.08,3599.075
2024-04-02 20:00:00+03:00,45.65,3728.25
2024-04-02 21:00:00+03:00,42.9,3993.7749999999996
2024-04-02 22:00:00+03:00,39.16,4082.8
2024-04-02 23:00:00+03:00,25.7,4084.4
2024-04-03 00:00:00+03:00,1.66,4114.575
2024-04-03 01:00:00+03:00,25.28,4189.475
2024-04-03 02:00:00+03:00,20.63,4294.425
2024-04-03 03:00:00+03:00,16.95,4452.375
2024-04-03 04:00:00+03:00,12.99,4533.5
2024-04-03 05:00:00+03:00,26.84,4561.5
2024-04-03 06:00:00+03:00,34.98,4655.1
2024-04-03 07:00:00+03:00,39.95,4667.075
2024-04-03 08:00:00+03:00,46.09,4518.675
2024-04-03 09:00:00+03:00,49.82,4431.35
2024-04-03 10:00:00+03:00,52.06,4427.675
2024-04-03 11:00:00+03:00,50.6,4611.525
2024-04-03 12:00:00+03:00,48.6,4840.85
2024-04-03 13:00:00+03:00,49.75,5050.8
2024-04-03 14:00:00+03:00,48.87,5235.7
2024-04-03 15:00:00+03:00,48.41,5298.55
2024-04-03 16:00:00+03:00,49.62,5250.425
2024-04-03 17:00:00+03:00,53.95,5160.85
2024-04-03 18:00:00+03:00,56.97,4877.8
2024-04-03 19:00:00+03:00,59.32,4562.25
2024-04-03 20:00:00+03:00,57.39,4238.925
2024-04-03 21:00:00+03:00,54.28,4078.3999999999996
2024-04-03 22:00:00+03:00,58.46,3985.975
2024-04-03 23:00:00+03:00,57.67,3788.375
2024-04-04 00:00:00+03:00,55.33,3548.65
2024-04-04 01:00:00+03:00,54.52,3171.55
2024-04-04 02:00:00+03:00,52.01,2761.4
2024-04-04 03:00:00+03:00,50.17,2406.175
2024-04-04 04:00:00+03:00,51.57,1970.825
2024-04-04 05:00:00+03:00,51.94,1717.05
2024-04-04 06:00:00+03:00,54.08,1503.275
2024-04-04 07:00:00+03:00,76.93,1293.825
2024-04-04 08:00:00+03:00,249.9,906.4475
2024-04-04 09:00:00+03:00,249.96,341.9475
2024-04-04 10:00:00+03:00,79.99,344.9275
2024-04-04 11:00:00+03:00,75.0,427.145
2024-04-04 12:00:00+03:00,63.06,438.0525
2024-04-04 13:00:00+03:00,59.49,366.1
2024-04-04 14:00:00+03:00,58.53,392.3575
2024-04-04 15:00:00+03:00,60.06,445.9475
2024-04-04 16:00:00+03:00,74.99,441.17
2024-04-04 17:00:00+03:00,65.66,426.985
2024-04-04 18:00:00+03:00,70.08,443.2525
2024-04-04 19:00:00+03:00,97.51,423.8325
2024-04-04 20:00:00+03:00,87.85,543.3399999999999
2024-04-04 21:00:00+03:00,67.78,892.4425
2024-04-04 22:00:00+03:00,59.94,1184.0
2024-04-04 23:00:00+03:00,57.21,1518.55
2024-04-05 00:00:00+03:00,56.0,1821.6750000000002
2024-04-05 01:00:00+03:00,46.78,1852.55
2024-04-05 02:00:00+03:00,48.27,2094.475
2024-04-05 03:00:00+03:00,47.52,2287.225
2024-04-05 04:00:00+03:00,46.53,2576.65
2024-04-05 05:00:00+03:00,47.34,2753.05
2024-04-05 06:00:00+03:00,47.29,3030.225
2024-04-05 07:00:00+03:00,50.99,3164.8
2024-04-05 08:00:00+03:00,56.92,3263.0
2024-04-05 09:00:00+03:00,61.27,2697.05
2024-04-05 10:00:00+03:00,59.96,2275.975
2024-04-05 11:00:00+03:00,50.5,2222.9
2024-04-05 12:00:00+03:00,45.54,2592.875
2024-04-05 13:00:00+03:00,44.43,3076.75
2024-04-05 14:00:00+03:00,40.03,3716.425
2024-04-05 15:00:00+03:00,37.07,3677.725
2024-04-05 16:00:00+03:00,31.04,3510.075
2024-04-05 17:00:00+03:00,27.61,3150.275
2024-04-05 18:00:00+03:00,39.99,2885.675
2024-04-05 19:00:00+03:00,49.65,2659.15
2024-04-05 20:00:00+03:00,53.4,2210.7
2024-04-05 21:00:00+03:00,53.92,2005.3249999999998
2024-04-05 22:00:00+03:00,53.4,1667.325
2024-04-05 23:00:00+03:00,52.73,1355.1
2024-04-06 00:00:00+03:00,49.62,1138.775
2024-04-06 01:00:00+03:00,42.05,1065.175
2024-04-06 02:00:00+03:00,43.78,891.61
2024-04-06 03:00:00+03:00,44.0,673.1800000000001
2024-04-06 04:00:00+03:00,44.87,477.15
2024-04-06 05:00:00+03:00,47.51,293.3225
2024-04-06 06:00:00+03:00,48.25,188.5625
2024-04-06 07:00:00+03:00,49.94,108.9
2024-04-06 08:00:00+03:00,59.76,84.305
2024-04-06 09:00:00+03:00,58.71,37.8925
2024-04-06 10:00:00+03:00,48.25,27.66
2024-04-06 11:00:00+03:00,47.73,69.30499999999999
2024-04-06 12:00:00+03:00,39.99,250.335
2024-04-06 13:00:00+03:00,39.55,457.995
2024-04-06 14:00:00+03:00,37.84,609.99
2024-04-06 15:00:00+03:00,34.92,648.875
2024-04-06 16:00:00+03:00,39.21,630.23
2024-04-06 17:00:00+03:00,40.62,627.66
2024-04-06 18:00:00+03:00,60.09,560.2925
2024-04-06 19:00:00+03:00,62.86,516.5074999999999
2024-04-06 20:00:00+03:00,54.01,685.8075
2024-04-06 21:00:00+03:00,48.28,1142.885
2024-04-06 22:00:00+03:00,45.02,1366.475
2024-04-06 23:00:00+03:00,42.01,1422.6
2024-04-07 00:00:00+03:00,31.52,1569.475
2024-04-07 01:00:00+03:00,11.3,1645.275
2024-04-07 02:00:00+03:00,0.17,1783.075
2024-04-07 03:00:00+03:00,0.0,1768.975
2024-04-07 04:00:00+03:00,0.0,2178.0
2024-04-07 05:00:00+03:00,0.0,2477.15
2024-04-07 06:00:00+03:00,0.0,2630.7
2024-04-07 07:00:00+03:00,0.0,3092.35
2024-04-07 08:00:00+03:00,0.0,3257.925
2024-04-07 09:00:00+03:00,0.0,3231.575
2024-04-07 10:00:00+03:00,-0.01,2885.35
2024-04-07 11:00:00+03:00,-0.16,3281.675
2024-04-07 12:00:00+03:00,-3.01,2982.35
2024-04-07 13:00:00+03:00,-3.99,2821.7
2024-04-07 14:00:00+03:00,-6.55,2629.225
2024-04-07 15:00:00+03:00,-10.0,2495.95
2024-04-07 16:00:00+03:00,-5.04,2675.4
2024-04-07 17:00:00+03:00,-0.16,3226.925
2024-04-07 18:00:00+03:00,6.75,3602.125
2024-04-07 19:00:00+03:00,27.72,3801.35
2024-04-07 20:00:00+03:00,29.87,3925.375
2024-04-07 21:00:00+03:00,25.71,3914.25
2024-04-07 22:00:00+03:00,23.62,3955.575
2024-04-07 23:00:00+03:00,4.96,3914.05
2024-04-08 00:00:00+03:00,1.22,3896.425
2024-04-08 01:00:00+03:00,2.87,3906.05
2024-04-08 02:00:00+03:00,2.48,3771.475
2024-04-08 03:00:00+03:00,4.11,3718.075
2024-04-08 04:00:00+03:00,4.91,3792.875
2024-04-08 05:00:00+03:00,24.42,3804.1000000000004
2024-04-08 06:00:00+03:00,33.88,3497.125
2024-04-08 07:00:00+03:00,39.3,2972.825
2024-04-08 08:00:00+03:00,40.42,2407.475
2024-04-08 09:00:00+03:00,46.21,2141.25
2024-04-08 10:00:00+03:00,51.4,1836.575
2024-04-08 11:00:00+03:00,47.64,1901.1
2024-04-08 12:00:00+03:00,39.99,2013.475
2024-04-08 13:00:00+03:00,38.97,2404.325
2024-04-08 14:00:00+03:00,35.61,2875.825
2024-04-08 15:00:00+03:00,37.39,3017.6
2024-04-08 16:00:00+03:00,43.11,3298.825
2024-04-08 17:00:00+03:00,44.51,3296.975
2024-04-08 18:00:00+03:00,48.35,2883.175
2024-04-08 19:00:00+03:00,51.65,2327.55
2024-04-08 20:00:00+03:00,52.83,2261.6
2024-04-08 21:00:00+03:00,52.45,2299.075
2024-04-08 22:00:00+03:00,52.64,2112.225
2024-04-08 23:00:00+03:00,48.99,1813.75
2024-04-09 00:00:00+03:00,46.23,1590.35
2024-04-09 01:00:00+03:00,41.81,1557.625
2024-04-09 02:00:00+03:00,43.0,1273.25
2024-04-09 03:00:00+03:00,43.84,999.8199999999999
2024-04-09 04:00:00+03:00,45.65,774.7475
2024-04-09 05:00:00+03:00,49.36,686.24
2024-04-09 06:00:00+03:00,49.82,671.6125
2024-04-09 07:00:00+03:00,58.81,855.5074999999999
2024-04-09 08:00:00+03:00,85.93,839.9775000000001
2024-04-09 09:00:00+03:00,77.86,716.63
2024-04-09 10:00:00+03:00,65.78,491.6175
2024-04-09 11:00:00+03:00,54.14,325.625
2024-04-09 12:00:00+03:00,56.52,339.3825
2024-04-09 13:00:00+03:00,48.89,374.1
2024-04-09 14:00:00+03:00,42.03,409.4
2024-04-09 15:00:00+03:00,35.0,382.7075
2024-04-09 16:00:00+03:00,34.41,368.8175
2024-04-09 17:00:00+03:00,40.36,407.9525
2024-04-09 18:00:00+03:00,49.29,644.005
2024-04-09 19:00:00+03:00,50.6,825.8175
2024-04-09 20:00:00+03:00,45.96,1317.4499999999998
2024-04-09 21:00:00+03:00,39.87,1741.2
2024-04-09 22:00:00+03:00,38.08,2072.175
2024-04-09 23:00:00+03:00,32.89,2376.95
2024-04-10 00:00:00+03:00,4.99,2537.45
2024-04-10 01:00:00+03:00,7.01,2876.75
2024-04-10 02:00:00+03:00,4.1,3255.175
2024-04-10 03:00:00+03:00,0.86,3242.05
2024-04-10 04:00:00+03:00,0.0,3387.5750000000003
2024-04-10 05:00:00+03:00,-0.01,3217.075
2024-04-10 06:00:00+03:00,0.0,3691.675
2024-04-10 07:00:00+03:00,3.09,4426.025
2024-04-10 08:00:00+03:00,13.58,4601.475
2024-04-10 09:00:00+03:00,19.44,4895.8
2024-04-10 10:00:00+03:00,4.96,5115.0
2024-04-10 11:00:00+03:00,1.5,5143.125
2024-04-10 12:00:00+03:00,0.0,5176.675
2024-04-10 13:00:00+03:00,-0.09,4688.75
2024-04-10 14:00:00+03:00,-1.49,4183.75
2024-04-10 15:00:00+03:00,-2.02,3858.8999999999996
2024-04-10 16:00:00+03:00,-2.08,3819.55
2024-04-10 17:00:00+03:00,-2.09,4156.400000000001
2024-04-10 18:00:00+03:00,-1.91,4156.425
2024-04-10 19:00:00+03:00,-1.93,4239.75
2024-04-10 20:00:00+03:00,-1.9,4245.4
2024-04-10 21:00:00+03:00,-2.01,4290.925
2024-04-10 22:00:00+03:00,-2.27,4135.675
2024-04-10 23:00:00+03:00,-2.47,3824.95
2024-04-11 00:00:00+03:00,-3.09,3556.725
2024-04-11 01:00:00+03:00,-3.07,3760.275
2024-04-11 02:00:00+03:00,-3.07,3847.325
2024-04-11 03:00:00+03:00,-3.06,3895.1
2024-04-11 04:00:00+03:00,-3.0,4042.625
2024-04-11 05:00:00+03:00,-2.09,4363.65
2024-04-11 06:00:00+03:00,-1.07,4843.25
2024-04-11 07:00:00+03:00,-0.01,5403.275
2024-04-11 08:00:00+03:00,0.01,5753.45
2024-04-11 09:00:00+03:00,0.01,5643.125
2024-04-11 10:00:00+03:00,0.1,5419.0
2024-04-11 11:00:00+03:00,0.09,5081.15
2024-04-11 12:00:00+03:00,0.32,4884.425
2024-04-11 13:00:00+03:00,0.23,4993.075
2024-04-11 14:00:00+03:00,0.26,4871.7
2024-04-11 15:00:00+03:00,0.27,5068.425
2024-04-11 16:00:00+03:00,4.2,5177.75
2024-04-11 17:00:00+03:00,8.68,5248.200000000001
2024-04-11 18:00:00+03:00,22.29,4750.7
2024-04-11 19:00:00+03:00,25.6,4296.225
2024-04-11 20:00:00+03:00,25.39,3750.525
2024-04-11 21:00:00+03:00,21.0,3344.625
2024-04-11 22:00:00+03:00,18.82,3109.8
2024-04-11 23:00:00+03:00,4.94,2690.55
2024-04-12 00:00:00+03:00,3.46,2199.325
2024-04-12 01:00:00+03:00,4.16,2058.325
2024-04-12 02:00:00+03:00,4.15,2047.4499999999998
2024-04-12 03:00:00+03:00,4.37,2055.6
2024-04-12 04:00:00+03:00,4.93,2253.65
2024-04-12 05:00:00+03:00,15.56,2414.15
2024-04-12 06:00:00+03:00,27.51,2286.375
2024-04-12 07:00:00+03:00,39.52,1948.3
2024-04-12 08:00:00+03:00,47.21,1484.025
2024-04-12 09:00:00+03:00,64.09,1065.4825
2024-04-12 10:00:00+03:00,65.59,995.45
2024-04-12 11:00:00+03:00,42.16,1074.975
2024-04-12 12:00:00+03:00,32.24,1078.725
2024-04-12 13:00:00+03:00,42.07,944.25
2024-04-12 14:00:00+03:00,45.87,825.82
2024-04-12 15:00:00+03:00,40.97,719.7674999999999
2024-04-12 16:00:00+03:00,28.93,841.2975
2024-04-12 17:00:00+03:00,28.98,672.4875
2024-04-12 18:00:00+03:00,39.4,451.465
2024-04-12 19:00:00+03:00,45.26,726.9575
2024-04-12 20:00:00+03:00,30.86,1112.545
2024-04-12 21:00:00+03:00,23.39,1581.475
2024-04-12 22:00:00+03:00,19.17,2160.525
2024-04-12 23:00:00+03:00,14.87,2502.625
2024-04-13 00:00:00+03:00,4.92,2778.075
2024-04-13 01:00:00+03:00,0.95,2851.3500000000004
2024-04-13 02:00:00+03:00,0.81,2783.75
2024-04-13 03:00:00+03:00,1.0,2348.425
2024-04-13 04:00:00+03:00,2.98,2667.0
2024-04-13 05:00:00+03:00,4.1,3014.35
2024-04-13 06:00:00+03:00,10.01,2937.875
2024-04-13 07:00:00+03:00,9.99,2488.9
2024-04-13 08:00:00+03:00,16.67,1586.625
2024-04-13 09:00:00+03:00,22.47,1054.5675
2024-04-13 10:00:00+03:00,8.8,888.33
2024-04-13 11:00:00+03:00,0.21,866.225
2024-04-13 12:00:00+03:00,-0.03,1019.69
2024-04-13 13:00:00+03:00,0.0,1581.8999999999999
2024-04-13 14:00:00+03:00,-0.06,1635.2749999999999
2024-04-13 15:00:00+03:00,-0.21,1561.0
2024-04-13 16:00:00+03:00,-0.01,1516.475
2024-04-13 17:00:00+03:00,0.0,1691.25
2024-04-13 18:00:00+03:00,2.0,1632.575
2024-04-13 19:00:00+03:00,22.71,1579.95
2024-04-13 20:00:00+03:00,24.91,1524.775
2024-04-13 21:00:00+03:00,25.09,1567.8
2024-04-13 22:00:00+03:00,25.79,1608.575
2024-04-13 23:00:00+03:00,20.6,1243.15
2024-04-14 00:00:00+03:00,7.05,1184.875
2024-04-14 01:00:00+03:00,0.43,1202.625
2024-04-14 02:00:00+03:00,0.83,1126.425
2024-04-14 03:00:00+03:00,0.91,1063.825
2024-04-14 04:00:00+03:00,0.42,954.1725
2024-04-14 05:00:00+03:00,0.49,961.92
2024-04-14 06:00:00+03:00,2.91,991.6375
2024-04-14 07:00:00+03:00,12.55,956.9
2024-04-14 08:00:00+03:00,13.0,857.26
2024-04-14 09:00:00+03:00,16.17,702.8875
2024-04-14 10:00:00+03:00,25.72,404.23
2024-04-14 11:00:00+03:00,30.9,363.1725
2024-04-14 12:00:00+03:00,29.86,389.14
2024-04-14 13:00:00+03:00,22.33,389.69
2024-04-14 14:00:00+03:00,21.39,479.28
2024-04-14 15:00:00+03:00,26.54,583.6125
2024-04-14 16:00:00+03:00,26.86,808.46
2024-04-14 17:00:00+03:00,23.28,1149.7
2024-04-14 18:00:00+03:00,20.01,1227.425
2024-04-14 19:00:00+03:00,21.1,1176.675
2024-04-14 20:00:00+03:00,13.94,1627.075
2024-04-14 21:00:00+03:00,1.45,2440.575
2024-04-14 22:00:00+03:00,0.0,2809.625
2024-04-14 23:00:00+03:00,-0.05,2847.3999999999996
2024-04-15 00:00:00+03:00,-0.15,2796.7000000000003
2024-04-15 01:00:00+03:00,-1.73,2715.925
2024-04-15 02:00:00+03:00,-1.69,3038.175
2024-04-15 03:00:00+03:00,-0.58,3343.675
2024-04-15 04:00:00+03:00,-0.06,3696.45
2024-04-15 05:00:00+03:00,0.24,4186.5
2024-04-15 06:00:00+03:00,16.89,3941.35
2024-04-15 07:00:00+03:00,40.83,3334.075
2024-04-15 08:00:00+03:00,64.23,2247.05
2024-04-15 09:00:00+03:00,104.03,1708.975
2024-04-15 10:00:00+03:00,49.54,1738.8000000000002
2024-04-15 11:00:00+03:00,49.8,2143.675
2024-04-15 12:00:00+03:00,45.73,2594.05
2024-04-15 13:00:00+03:00,43.0,2707.3
2024-04-15 14:00:00+03:00,32.89,2545.8
2024-04-15 15:00:00+03:00,19.5,2510.15
2024-04-15 16:00:00+03:00,29.94,2524.875
2024-04-15 17:00:00+03:00,35.58,2447.975
2024-04-15 18:00:00+03:00,45.08,2395.05
2024-04-15 19:00:00+03:00,44.39,2232.475
2024-04-15 20:00:00+03:00,46.92,2023.75
2024-04-15 21:00:00+03:00,44.84,2200.75
2024-04-15 22:00:00+03:00,45.93,2277.575
2024-04-15 23:00:00+03:00,45.09,2291.4750000000004
2024-04-16 00:00:00+03:00,35.01,2241.175
2024-04-16 01:00:00+03:00,31.05,2190.25
2024-04-16 02:00:00+03:00,17.79,2128.65
2024-04-16 03:00:00+03:00,6.65,2015.5500000000002
2024-04-16 04:00:00+03:00,5.49,1837.975
2024-04-16 05:00:00+03:00,17.9,1715.5
2024-04-16 06:00:00+03:00,36.22,1631.075
2024-04-16 07:00:00+03:00,49.0,1380.275
2024-04-16 08:00:00+03:00,74.26,981.4375
2024-04-16 09:00:00+03:00,74.26,731.695
2024-04-16 10:00:00+03:00,64.81,667.7774999999999
2024-04-16 11:00:00+03:00,71.55,910.3249999999999
2024-04-16 12:00:00+03:00,55.01,1022.025
2024-04-16 13:00:00+03:00,43.3,1081.85
2024-04-16 14:00:00+03:00,42.37,1196.375
2024-04-16 15:00:00+03:00,43.21,1297.65
2024-04-16 16:00:00+03:00,48.53,1327.1
2024-04-16 17:00:00+03:00,51.67,1403.825
2024-04-16 18:00:00+03:00,55.0,1387.6
2024-04-16 19:00:00+03:00,92.92,1407.025
2024-04-16 20:00:00+03:00,113.99,1444.45
2024-04-16 21:00:00+03:00,108.4,1662.2
2024-04-16 22:00:00+03:00,60.0,1692.675
2024-04-16 23:00:00+03:00,54.24,1640.6
2024-04-17 00:00:00+03:00,52.35,1491.575
2024-04-17 01:00:00+03:00,57.36,1438.0
2024-04-17 02:00:00+03:00,56.11,1331.225
2024-04-17 03:00:00+03:00,55.66,1391.6
2024-04-17 04:00:00+03:00,55.45,1432.65
2024-04-17 05:00:00+03:00,55.69,1468.75
2024-04-17 06:00:00+03:00,58.82,1467.575
2024-04-17 07:00:00+03:00,109.39,1421.15
2024-04-17 08:00:00+03:00,165.89,1212.775
2024-04-17 09:00:00+03:00,151.45,1006.975
2024-04-17 10:00:00+03:00,100.96,945.94
2024-04-17 11:00:00+03:00,81.89,1001.46
2024-04-17 12:00:00+03:00,78.36,1050.125
2024-04-17 13:00:00+03:00,80.3,1145.8000000000002
2024-04-17 14:00:00+03:00,77.83,1273.4
2024-04-17 15:00:00+03:00,59.67,1282.65
2024-04-17 16:00:00+03:00,59.33,1397.075
2024-04-17 17:00:00+03:00,62.12,1481.1
2024-04-17 18:00:00+03:00,65.01,1457.35
2024-04-17 19:00:00+03:00,109.92,1383.2
2024-04-17 20:00:00+03:00,89.99,1408.65
2024-04-17 21:00:00+03:00,68.78,1685.225
2024-04-17 22:00:00+03:00,70.01,1862.45
2024-04-17 23:00:00+03:00,59.99,1827.4
2024-04-18 00:00:00+03:00,59.72,1866.1999999999998
2024-04-18 01:00:00+03:00,61.82,1746.925
2024-04-18 02:00:00+03:00,62.44,1619.825
2024-04-18 03:00:00+03:00,62.69,1443.85
2024-04-18 04:00:00+03:00,63.03,1358.65
2024-04-18 05:00:00+03:00,63.81,1298.425
2024-04-18 06:00:00+03:00,93.47,1281.075
2024-04-18 07:00:00+03:00,121.88,754.4775
2024-04-18 08:00:00+03:00,155.8,203.55
2024-04-18 09:00:00+03:00,131.19,161.32
2024-04-18 10:00:00+03:00,101.12,349.4725
2024-04-18 11:00:00+03:00,90.21,303.02750000000003
2024-04-18 12:00:00+03:00,83.87,246.6925
2024-04-18 13:00:00+03:00,80.64,260.7975
2024-04-18 14:00:00+03:00,77.2,280.2575
2024-04-18 15:00:00+03:00,73.01,317.4925
2024-04-18 16:00:00+03:00,70.7,407.1975
2024-04-18 17:00:00+03:00,72.04,450.8625
2024-04-18 18:00:00+03:00,81.33,536.4399999999999
2024-04-18 19:00:00+03:00,94.03,599.0275
2024-04-18 20:00:00+03:00,125.24,848.4975000000001
2024-04-18 21:00:00+03:00,128.83,1419.0
2024-04-18 22:00:00+03:00,105.92,2080.6499999999996
2024-04-18 23:00:00+03:00,63.98,2542.275
2024-04-19 00:00:00+03:00,61.09,2772.675
2024-04-19 01:00:00+03:00,49.18,2852.8
2024-04-19 02:00:00+03:00,52.11,2860.75
2024-04-19 03:00:00+03:00,50.53,2694.325
2024-04-19 04:00:00+03:00,48.25,2543.05
2024-04-19 05:00:00+03:00,47.97,2528.0
2024-04-19 06:00:00+03:00,49.08,2349.0
2024-04-19 07:00:00+03:00,60.12,1621.7
2024-04-19 08:00:00+03:00,109.38,1136.425
2024-04-19 09:00:00+03:00,95.07,1136.85
2024-04-19 10:00:00+03:00,81.26,1220.375
2024-04-19 11:00:00+03:00,61.27,1443.15
2024-04-19 12:00:00+03:00,57.28,1619.0249999999999
2024-04-19 13:00:00+03:00,52.16,1935.8
2024-04-19 14:00:00+03:00,48.67,2318.525
2024-04-19 15:00:00+03:00,46.38,2795.9
2024-04-19 16:00:00+03:00,47.31,3218.85
2024-04-19 17:00:00+03:00,50.91,3563.25
2024-04-19 18:00:00+03:00,56.95,3656.375
2024-04-19 19:00:00+03:00,60.04,3776.125
2024-04-19 20:00:00+03:00,59.36,3679.55
2024-04-19 21:00:00+03:00,52.16,3672.975
2024-04-19 22:00:00+03:00,49.72,3812.725
2024-04-19 23:00:00+03:00,45.62,3848.175
2024-04-20 00:00:00+03:00,42.06,3830.4
2024-04-20 01:00:00+03:00,39.92,3640.85
2024-04-20 02:00:00+03:00,38.66,3429.775
2024-04-20 03:00:00+03:00,37.51,3284.95
2024-04-20 04:00:00+03:00,35.57,3466.875
2024-04-20 05:00:00+03:00,32.13,3575.175
2024-04-20 06:00:00+03:00,25.26,3570.9
2024-04-20 07:00:00+03:00,25.45,3371.675
2024-04-20 08:00:00+03:00,35.79,3240.3
2024-04-20 09:00:00+03:00,39.71,3299.125
2024-04-20 10:00:00+03:00,41.26,3155.525
2024-04-20 11:00:00+03:00,42.07,2991.275
2024-04-20 12:00:00+03:00,38.43,2927.675
2024-04-20 13:00:00+03:00,28.97,2902.175
2024-04-20 14:00:00+03:00,12.33,2908.825
2024-04-20 15:00:00+03:00,10.55,2888.6
2024-04-20 16:00:00+03:00,18.33,2779.375
2024-04-20 17:00:00+03:00,37.41,2513.95
2024-04-20 18:00:00+03:00,43.19,2141.45
2024-04-20 19:00:00+03:00,47.31,1925.425
2024-04-20 20:00:00+03:00,62.42,1777.725
2024-04-20 21:00:00+03:00,63.22,1580.875
2024-04-20 22:00:00+03:00,63.32,1530.6
2024-04-20 23:00:00+03:00,62.92,1496.85
2024-04-21 00:00:00+03:00,48.39,1504.0
2024-04-21 01:00:00+03:00,54.71,1443.8
2024-04-21 02:00:00+03:00,56.82,1391.575
2024-04-21 03:00:00+03:00,58.1,1425.9250000000002
2024-04-21 04:00:00+03:00,59.7,1492.275
2024-04-21 05:00:00+03:00,60.93,1424.4
2024-04-21 06:00:00+03:00,61.49,1284.1
2024-04-21 07:00:00+03:00,61.04,908.9
2024-04-21 08:00:00+03:00,60.04,629.94
2024-04-21 09:00:00+03:00,60.88,793.51
2024-04-21 10:00:00+03:00,54.73,996.2375
2024-04-21 11:00:00+03:00,43.29,1070.6
2024-04-21 12:00:00+03:00,42.47,1187.3000000000002
2024-04-21 13:00:00+03:00,43.94,1300.425
2024-04-21 14:00:00+03:00,42.14,1516.4
2024-04-21 15:00:00+03:00,41.48,1491.5
2024-04-21 16:00:00+03:00,41.93,1458.475
2024-04-21 17:00:00+03:00,47.7,1453.55
2024-04-21 18:00:00+03:00,58.68,1287.175
2024-04-21 19:00:00+03:00,74.6,1056.4325000000001
2024-04-21 20:00:00+03:00,89.36,917.4675
2024-04-21 21:00:00+03:00,95.26,1022.4225
2024-04-21 22:00:00+03:00,91.07,1155.825
2024-04-21 23:00:00+03:00,84.63,1433.6999999999998
2024-04-22 00:00:00+03:00,72.7,1824.775
2024-04-22 01:00:00+03:00,77.08,1996.1750000000002
2024-04-22 02:00:00+03:00,69.99,2124.725
2024-04-22 03:00:00+03:00,64.55,2195.9
2024-04-22 04:00:00+03:00,64.38,2402.025
2024-04-22 05:00:00+03:00,69.51,2581.55
2024-04-22 06:00:00+03:00,85.4,2606.75
2024-04-22 07:00:00+03:00,82.67,1891.0
2024-04-22 08:00:00+03:00,130.79,1586.2
2024-04-22 09:00:00+03:00,117.46,2147.7
2024-04-22 10:00:00+03:00,97.05,2458.4
2024-04-22 11:00:00+03:00,81.86,2546.475
2024-04-22 12:00:00+03:00,81.24,2583.0750000000003
2024-04-22 13:00:00+03:00,77.05,2847.15
2024-04-22 14:00:00+03:00,71.76,3382.5
2024-04-22 15:00:00+03:00,66.39,3809.425
2024-04-22 16:00:00+03:00,66.11,4062.6
2024-04-22 17:00:00+03:00,62.57,4066.8
2024-04-22 18:00:00+03:00,58.39,3915.675
2024-04-22 19:00:00+03:00,57.96,3877.85
2024-04-22 20:00:00+03:00,56.17,3886.825
2024-04-22 21:00:00+03:00,48.92,3686.15
2024-04-22 22:00:00+03:00,45.77,3565.175
2024-04-22 23:00:00+03:00,40.48,3522.825
2024-04-23 00:00:00+03:00,36.12,3304.4
2024-04-23 01:00:00+03:00,57.43,2952.225
2024-04-23 02:00:00+03:00,54.84,2824.1
2024-04-23 03:00:00+03:00,46.43,2732.225
2024-04-23 04:00:00+03:00,39.97,2609.775
2024-04-23 05:00:00+03:00,47.85,2536.85
2024-04-23 06:00:00+03:00,52.35,2415.75
2024-04-23 07:00:00+03:00,54.35,2200.525
2024-04-23 08:00:00+03:00,56.42,2078.425
2024-04-23 09:00:00+03:00,60.26,1809.275
2024-04-23 10:00:00+03:00,60.6,1558.1
2024-04-23 11:00:00+03:00,58.88,1501.5
2024-04-23 12:00:00+03:00,59.97,1416.1
2024-04-23 13:00:00+03:00,57.0,1367.425
2024-04-23 14:00:00+03:00,63.99,1323.825
2024-04-23 15:00:00+03:00,78.62,1210.4
2024-04-23 16:00:00+03:00,80.02,1254.45
2024-04-23 17:00:00+03:00,83.02,1205.45
2024-04-23 18:00:00+03:00,89.97,1188.3
2024-04-23 19:00:00+03:00,102.4,1197.175
2024-04-23 20:00:00+03:00,123.01,1270.8
2024-04-23 21:00:00+03:00,100.01,1324.525
2024-04-23 22:00:00+03:00,99.97,1282.45
2024-04-23 23:00:00+03:00,71.96,1312.75
2024-04-24 00:00:00+03:00,65.93,1341.975
2024-04-24 01:00:00+03:00,79.84,1381.85
2024-04-24 02:00:00+03:00,76.1,1399.25
2024-04-24 03:00:00+03:00,75.31,1427.275
2024-04-24 04:00:00+03:00,73.07,1323.1
2024-04-24 05:00:00+03:00,76.04,1235.525
2024-04-24 06:00:00+03:00,81.83,1272.0749999999998
2024-04-24 07:00:00+03:00,101.66,1212.5
2024-04-24 08:00:00+03:00,131.32,1184.675
2024-04-24 09:00:00+03:00,129.23,1046.15
2024-04-24 10:00:00+03:00,112.85,950.4425
2024-04-24 11:00:00+03:00,101.88,796.2275
2024-04-24 12:00:00+03:00,99.97,743.4925
2024-04-24 13:00:00+03:00,85.62,711.8475
2024-04-24 14:00:00+03:00,83.48,771.99
2024-04-24 15:00:00+03:00,80.55,828.0375
2024-04-24 16:00:00+03:00,87.02,870.215
2024-04-24 17:00:00+03:00,104.75,916.3824999999999
2024-04-24 18:00:00+03:00,114.99,948.4549999999999
2024-04-24 19:00:00+03:00,104.04,1057.575
2024-04-24 20:00:00+03:00,135.2,1292.35
2024-04-24 21:00:00+03:00,143.44,1789.575
2024-04-24 22:00:00+03:00,114.99,1991.225
2024-04-24 23:00:00+03:00,87.69,1932.275
2024-04-25 00:00:00+03:00,86.08,1780.475
2024-04-25 01:00:00+03:00,83.5,1790.475
2024-04-25 02:00:00+03:00,80.0,1639.625
2024-04-25 03:00:00+03:00,77.37,1547.4
2024-04-25 04:00:00+03:00,76.05,1299.9
2024-04-25 05:00:00+03:00,75.24,1189.725
2024-04-25 06:00:00+03:00,84.02,1023.5799999999999
2024-04-25 07:00:00+03:00,102.44,933.87
2024-04-25 08:00:00+03:00,130.98,791.315
2024-04-25 09:00:00+03:00,117.76,620.9825000000001
2024-04-25 10:00:00+03:00,115.0,606.9525
2024-04-25 11:00:00+03:00,114.99,784.38
2024-04-25 12:00:00+03:00,88.29,938.025
2024-04-25 13:00:00+03:00,77.92,1034.15
2024-04-25 14:00:00+03:00,75.37,1088.7
2024-04-25 15:00:00+03:00,66.81,1219.1499999999999
2024-04-25 16:00:00+03:00,69.38,1501.05
2024-04-25 17:00:00+03:00,72.81,1690.6
2024-04-25 18:00:00+03:00,79.88,1857.75
2024-04-25 19:00:00+03:00,95.17,1545.225
2024-04-25 20:00:00+03:00,83.95,1566.2
2024-04-25 21:00:00+03:00,82.81,1801.575
2024-04-25 22:00:00+03:00,79.99,2278.975
2024-04-25 23:00:00+03:00,78.98,2248.15
2024-04-26 00:00:00+03:00,72.77,2109.5
2024-04-26 01:00:00+03:00,77.37,2089.875
2024-04-26 02:00:00+03:00,73.86,2100.5
2024-04-26 03:00:00+03:00,71.83,2179.725
2024-04-26 04:00:00+03:00,71.7,2318.375
2024-04-26 05:00:00+03:00,74.1,2264.65
2024-04-26 06:00:00+03:00,76.21,2170.875
2024-04-26 07:00:00+03:00,81.39,1736.3
2024-04-26 08:00:00+03:00,104.06,1334.925
2024-04-26 09:00:00+03:00,96.06,1294.25
2024-04-26 10:00:00+03:00,115.0,1300.525
2024-04-26 11:00:00+03:00,139.94,1212.55
2024-04-26 12:00:00+03:00,202.53,1122.525
2024-04-26 13:00:00+03:00,188.09,991.6324999999999
2024-04-26 14:00:00+03:00,68.74,876.4275
2024-04-26 15:00:00+03:00,65.37,813.295
2024-04-26 16:00:00+03:00,69.92,781.1525
2024-04-26 17:00:00+03:00,71.7,801.7149999999999
2024-04-26 18:00:00+03:00,80.51,723.5425
2024-04-26 19:00:00+03:00,93.88,719.5425
2024-04-26 20:00:00+03:00,128.61,749.325
2024-04-26 21:00:00+03:00,115.0,959.4675
2024-04-26 22:00:00+03:00,105.14,1122.85
2024-04-26 23:00:00+03:00,81.13,1142.15
2024-04-27 00:00:00+03:00,78.56,1225.6
2024-04-27 01:00:00+03:00,69.34,1319.75
2024-04-27 02:00:00+03:00,68.21,1389.375
2024-04-27 03:00:00+03:00,68.03,1368.675
2024-04-27 04:00:00+03:00,68.26,1397.825
2024-04-27 05:00:00+03:00,68.08,1440.275
2024-04-27 06:00:00+03:00,69.56,1485.125
2024-04-27 07:00:00+03:00,67.67,1386.875
2024-04-27 08:00:00+03:00,69.39,1228.625
2024-04-27 09:00:00+03:00,68.5,1089.05
2024-04-27 10:00:00+03:00,59.07,1010.45
2024-04-27 11:00:00+03:00,50.98,980.4575
2024-04-27 12:00:00+03:00,44.01,980.12
2024-04-27 13:00:00+03:00,43.42,953.2875
2024-04-27 14:00:00+03:00,42.64,828.5625
2024-04-27 15:00:00+03:00,43.05,668.5475
2024-04-27 16:00:00+03:00,45.12,460.19
2024-04-27 17:00:00+03:00,52.72,289.87
2024-04-27 18:00:00+03:00,62.36,172.5775
2024-04-27 19:00:00+03:00,86.0,169.165
2024-04-27 20:00:00+03:00,119.9,216.115
2024-04-27 21:00:00+03:00,112.27,322.7875
2024-04-27 22:00:00+03:00,85.0,470.5
2024-04-27 23:00:00+03:00,75.9,736.77
2024-04-28 00:00:00+03:00,65.23,858.575
2024-04-28 01:00:00+03:00,56.39,841.9525
2024-04-28 02:00:00+03:00,46.14,794.4725000000001
2024-04-28 03:00:00+03:00,39.6,828.15
2024-04-28 04:00:00+03:00,32.56,933.3375
2024-04-28 05:00:00+03:00,28.49,817.87
2024-04-28 06:00:00+03:00,26.82,704.1025
2024-04-28 07:00:00+03:00,15.12,457.5175
2024-04-28 08:00:00+03:00,25.76,276.21000000000004
2024-04-28 09:00:00+03:00,29.62,244.06
2024-04-28 10:00:00+03:00,32.34,260.0575
2024-04-28 11:00:00+03:00,33.67,307.34749999999997
2024-04-28 12:00:00+03:00,31.94,325.0875
2024-04-28 13:00:00+03:00,29.32,372.54499999999996
2024-04-28 14:00:00+03:00,27.2,438.975
2024-04-28 15:00:00+03:00,24.96,473.5075
2024-04-28 16:00:00+03:00,34.99,475.375
2024-04-28 17:00:00+03:00,79.39,402.805
2024-04-28 18:00:00+03:00,74.14,281.645
2024-04-28 19:00:00+03:00,75.59,191.785
2024-04-28 20:00:00+03:00,70.19,251.315
2024-04-28 21:00:00+03:00,81.05,327.4125
2024-04-28 22:00:00+03:00,76.67,547.9449999999999
2024-04-28 23:00:00+03:00,63.78,818.2575
2024-04-29 00:00:00+03:00,46.7,1000.5625
2024-04-29 01:00:00+03:00,41.1,1292.275
2024-04-29 02:00:00+03:00,39.44,1447.3000000000002
2024-04-29 03:00:00+03:00,38.04,1635.775
2024-04-29 04:00:00+03:00,37.44,1611.65
2024-04-29 05:00:00+03:00,38.05,1642.875
2024-04-29 06:00:00+03:00,39.91,1782.75
2024-04-29 07:00:00+03:00,59.99,1825.25
2024-04-29 08:00:00+03:00,79.99,1844.425
2024-04-29 09:00:00+03:00,95.77,1657.625
2024-04-29 10:00:00+03:00,62.63,1536.725
2024-04-29 11:00:00+03:00,51.87,1718.6750000000002
2024-04-29 12:00:00+03:00,34.32,2109.75
2024-04-29 13:00:00+03:00,31.39,2530.425
2024-04-29 14:00:00+03:00,25.32,2622.675
2024-04-29 15:00:00+03:00,25.17,2642.85
2024-04-29 16:00:00+03:00,32.65,2510.275
2024-04-29 17:00:00+03:00,35.29,3412.975
2024-04-29 18:00:00+03:00,37.65,3970.75
2024-04-29 19:00:00+03:00,42.0,3951.525
2024-04-29 20:00:00+03:00,43.55,3700.525
2024-04-29 21:00:00+03:00,43.1,3096.325
2024-04-29 22:00:00+03:00,43.03,2746.4
2024-04-29 23:00:00+03:00,40.86,2708.575
2024-04-30 00:00:00+03:00,38.46,2762.325
2024-04-30 01:00:00+03:00,30.92,3296.675
2024-04-30 02:00:00+03:00,31.09,3477.575
2024-04-30 03:00:00+03:00,33.07,3333.075
2024-04-30 04:00:00+03:00,35.75,3154.5
2024-04-30 05:00:00+03:00,38.62,2922.825
2024-04-30 06:00:00+03:00,44.58,2527.5
2024-04-30 07:00:00+03:00,51.82,1938.7
2024-04-30 08:00:00+03:00,60.03,1745.6
2024-04-30 09:00:00+03:00,84.45,1589.6
2024-04-30 10:00:00+03:00,62.66,1741.825
2024-04-30 11:00:00+03:00,52.54,1921.3
2024-04-30 12:00:00+03:00,43.91,1931.4
2024-04-30 13:00:00+03:00,31.25,1838.5
2024-04-30 14:00:00+03:00,24.1,1653.75
2024-04-30 15:00:00+03:00,14.99,1550.4
2024-04-30 16:00:00+03:00,25.32,1355.025
2024-04-30 17:00:00+03:00,45.58,1116.2
2024-04-30 18:00:00+03:00,66.61,805.115
2024-04-30 19:00:00+03:00,86.2,549.1975
2024-04-30 20:00:00+03:00,121.97,430.8175
2024-04-30 21:00:00+03:00,131.98,397.35
2024-04-30 22:00:00+03:00,88.36,418.4075
2024-04-30 23:00:00+03:00,78.02,438.08
2024-05-01 00:00:00+03:00,54.93,477.90749999999997
2024-05-01 01:00:00+03:00,38.0,496.39
2024-05-01 02:00:00+03:00,36.61,472.125
2024-05-01 03:00:00+03:00,35.82,489.4375
2024-05-01 04:00:00+03:00,35.1,443.0175
2024-05-01 05:00:00+03:00,35.59,403.68
2024-05-01 06:00:00+03:00,35.55,356.3
2024-05-01 07:00:00+03:00,38.29,250.2225
2024-05-01 08:00:00+03:00,36.45,129.1775
2024-05-01 09:00:00+03:00,30.33,68.66
2024-05-01 10:00:00+03:00,31.55,102.53
2024-05-01 11:00:00+03:00,38.19,161.755
2024-05-01 12:00:00+03:00,24.36,264.6425
2024-05-01 13:00:00+03:00,16.95,349.1525
2024-05-01 14:00:00+03:00,10.0,493.9625
2024-05-01 15:00:00+03:00,8.61,585.9100000000001
2024-05-01 16:00:00+03:00,15.01,606.33
2024-05-01 17:00:00+03:00,30.01,644.435
2024-05-01 18:00:00+03:00,39.15,551.4175
2024-05-01 19:00:00+03:00,36.57,485.1925
2024-05-01 20:00:00+03:00,53.71,473.35
2024-05-01 21:00:00+03:00,66.03,502.46000000000004
2024-05-01 22:00:00+03:00,40.01,510.1925
2024-05-01 23:00:00+03:00,32.89,499.8725
2024-05-02 00:00:00+03:00,42.08,497.515
2024-05-02 01:00:00+03:00,50.01,481.125
2024-05-02 02:00:00+03:00,38.06,480.36
2024-05-02 03:00:00+03:00,33.67,501.9225
2024-05-02 04:00:00+03:00,40.1,502.06
2024-05-02 05:00:00+03:00,49.19,508.475
2024-05-02 06:00:00+03:00,115.0,482.3075
2024-05-02 07:00:00+03:00,250.0,435.7425
2024-05-02 08:00:00+03:00,349.99,293.0525
2024-05-02 09:00:00+03:00,397.93,87.6075
2024-05-02 10:00:00+03:00,250.44,58.595
2024-05-02 11:00:00+03:00,249.99,61.2025
2024-05-02 12:00:00+03:00,114.99,102.545
2024-05-02 13:00:00+03:00,109.96,219.4875
2024-05-02 14:00:00+03:00,79.94,205.235
2024-05-02 15:00:00+03:00,61.81,208.29500000000002
2024-05-02 16:00:00+03:00,107.76,197.33
2024-05-02 17:00:00+03:00,109.95,271.365
2024-05-02 18:00:00+03:00,154.07,275.1675
2024-05-02 19:00:00+03:00,114.99,315.2025
2024-05-02 20:00:00+03:00,100.0,401.9475
2024-05-02 21:00:00+03:00,85.51,571.9425
2024-05-02 22:00:00+03:00,81.04,656.9725
2024-05-02 23:00:00+03:00,42.53,730.5799999999999
2024-05-03 00:00:00+03:00,33.93,786.1575
2024-05-03 01:00:00+03:00,29.78,791.4675
2024-05-03 02:00:00+03:00,29.35,733.0475
2024-05-03 03:00:00+03:00,29.96,640.505
2024-05-03 04:00:00+03:00,30.01,560.42
2024-05-03 05:00:00+03:00,30.44,507.09000000000003
2024-05-03 06:00:00+03:00,38.02,484.66
2024-05-03 07:00:00+03:00,68.01,343.15
2024-05-03 08:00:00+03:00,105.73,182.7225
2024-05-03 09:00:00+03:00,114.99,114.2025
2024-05-03 10:00:00+03:00,57.36,99.1325
2024-05-03 11:00:00+03:00,51.06,126.875
2024-05-03 12:00:00+03:00,48.92,171.08
2024-05-03 13:00:00+03:00,38.05,251.1525
2024-05-03 14:00:00+03:00,32.61,330.08
2024-05-03 15:00:00+03:00,34.24,369.6925
2024-05-03 16:00:00+03:00,38.43,425.38
2024-05-03 17:00:00+03:00,42.0,450.21000000000004
2024-05-03 18:00:00+03:00,42.07,414.4
2024-05-03 19:00:00+03:00,80.45,447.01
2024-05-03 20:00:00+03:00,97.0,641.9025
2024-05-03 21:00:00+03:00,39.76,947.94
2024-05-03 22:00:00+03:00,37.09,1437.8
2024-05-03 23:00:00+03:00,31.86,2173.175
2024-05-04 00:00:00+03:00,25.74,2504.15
2024-05-04 01:00:00+03:00,19.57,2535.7
2024-05-04 02:00:00+03:00,17.15,2595.0
2024-05-04 03:00:00+03:00,16.18,2525.65
2024-05-04 04:00:00+03:00,18.33,2165.0
2024-05-04 05:00:00+03:00,20.47,1759.15
2024-05-04 06:00:00+03:00,22.9,1483.85
2024-05-04 07:00:00+03:00,25.22,1107.1100000000001
2024-05-04 08:00:00+03:00,30.33,852.7525
2024-05-04 09:00:00+03:00,39.27,890.16
2024-05-04 10:00:00+03:00,38.09,1119.9
2024-05-04 11:00:00+03:00,36.5,1473.475
2024-05-04 12:00:00+03:00,30.2,1919.625
2024-05-04 13:00:00+03:00,24.33,2311.075
2024-05-04 14:00:00+03:00,14.53,2702.925
2024-05-04 15:00:00+03:00,13.34,2939.2
2024-05-04 16:00:00+03:00,25.4,3304.675
2024-05-04 17:00:00+03:00,30.01,3157.975
2024-05-04 18:00:00+03:00,32.61,2859.875
2024-05-04 19:00:00+03:00,34.59,2531.925
2024-05-04 20:00:00+03:00,33.13,2398.575
2024-05-04 21:00:00+03:00,30.0,2304.6
2024-05-04 22:00:00+03:00,28.65,2739.725
2024-05-04 23:00:00+03:00,25.33,3358.075
2024-05-05 00:00:00+03:00,22.9,3584.625
2024-05-05 01:00:00+03:00,26.36,3398.25
2024-05-05 02:00:00+03:00,27.82,2861.625
2024-05-05 03:00:00+03:00,28.09,2458.2
2024-05-05 04:00:00+03:00,28.42,2305.175
2024-05-05 05:00:00+03:00,29.39,2538.2
2024-05-05 06:00:00+03:00,29.04,2482.975
2024-05-05 07:00:00+03:00,31.32,1547.1
2024-05-05 08:00:00+03:00,34.54,1042.725
2024-05-05 09:00:00+03:00,35.72,1215.575
2024-05-05 10:00:00+03:00,25.63,1445.775
2024-05-05 11:00:00+03:00,9.33,1526.075
2024-05-05 12:00:00+03:00,3.7,1477.425
2024-05-05 13:00:00+03:00,3.27,1400.05
2024-05-05 14:00:00+03:00,2.0,1280.175
2024-05-05 15:00:00+03:00,1.9,1251.075
2024-05-05 16:00:00+03:00,4.27,1326.3500000000001
2024-05-05 17:00:00+03:00,4.9,1354.85
2024-05-05 18:00:00+03:00,32.0,1414.25
2024-05-05 19:00:00+03:00,37.71,1562.3
2024-05-05 20:00:00+03:00,38.48,1616.8
2024-05-05 21:00:00+03:00,34.71,1603.7
2024-05-05 22:00:00+03:00,33.09,1847.75
2024-05-05 23:00:00+03:00,29.96,1958.575
2024-05-06 00:00:00+03:00,24.11,2025.125
2024-05-06 01:00:00+03:00,26.92,2033.25
2024-05-06 02:00:00+03:00,25.74,1993.8
2024-05-06 03:00:00+03:00,25.16,2305.35
2024-05-06 04:00:00+03:00,24.95,2406.225
2024-05-06 05:00:00+03:00,27.89,2218.7
2024-05-06 06:00:00+03:00,34.65,1877.875
2024-05-06 07:00:00+03:00,84.5,1213.855
2024-05-06 08:00:00+03:00,130.26,921.4725
2024-05-06 09:00:00+03:00,100.46,1211.225
2024-05-06 10:00:00+03:00,85.67,1354.875
2024-05-06 11:00:00+03:00,71.92,1306.15
2024-05-06 12:00:00+03:00,64.27,1276.6
2024-05-06 13:00:00+03:00,64.17,1314.95
2024-05-06 14:00:00+03:00,60.87,1232.3
2024-05-06 15:00:00+03:00,59.4,1218.25
2024-05-06 16:00:00+03:00,48.55,1201.175
2024-05-06 17:00:00+03:00,48.5,1255.125
2024-05-06 18:00:00+03:00,49.97,1316.275
2024-05-06 19:00:00+03:00,67.91,1337.925
2024-05-06 20:00:00+03:00,70.04,1207.6
2024-05-06 21:00:00+03:00,69.42,1237.575
2024-05-06 22:00:00+03:00,60.05,1565.9
2024-05-06 23:00:00+03:00,48.52,1803.0
2024-05-07 00:00:00+03:00,35.15,1969.2
2024-05-07 01:00:00+03:00,35.46,1914.575
2024-05-07 02:00:00+03:00,35.05,1724.45
2024-05-07 03:00:00+03:00,34.81,1620.5
2024-05-07 04:00:00+03:00,34.74,1706.675
2024-05-07 05:00:00+03:00,35.19,1786.05
2024-05-07 06:00:00+03:00,50.73,1712.25
2024-05-07 07:00:00+03:00,114.24,1263.55
2024-05-07 08:00:00+03:00,209.05,1120.95
2024-05-07 09:00:00+03:00,112.66,1307.75
2024-05-07 10:00:00+03:00,91.75,1686.75
2024-05-07 11:00:00+03:00,82.62,2036.35
2024-05-07 12:00:00+03:00,69.91,2342.55
2024-05-07 13:00:00+03:00,55.31,2702.275
2024-05-07 14:00:00+03:00,47.01,2893.3999999999996
2024-05-07 15:00:00+03:00,40.05,3139.875
2024-05-07 16:00:00+03:00,36.41,3124.95
2024-05-07 17:00:00+03:00,35.53,3056.75
2024-05-07 18:00:00+03:00,35.31,3025.875
2024-05-07 19:00:00+03:00,51.79,2821.9
2024-05-07 20:00:00+03:00,130.64,2411.1
2024-05-07 21:00:00+03:00,115.0,2033.1
2024-05-07 22:00:00+03:00,99.95,2206.775
2024-05-07 23:00:00+03:00,32.89,2564.2
2024-05-08 00:00:00+03:00,25.0,2885.85
2024-05-08 01:00:00+03:00,24.45,3024.275
2024-05-08 02:00:00+03:00,29.45,2884.925
2024-05-08 03:00:00+03:00,34.0,2666.0499999999997
2024-05-08 04:00:00+03:00,48.01,2490.15
2024-05-08 05:00:00+03:00,52.26,2093.425
2024-05-08 06:00:00+03:00,89.63,1314.4675
2024-05-08 07:00:00+03:00,223.01,535.885
2024-05-08 08:00:00+03:00,298.55,331.7625
2024-05-08 09:00:00+03:00,249.99,376.36
2024-05-08 10:00:00+03:00,159.15,365.95000000000005
2024-05-08 11:00:00+03:00,150.0,477.305
2024-05-08 12:00:00+03:00,149.09,538.365
2024-05-08 13:00:00+03:00,91.71,589.015
2024-05-08 14:00:00+03:00,86.79,762.83
2024-05-08 15:00:00+03:00,66.36,744.4825
2024-05-08 16:00:00+03:00,68.53,788.1925
2024-05-08 17:00:00+03:00,122.27,736.35
2024-05-08 18:00:00+03:00,143.78,627.675
2024-05-08 19:00:00+03:00,224.78,488.345
2024-05-08 20:00:00+03:00,187.7,403.03499999999997
2024-05-08 21:00:00+03:00,179.92,410.9
2024-05-08 22:00:00+03:00,190.0,421.4925
2024-05-08 23:00:00+03:00,232.34,381.825
2024-05-09 00:00:00+03:00,168.02,295.885
2024-05-09 01:00:00+03:00,89.44,243.35
2024-05-09 02:00:00+03:00,53.08,203.5575
2024-05-09 03:00:00+03:00,29.92,203.7
2024-05-09 04:00:00+03:00,25.9,199.85
2024-05-09 05:00:00+03:00,25.69,217.5575
2024-05-09 06:00:00+03:00,25.75,220.5775
2024-05-09 07:00:00+03:00,38.25,153.92
2024-05-09 08:00:00+03:00,114.29,112.475
2024-05-09 09:00:00+03:00,85.4,160.44
2024-05-09 10:00:00+03:00,42.05,282.105
2024-05-09 11:00:00+03:00,20.01,407.66
2024-05-09 12:00:00+03:00,20.01,615.4425
2024-05-09 13:00:00+03:00,5.55,753.1725
2024-05-09 14:00:00+03:00,0.44,894.26
2024-05-09 15:00:00+03:00,0.0,896.53
2024-05-09 16:00:00+03:00,0.0,857.0575
2024-05-09 17:00:00+03:00,3.08,914.9375
2024-05-09 18:00:00+03:00,19.99,845.915
2024-05-09 19:00:00+03:00,19.95,867.205
2024-05-09 20:00:00+03:00,9.42,979.23
2024-05-09 21:00:00+03:00,4.69,980.315
2024-05-09 22:00:00+03:00,2.63,950.2125
2024-05-09 23:00:00+03:00,1.25,713.8125
2024-05-10 00:00:00+03:00,-0.01,486.0625
2024-05-10 01:00:00+03:00,3.14,654.3175
2024-05-10 02:00:00+03:00,0.31,800.655
2024-05-10 03:00:00+03:00,-0.06,970.3925
2024-05-10 04:00:00+03:00,-0.16,1422.65
2024-05-10 05:00:00+03:00,-0.59,1898.275
2024-05-10 06:00:00+03:00,-0.16,2537.325
2024-05-10 07:00:00+03:00,0.39,3408.2
2024-05-10 08:00:00+03:00,2.86,3497.35
2024-05-10 09:00:00+03:00,4.17,3704.15
2024-05-10 10:00:00+03:00,4.17,3941.125
2024-05-10 11:00:00+03:00,3.91,4119.349999999999
2024-05-10 12:00:00+03:00,1.96,4360.9
2024-05-10 13:00:00+03:00,0.34,4534.45
2024-05-10 14:00:00+03:00,0.01,4566.875
2024-05-10 15:00:00+03:00,0.02,4453.5
2024-05-10 16:00:00+03:00,0.5,4310.625
2024-05-10 17:00:00+03:00,1.5,4157.1
2024-05-10 18:00:00+03:00,4.93,3984.6
2024-05-10 19:00:00+03:00,15.41,3495.475
2024-05-10 20:00:00+03:00,25.31,2916.675
2024-05-10 21:00:00+03:00,25.31,2805.925
2024-05-10 22:00:00+03:00,24.79,3046.975
2024-05-10 23:00:00+03:00,17.25,3538.2749999999996
2024-05-11 00:00:00+03:00,1.5,4049.4
2024-05-11 01:00:00+03:00,0.0,4032.325
2024-05-11 02:00:00+03:00,0.0,3830.5
2024-05-11 03:00:00+03:00,0.0,3992.4500000000003
2024-05-11 04:00:00+03:00,0.01,3840.05
2024-05-11 05:00:00+03:00,0.66,3582.65
2024-05-11 06:00:00+03:00,6.71,2859.0249999999996
2024-05-11 07:00:00+03:00,25.16,1982.85
2024-05-11 08:00:00+03:00,30.66,1819.075
2024-05-11 09:00:00+03:00,33.93,2082.05
2024-05-11 10:00:00+03:00,6.97,2260.875
2024-05-11 11:00:00+03:00,0.79,2379.85
2024-05-11 12:00:00+03:00,0.0,2408.25
2024-05-11 13:00:00+03:00,-0.58,1957.525
2024-05-11 14:00:00+03:00,-0.88,1944.95
2024-05-11 15:00:00+03:00,-0.91,1743.75
2024-05-11 16:00:00+03:00,-0.07,1721.35
2024-05-11 17:00:00+03:00,2.98,1753.3
2024-05-11 18:00:00+03:00,30.92,1525.4
2024-05-11 19:00:00+03:00,35.28,1268.7
2024-05-11 20:00:00+03:00,37.07,961.27
2024-05-11 21:00:00+03:00,33.47,833.04
2024-05-11 22:00:00+03:00,32.51,1058.1799999999998
2024-05-11 23:00:00+03:00,28.28,1389.125
2024-05-12 00:00:00+03:00,25.21,1551.45
2024-05-12 01:00:00+03:00,24.36,1432.0
2024-05-12 02:00:00+03:00,19.25,1387.375
2024-05-12 03:00:00+03:00,14.22,1385.25
2024-05-12 04:00:00+03:00,9.02,1571.45
2024-05-12 05:00:00+03:00,4.91,1971.65
2024-05-12 06:00:00+03:00,4.11,2148.075
2024-05-12 07:00:00+03:00,4.16,1850.65
2024-05-12 08:00:00+03:00,4.54,1517.325
2024-05-12 09:00:00+03:00,1.48,1244.8
2024-05-12 10:00:00+03:00,-1.23,882.6949999999999
2024-05-12 11:00:00+03:00,-2.57,881.2575
2024-05-12 12:00:00+03:00,-4.07,807.4525
2024-05-12 13:00:00+03:00,-5.09,674.0025
2024-05-12 14:00:00+03:00,-6.58,570.4225
2024-05-12 15:00:00+03:00,-5.16,432.005
2024-05-12 16:00:00+03:00,-2.09,360.6375
2024-05-12 17:00:00+03:00,0.24,428.9425
2024-05-12 18:00:00+03:00,10.41,312.9
2024-05-12 19:00:00+03:00,92.57,215.64499999999998
2024-05-12 20:00:00+03:00,92.57,173.5925
2024-05-12 21:00:00+03:00,43.18,227.7325
2024-05-12 22:00:00+03:00,84.26,296.985
2024-05-12 23:00:00+03:00,45.0,350.2825
2024-05-13 00:00:00+03:00,27.95,314.5575
2024-05-13 01:00:00+03:00,26.2,283.5775
2024-05-13 02:00:00+03:00,25.25,241.395
2024-05-13 03:00:00+03:00,25.01,197.41
2024-05-13 04:00:00+03:00,24.11,131.495
2024-05-13 05:00:00+03:00,26.36,136.2775
2024-05-13 06:00:00+03:00,92.22,134.785
2024-05-13 07:00:00+03:00,250.01,74.6
2024-05-13 08:00:00+03:00,397.98,46.6775
2024-05-13 09:00:00+03:00,208.78,22.365
2024-05-13 10:00:00+03:00,177.33,18.6125
2024-05-13 11:00:00+03:00,149.99,124.76
2024-05-13 12:00:00+03:00,45.06,187.4325
2024-05-13 13:00:00+03:00,50.0,195.7625
2024-05-13 14:00:00+03:00,50.0,245.715
2024-05-13 15:00:00+03:00,65.51,263.915
2024-05-13 16:00:00+03:00,130.1,253.31
2024-05-13 17:00:00+03:00,126.1,257.0675
2024-05-13 18:00:00+03:00,156.33,197.01749999999998
2024-05-13 19:00:00+03:00,200.3,176.875
2024-05-13 20:00:00+03:00,239.99,159.55
2024-05-13 21:00:00+03:00,149.99,152.5725
2024-05-13 22:00:00+03:00,143.4,160.325
2024-05-13 23:00:00+03:00,115.44,209.505
2024-05-14 00:00:00+03:00,32.9,265.17499999999995
2024-05-14 01:00:00+03:00,127.09,272.6675
2024-05-14 02:00:00+03:00,32.9,256.19
2024-05-14 03:00:00+03:00,12.55,245.81
2024-05-14 04:00:00+03:00,9.88,280.5925
2024-05-14 05:00:00+03:00,9.78,416.08250000000004
2024-05-14 06:00:00+03:00,12.76,643.365
2024-05-14 07:00:00+03:00,36.59,862.645
2024-05-14 08:00:00+03:00,85.08,785.51
2024-05-14 09:00:00+03:00,80.1,606.5450000000001
2024-05-14 10:00:00+03:00,90.09,765.7575
2024-05-14 11:00:00+03:00,56.03,881.615
2024-05-14 12:00:00+03:00,25.09,806.1475
2024-05-14 13:00:00+03:00,7.09,781.7574999999999
2024-05-14 14:00:00+03:00,2.41,1031.3899999999999
2024-05-14 15:00:00+03:00,0.66,1371.225
2024-05-14 16:00:00+03:00,0.0,1592.8
2024-05-14 17:00:00+03:00,-0.09,1793.275
2024-05-14 18:00:00+03:00,1.49,2143.775
2024-05-14 19:00:00+03:00,7.76,2194.325
2024-05-14 20:00:00+03:00,4.87,2506.075
2024-05-14 21:00:00+03:00,1.7,3082.025
2024-05-14 22:00:00+03:00,0.24,3904.7
2024-05-14 23:00:00+03:00,-0.07,4158.45
2024-05-15 00:00:00+03:00,-1.01,3679.65
2024-05-15 01:00:00+03:00,-0.21,3786.25
2024-05-15 02:00:00+03:00,-0.16,3468.0
2024-05-15 03:00:00+03:00,-0.15,3185.675
2024-05-15 04:00:00+03:00,-0.11,2907.45
2024-05-15 05:00:00+03:00,-0.05,2868.25
2024-05-15 06:00:00+03:00,0.21,2973.525
2024-05-15 07:00:00+03:00,5.46,2019.8999999999999
2024-05-15 08:00:00+03:00,17.39,1285.225
2024-05-15 09:00:00+03:00,37.89,1094.725
2024-05-15 10:00:00+03:00,25.63,1248.6499999999999
2024-05-15 11:00:00+03:00,7.06,1508.65
2024-05-15 12:00:00+03:00,0.22,1731.6
2024-05-15 13:00:00+03:00,-0.93,1714.125
2024-05-15 14:00:00+03:00,-1.05,2028.875
2024-05-15 15:00:00+03:00,-0.95,2509.725
2024-05-15 16:00:00+03:00,-0.09,3266.7
2024-05-15 17:00:00+03:00,1.73,3844.95
2024-05-15 18:00:00+03:00,6.95,3709.375
2024-05-15 19:00:00+03:00,13.21,3562.55
2024-05-15 20:00:00+03:00,12.11,3642.225
2024-05-15 21:00:00+03:00,6.63,3568.075
2024-05-15 22:00:00+03:00,8.71,3583.5
2024-05-15 23:00:00+03:00,8.19,3567.8
2024-05-16 00:00:00+03:00,6.03,2841.5
2024-05-16 01:00:00+03:00,1.51,2482.675
2024-05-16 02:00:00+03:00,2.73,2241.025
2024-05-16 03:00:00+03:00,3.36,1824.05
2024-05-16 04:00:00+03:00,4.51,1562.2
2024-05-16 05:00:00+03:00,6.87,1293.15
2024-05-16 06:00:00+03:00,17.2,991.57
2024-05-16 07:00:00+03:00,83.95,634.6675
2024-05-16 08:00:00+03:00,149.99,346.28749999999997
2024-05-16 09:00:00+03:00,90.04,167.495
2024-05-16 10:00:00+03:00,76.19,125.0975
2024-05-16 11:00:00+03:00,15.0,166.825
2024-05-16 12:00:00+03:00,36.94,247.10500000000002
2024-05-16 13:00:00+03:00,42.02,326.51750000000004
2024-05-16 14:00:00+03:00,6.57,452.53
2024-05-16 15:00:00+03:00,9.07,532.12
2024-05-16 16:00:00+03:00,4.66,567.9075
2024-05-16 17:00:00+03:00,38.77,550.405
2024-05-16 18:00:00+03:00,80.02,518.1025
2024-05-16 19:00:00+03:00,130.05,456.34
2024-05-16 20:00:00+03:00,150.0,371.85
2024-05-16 21:00:00+03:00,91.89,449.385
2024-05-16 22:00:00+03:00,114.48,604.9775
2024-05-16 23:00:00+03:00,84.27,700.235
2024-05-17 00:00:00+03:00,4.3,643.4425
2024-05-17 01:00:00+03:00,3.3,598.2625
2024-05-17 02:00:00+03:00,2.86,525.5375
2024-05-17 03:00:00+03:00,2.81,505.88
2024-05-17 04:00:00+03:00,2.82,597.615
2024-05-17 05:00:00+03:00,3.48,666.7575
2024-05-17 06:00:00+03:00,10.36,673.5799999999999
2024-05-17 07:00:00+03:00,34.06,633.1825
2024-05-17 08:00:00+03:00,65.3,307.675
2024-05-17 09:00:00+03:00,69.65,157.4425
2024-05-17 10:00:00+03:00,35.95,163.9575
2024-05-17 11:00:00+03:00,11.18,199.825
2024-05-17 12:00:00+03:00,4.21,247.73499999999999
2024-05-17 13:00:00+03:00,2.95,299.78000000000003
2024-05-17 14:00:00+03:00,1.93,412.6175
2024-05-17 15:00:00+03:00,1.25,469.6775
2024-05-17 16:00:00+03:00,2.48,511.235
2024-05-17 17:00:00+03:00,3.28,598.7175
2024-05-17 18:00:00+03:00,4.98,720.3149999999999
2024-05-17 19:00:00+03:00,7.16,889.375
2024-05-17 20:00:00+03:00,5.89,1128.95
2024-05-17 21:00:00+03:00,4.13,1602.925
2024-05-17 22:00:00+03:00,1.24,2244.125
2024-05-17 23:00:00+03:00,-0.09,2650.15
2024-05-18 00:00:00+03:00,-1.6,2478.4
2024-05-18 01:00:00+03:00,-1.01,2785.3
2024-05-18 02:00:00+03:00,-2.01,2685.15
2024-05-18 03:00:00+03:00,-2.65,2434.675
2024-05-18 04:00:00+03:00,-3.01,2343.825
2024-05-18 05:00:00+03:00,-3.01,2351.7
2024-05-18 06:00:00+03:00,-2.49,2229.075
2024-05-18 07:00:00+03:00,-1.56,1998.8
2024-05-18 08:00:00+03:00,-0.05,1963.55
2024-05-18 09:00:00+03:00,0.01,2727.075
2024-05-18 10:00:00+03:00,-0.08,2894.825
2024-05-18 11:00:00+03:00,-1.01,2562.675
2024-05-18 12:00:00+03:00,-1.77,2544.65
2024-05-18 13:00:00+03:00,-1.8,2559.925
2024-05-18 14:00:00+03:00,-2.0,2490.85
2024-05-18 15:00:00+03:00,-2.79,2299.575
2024-05-18 16:00:00+03:00,-1.92,2803.925
2024-05-18 17:00:00+03:00,-1.01,2927.7
2024-05-18 18:00:00+03:00,-0.11,3143.975
2024-05-18 19:00:00+03:00,-0.09,3162.25
2024-05-18 20:00:00+03:00,-0.11,2883.425
2024-05-18 21:00:00+03:00,-1.76,2739.2
2024-05-18 22:00:00+03:00,-2.0,2840.7
2024-05-18 23:00:00+03:00,-2.48,2842.375
2024-05-19 00:00:00+03:00,-5.01,2813.9
2024-05-19 01:00:00+03:00,-6.58,2824.25
2024-05-19 02:00:00+03:00,-6.59,2693.575
2024-05-19 03:00:00+03:00,-6.95,2583.825
2024-05-19 04:00:00+03:00,-5.01,2409.175
2024-05-19 05:00:00+03:00,-3.0,2258.575
2024-05-19 06:00:00+03:00,-1.76,1923.9499999999998
2024-05-19 07:00:00+03:00,0.0,1279.325
2024-05-19 08:00:00+03:00,3.17,923.4025
2024-05-19 09:00:00+03:00,5.05,890.1775
2024-05-19 10:00:00+03:00,2.91,1205.2
2024-05-19 11:00:00+03:00,-0.03,1534.125
2024-05-19 12:00:00+03:00,-0.18,1615.5
2024-05-19 13:00:00+03:00,-2.06,1370.05
2024-05-19 14:00:00+03:00,-7.41,1159.7
2024-05-19 15:00:00+03:00,-15.07,1147.85
2024-05-19 16:00:00+03:00,-10.0,1408.275
2024-05-19 17:00:00+03:00,-3.79,1638.875
2024-05-19 18:00:00+03:00,-0.06,2792.8
2024-05-19 19:00:00+03:00,0.01,2860.325
2024-05-19 20:00:00+03:00,-0.01,2671.2
2024-05-19 21:00:00+03:00,-0.01,2789.3
2024-05-19 22:00:00+03:00,0.0,3423.225
2024-05-19 23:00:00+03:00,-0.02,3450.475
2024-05-20 00:00:00+03:00,-0.31,3445.625
2024-05-20 01:00:00+03:00,-0.3,3411.4
2024-05-20 02:00:00+03:00,-0.1,3420.25
2024-05-20 03:00:00+03:00,-0.03,3309.55
2024-05-20 04:00:00+03:00,0.01,3273.175
2024-05-20 05:00:00+03:00,1.41,2768.45
2024-05-20 06:00:00+03:00,4.94,1928.8999999999999
2024-05-20 07:00:00+03:00,10.44,1138.6
2024-05-20 08:00:00+03:00,30.01,748.635
2024-05-20 09:00:00+03:00,33.98,546.675
2024-05-20 10:00:00+03:00,29.38,638.5275
2024-05-20 11:00:00+03:00,12.41,882.6700000000001
2024-05-20 12:00:00+03:00,6.06,1170.65
2024-05-20 13:00:00+03:00,2.41,1381.225
2024-05-20 14:00:00+03:00,0.01,1543.4
2024-05-20 15:00:00+03:00,0.02,1784.775
2024-05-20 16:00:00+03:00,3.73,1792.175
2024-05-20 17:00:00+03:00,9.42,1668.975
2024-05-20 18:00:00+03:00,26.77,1487.925
2024-05-20 19:00:00+03:00,31.78,1321.475
2024-05-20 20:00:00+03:00,33.97,991.1424999999999
2024-05-20 21:00:00+03:00,33.35,733.9025
2024-05-20 22:00:00+03:00,30.46,720.975
2024-05-20 23:00:00+03:00,22.28,711.885
2024-05-21 00:00:00+03:00,9.94,793.1075
2024-05-21 01:00:00+03:00,8.87,916.34
2024-05-21 02:00:00+03:00,7.67,931.2425000000001
2024-05-21 03:00:00+03:00,6.34,883.77
2024-05-21 04:00:00+03:00,5.7,826.55
2024-05-21 05:00:00+03:00,7.56,849.29
2024-05-21 06:00:00+03:00,12.99,752.975
2024-05-21 07:00:00+03:00,32.68,458.34749999999997
2024-05-21 08:00:00+03:00,49.49,220.2025
2024-05-21 09:00:00+03:00,54.68,227.72
2024-05-21 10:00:00+03:00,35.38,312.385
2024-05-21 11:00:00+03:00,30.29,315.84749999999997
2024-05-21 12:00:00+03:00,25.15,384.1375
2024-05-21 13:00:00+03:00,20.66,434.59
2024-05-21 14:00:00+03:00,18.33,442.3325
2024-05-21 15:00:00+03:00,15.04,457.4725
2024-05-21 16:00:00+03:00,20.75,397.7625
2024-05-21 17:00:00+03:00,24.99,328.9625
2024-05-21 18:00:00+03:00,31.14,237.965
2024-05-21 19:00:00+03:00,33.83,149.51
2024-05-21 20:00:00+03:00,33.83,98.0275
2024-05-21 21:00:00+03:00,30.69,97.3
2024-05-21 22:00:00+03:00,30.2,141.63
2024-05-21 23:00:00+03:00,13.94,214.49
2024-05-22 00:00:00+03:00,8.33,327.375
2024-05-22 01:00:00+03:00,3.42,458.7525
2024-05-22 02:00:00+03:00,2.81,546.9975
2024-05-22 03:00:00+03:00,2.63,536.925
2024-05-22 04:00:00+03:00,2.39,563.475
2024-05-22 05:00:00+03:00,2.92,571.725
2024-05-22 06:00:00+03:00,4.94,617.1975
2024-05-22 07:00:00+03:00,23.97,539.03
2024-05-22 08:00:00+03:00,36.45,230.5275
2024-05-22 09:00:00+03:00,38.09,117.7
2024-05-22 10:00:00+03:00,33.28,130.265
2024-05-22 11:00:00+03:00,23.13,177.7725
2024-05-22 12:00:00+03:00,9.34,235.95
2024-05-22 13:00:00+03:00,4.92,310.3125
2024-05-22 14:00:00+03:00,3.61,359.6825
2024-05-22 15:00:00+03:00,3.08,341.255
2024-05-22 16:00:00+03:00,3.03,331.7075
2024-05-22 17:00:00+03:00,4.29,350.135
2024-05-22 18:00:00+03:00,7.84,336.815
2024-05-22 19:00:00+03:00,10.13,285.6625
2024-05-22 20:00:00+03:00,10.0,302.0725
2024-05-22 21:00:00+03:00,4.98,357.7075
2024-05-22 22:00:00+03:00,4.12,475.9575
2024-05-22 23:00:00+03:00,2.5,727.6975
2024-05-23 00:00:00+03:00,0.16,1054.84
2024-05-23 01:00:00+03:00,1.5,1212.525
2024-05-23 02:00:00+03:00,0.93,1342.475
2024-05-23 03:00:00+03:00,0.25,1297.075
2024-05-23 04:00:00+03:00,0.0,1444.525
2024-05-23 05:00:00+03:00,0.14,1640.225
2024-05-23 06:00:00+03:00,1.28,1805.025
2024-05-23 07:00:00+03:00,3.09,1542.475
2024-05-23 08:00:00+03:00,10.75,802.9075
2024-05-23 09:00:00+03:00,22.42,668.7025
2024-05-23 10:00:00+03:00,15.13,912.6975
2024-05-23 11:00:00+03:00,6.98,1269.75
2024-05-23 12:00:00+03:00,4.32,1495.2
2024-05-23 13:00:00+03:00,2.99,1712.975
2024-05-23 14:00:00+03:00,1.77,1650.375
2024-05-23 15:00:00+03:00,1.2,1621.725
2024-05-23 16:00:00+03:00,1.18,1810.175
2024-05-23 17:00:00+03:00,1.29,1977.375
2024-05-23 18:00:00+03:00,2.51,2128.1
2024-05-23 19:00:00+03:00,4.13,2079.5
2024-05-23 20:00:00+03:00,4.2,1955.1
2024-05-23 21:00:00+03:00,2.88,2039.25
2024-05-23 22:00:00+03:00,1.51,2465.3
2024-05-23 23:00:00+03:00,0.0,2820.925
2024-05-24 00:00:00+03:00,-0.85,2700.125
2024-05-24 01:00:00+03:00,-2.46,2689.275
2024-05-24 02:00:00+03:00,-2.49,3182.9
2024-05-24 03:00:00+03:00,-2.24,3544.75
2024-05-24 04:00:00+03:00,-1.97,3295.75
2024-05-24 05:00:00+03:00,-0.61,3353.3
2024-05-24 06:00:00+03:00,0.03,3477.775
2024-05-24 07:00:00+03:00,4.87,2346.125
2024-05-24 08:00:00+03:00,24.19,1208.075
2024-05-24 09:00:00+03:00,65.0,1218.75
2024-05-24 10:00:00+03:00,57.41,1281.55
2024-05-24 11:00:00+03:00,30.8,1773.6
2024-05-24 12:00:00+03:00,26.28,2174.725
2024-05-24 13:00:00+03:00,23.34,2341.125
2024-05-24 14:00:00+03:00,20.97,2526.475
2024-05-24 15:00:00+03:00,16.39,2706.75
2024-05-24 16:00:00+03:00,12.44,2807.025
2024-05-24 17:00:00+03:00,16.39,2718.775
2024-05-24 18:00:00+03:00,22.46,2529.575
2024-05-24 19:00:00+03:00,24.94,1940.2
2024-05-24 20:00:00+03:00,26.39,1488.425
2024-05-24 21:00:00+03:00,23.7,1221.375
2024-05-24 22:00:00+03:00,20.62,1447.1
2024-05-24 23:00:00+03:00,13.73,1453.3
2024-05-25 00:00:00+03:00,6.45,1424.25
2024-05-25 01:00:00+03:00,6.11,1702.95
2024-05-25 02:00:00+03:00,6.23,1499.475
2024-05-25 03:00:00+03:00,6.08,1099.9175
2024-05-25 04:00:00+03:00,6.3,826.9
2024-05-25 05:00:00+03:00,6.55,652.505
2024-05-25 06:00:00+03:00,6.98,496.665
2024-05-25 07:00:00+03:00,10.23,380.72249999999997
2024-05-25 08:00:00+03:00,16.87,276.245
2024-05-25 09:00:00+03:00,20.92,191.6375
2024-05-25 10:00:00+03:00,20.45,148.9575
2024-05-25 11:00:00+03:00,15.16,165.49
2024-05-25 12:00:00+03:00,9.11,207.065
2024-05-25 13:00:00+03:00,3.24,221.5475
2024-05-25 14:00:00+03:00,0.04,287.895
2024-05-25 15:00:00+03:00,0.0,411.475
2024-05-25 16:00:00+03:00,1.05,473.1125
2024-05-25 17:00:00+03:00,11.6,679.9575
2024-05-25 18:00:00+03:00,15.7,837.1125
2024-05-25 19:00:00+03:00,18.01,826.9325
2024-05-25 20:00:00+03:00,15.25,874.4300000000001
2024-05-25 21:00:00+03:00,10.75,1272.3
2024-05-25 22:00:00+03:00,5.42,1942.0
2024-05-25 23:00:00+03:00,3.86,2652.425
2024-05-26 00:00:00+03:00,2.42,3025.1
2024-05-26 01:00:00+03:00,1.64,2955.625
2024-05-26 02:00:00+03:00,1.95,2855.175
2024-05-26 03:00:00+03:00,1.98,2597.45
2024-05-26 04:00:00+03:00,2.0,1996.425
2024-05-26 05:00:00+03:00,2.26,1731.025
2024-05-26 06:00:00+03:00,2.49,1278.725
2024-05-26 07:00:00+03:00,3.07,716.59
2024-05-26 08:00:00+03:00,4.51,268.2075
2024-05-26 09:00:00+03:00,7.08,162.73250000000002
2024-05-26 10:00:00+03:00,1.25,173.655
2024-05-26 11:00:00+03:00,0.0,180.48
2024-05-26 12:00:00+03:00,-0.09,158.61
2024-05-26 13:00:00+03:00,-2.12,183.7575
2024-05-26 14:00:00+03:00,-6.05,110.03
2024-05-26 15:00:00+03:00,-5.1,117.9925
2024-05-26 16:00:00+03:00,-2.79,163.5275
2024-05-26 17:00:00+03:00,1.18,298.395
2024-05-26 18:00:00+03:00,9.03,244.2175
2024-05-26 19:00:00+03:00,12.1,293.6925
2024-05-26 20:00:00+03:00,12.59,315.2125
2024-05-26 21:00:00+03:00,7.66,441.135
2024-05-26 22:00:00+03:00,4.59,769.325
2024-05-26 23:00:00+03:00,2.81,1432.675
2024-05-27 00:00:00+03:00,0.91,2167.6
2024-05-27 01:00:00+03:00,-1.73,2096.575
2024-05-27 02:00:00+03:00,-1.73,2570.625
2024-05-27 03:00:00+03:00,-1.79,2450.625
2024-05-27 04:00:00+03:00,-1.56,2143.15
2024-05-27 05:00:00+03:00,-0.15,1805.9
2024-05-27 06:00:00+03:00,0.4,1575.95
2024-05-27 07:00:00+03:00,2.9,872.57
2024-05-27 08:00:00+03:00,7.71,448.6925
2024-05-27 09:00:00+03:00,11.91,576.925
2024-05-27 10:00:00+03:00,7.81,772.6025
2024-05-27 11:00:00+03:00,4.23,1111.775
2024-05-27 12:00:00+03:00,2.72,1416.475
2024-05-27 13:00:00+03:00,1.71,1803.925
2024-05-27 14:00:00+03:00,1.46,2060.875
2024-05-27 15:00:00+03:00,1.5,2086.725
2024-05-27 16:00:00+03:00,1.81,2078.9
2024-05-27 17:00:00+03:00,2.35,1774.9
2024-05-27 18:00:00+03:00,3.55,1901.175
2024-05-27 19:00:00+03:00,4.18,1889.375
2024-05-27 20:00:00+03:00,4.26,1841.875
2024-05-27 21:00:00+03:00,3.7,2006.05
2024-05-27 22:00:00+03:00,2.78,2410.225
2024-05-27 23:00:00+03:00,1.38,2789.975
2024-05-28 00:00:00+03:00,-0.01,2362.075
2024-05-28 01:00:00+03:00,-1.03,2469.225
2024-05-28 02:00:00+03:00,-1.73,2345.3
2024-05-28 03:00:00+03:00,-2.0,2304.9
2024-05-28 04:00:00+03:00,-2.01,2078.2999999999997
2024-05-28 05:00:00+03:00,-1.0,2417.775
2024-05-28 06:00:00+03:00,0.84,2396.05
2024-05-28 07:00:00+03:00,3.88,1457.15
2024-05-28 08:00:00+03:00,12.73,895.1899999999999
2024-05-28 09:00:00+03:00,15.61,860.29
2024-05-28 10:00:00+03:00,14.04,1226.575
2024-05-28 11:00:00+03:00,8.18,1579.575
2024-05-28 12:00:00+03:00,4.81,1625.6
2024-05-28 13:00:00+03:00,3.8,1858.25
2024-05-28 14:00:00+03:00,2.81,2040.9
2024-05-28 15:00:00+03:00,2.22,2353.375
2024-05-28 16:00:00+03:00,2.27,2791.925
2024-05-28 17:00:00+03:00,2.91,2904.35
2024-05-28 18:00:00+03:00,4.85,2629.1499999999996
2024-05-28 19:00:00+03:00,7.54,2128.525
2024-05-28 20:00:00+03:00,12.5,1559.25
2024-05-28 21:00:00+03:00,9.66,1224.475
2024-05-28 22:00:00+03:00,7.88,1308.1750000000002
2024-05-28 23:00:00+03:00,4.51,1535.9
2024-05-29 00:00:00+03:00,2.27,1654.35
2024-05-29 01:00:00+03:00,0.92,1677.4
2024-05-29 02:00:00+03:00,0.79,1582.7
2024-05-29 03:00:00+03:00,0.85,1359.525
2024-05-29 04:00:00+03:00,1.16,1151.725
2024-05-29 05:00:00+03:00,1.97,1040.3675
2024-05-29 06:00:00+03:00,3.01,919.965
2024-05-29 07:00:00+03:00,18.01,554.4
2024-05-29 08:00:00+03:00,61.98,186.91750000000002
2024-05-29 09:00:00+03:00,91.81,88.47
2024-05-29 10:00:00+03:00,88.29,138.18
2024-05-29 11:00:00+03:00,67.96,241.4275
2024-05-29 12:00:00+03:00,62.21,348.9325
2024-05-29 13:00:00+03:00,59.05,349.095
2024-05-29 14:00:00+03:00,62.19,362.1275
2024-05-29 15:00:00+03:00,42.01,307.71750000000003
2024-05-29 16:00:00+03:00,200.0,266.2675
2024-05-29 17:00:00+03:00,249.92,480.27750000000003
2024-05-29 18:00:00+03:00,52.9,501.0875
2024-05-29 19:00:00+03:00,116.65,405.5125
2024-05-29 20:00:00+03:00,83.91,259.385
2024-05-29 21:00:00+03:00,61.21,203.7375
2024-05-29 22:00:00+03:00,37.11,250.2825
2024-05-29 23:00:00+03:00,5.09,331.1275
2024-05-30 00:00:00+03:00,3.09,491.82
2024-05-30 01:00:00+03:00,1.82,624.26
2024-05-30 02:00:00+03:00,1.08,683.3175
2024-05-30 03:00:00+03:00,1.25,611.2125
2024-05-30 04:00:00+03:00,1.81,442.855
2024-05-30 05:00:00+03:00,2.69,342.6275
2024-05-30 06:00:00+03:00,5.21,286.97749999999996
2024-05-30 07:00:00+03:00,60.03,228.6175
2024-05-30 08:00:00+03:00,142.0,117.2325
2024-05-30 09:00:00+03:00,106.54,60.92
2024-05-30 10:00:00+03:00,141.99,49.260000000000005
2024-05-30 11:00:00+03:00,141.99,68.71000000000001
2024-05-30 12:00:00+03:00,100.0,129.20999999999998
2024-05-30 13:00:00+03:00,109.91,202.945
2024-05-30 14:00:00+03:00,141.14,395.745
2024-05-30 15:00:00+03:00,200.04,425.205
2024-05-30 16:00:00+03:00,144.63,509.1
2024-05-30 17:00:00+03:00,179.42,534.4275
2024-05-30 18:00:00+03:00,195.37,806.125
2024-05-30 19:00:00+03:00,249.92,921.3475
2024-05-30 20:00:00+03:00,173.06,815.25
2024-05-30 21:00:00+03:00,60.95,641.9925000000001
2024-05-30 22:00:00+03:00,42.67,416.48749999999995
2024-05-30 23:00:00+03:00,14.96,530.7175
2024-05-31 00:00:00+03:00,6.03,629.8025
2024-05-31 01:00:00+03:00,7.11,577.0975
2024-05-31 02:00:00+03:00,6.85,409.32
2024-05-31 03:00:00+03:00,7.12,241.65750000000003
2024-05-31 04:00:00+03:00,7.19,94.7
2024-05-31 05:00:00+03:00,9.14,72.2225
2024-05-31 06:00:00+03:00,13.53,52.66
2024-05-31 07:00:00+03:00,86.37,17.96
2024-05-31 08:00:00+03:00,122.94,0.9075
2024-05-31 09:00:00+03:00,109.67,5.185
2024-05-31 10:00:00+03:00,101.18,10.3175
2024-05-31 11:00:00+03:00,90.29,26.2825
2024-05-31 12:00:00+03:00,82.5,57.230000000000004
2024-05-31 13:00:00+03:00,75.44,103.005
2024-05-31 14:00:00+03:00,69.11,219.04000000000002
2024-05-31 15:00:00+03:00,65.82,350.7975
2024-05-31 16:00:00+03:00,67.37,293.795
2024-05-31 17:00:00+03:00,71.98,242.935
2024-05-31 18:00:00+03:00,80.67,258.905
2024-05-31 19:00:00+03:00,104.47,194.56
2024-05-31 20:00:00+03:00,98.45,214.555
2024-05-31 21:00:00+03:00,18.59,264.355
2024-05-31 22:00:00+03:00,18.22,310.4725
2024-05-31 23:00:00+03:00,12.45,339.87
2024-06-01 00:00:00+03:00,7.71,326.61
2024-06-01 01:00:00+03:00,15.5,306.6275
2024-06-01 02:00:00+03:00,15.11,293.4875
2024-06-01 03:00:00+03:00,14.06,190.39
2024-06-01 04:00:00+03:00,13.14,167.175
2024-06-01 05:00:00+03:00,13.5,196.99
2024-06-01 06:00:00+03:00,13.94,213.385
2024-06-01 07:00:00+03:00,14.98,169.45499999999998
2024-06-01 08:00:00+03:00,17.46,53.1775
2024-06-01 09:00:00+03:00,21.17,6.5600000000000005
2024-06-01 10:00:00+03:00,22.44,15.56
2024-06-01 11:00:00+03:00,21.52,34.317499999999995
2024-06-01 12:00:00+03:00,20.7,55.5325
2024-06-01 13:00:00+03:00,20.3,221.745
2024-06-01 14:00:00+03:00,19.07,507.5825
2024-06-01 15:00:00+03:00,21.0,496.26
2024-06-01 16:00:00+03:00,21.33,470.9575
2024-06-01 17:00:00+03:00,18.2,476.9375
2024-06-01 18:00:00+03:00,36.08,378.165
2024-06-01 19:00:00+03:00,43.88,608.4225
2024-06-01 20:00:00+03:00,40.01,761.0975
2024-06-01 21:00:00+03:00,21.6,570.12
2024-06-01 22:00:00+03:00,26.8,541.075
2024-06-01 23:00:00+03:00,18.4,420.105
2024-06-02 00:00:00+03:00,11.51,278.93
2024-06-02 01:00:00+03:00,4.13,316.48
2024-06-02 02:00:00+03:00,2.61,357.5975
2024-06-02 03:00:00+03:00,1.65,459.23749999999995
2024-06-02 04:00:00+03:00,0.99,580.4
2024-06-02 05:00:00+03:00,1.1,592.325
2024-06-02 06:00:00+03:00,2.12,537.8825
2024-06-02 07:00:00+03:00,4.9,619.0625
2024-06-02 08:00:00+03:00,4.11,538.0024999999999
2024-06-02 09:00:00+03:00,2.99,281.98
2024-06-02 10:00:00+03:00,7.88,272.9425
2024-06-02 11:00:00+03:00,7.22,326.6275
2024-06-02 12:00:00+03:00,11.91,360.9875
2024-06-02 13:00:00+03:00,14.53,468.9975
2024-06-02 14:00:00+03:00,19.13,911.31
2024-06-02 15:00:00+03:00,21.41,631.8100000000001
2024-06-02 16:00:00+03:00,16.57,555.7475
2024-06-02 17:00:00+03:00,40.0,307.36
2024-06-02 18:00:00+03:00,40.0,265.95
2024-06-02 19:00:00+03:00,101.75,261.3175
2024-06-02 20:00:00+03:00,110.28,290.54
2024-06-02 21:00:00+03:00,42.73,271.40250000000003
2024-06-02 22:00:00+03:00,82.51,245.70999999999998
2024-06-02 23:00:00+03:00,68.09,349.325
2024-06-03 00:00:00+03:00,13.96,484.815
2024-06-03 01:00:00+03:00,10.67,571.4225
2024-06-03 02:00:00+03:00,9.44,563.8075
2024-06-03 03:00:00+03:00,8.5,537.2375
2024-06-03 04:00:00+03:00,7.82,459.745
2024-06-03 05:00:00+03:00,8.82,209.95499999999998
2024-06-03 06:00:00+03:00,9.65,88.3875
2024-06-03 07:00:00+03:00,130.08,24.8275
2024-06-03 08:00:00+03:00,250.0,3.7675
2024-06-03 09:00:00+03:00,200.02,5.825
2024-06-03 10:00:00+03:00,190.04,47.635
2024-06-03 11:00:00+03:00,136.07,94.0475
2024-06-03 12:00:00+03:00,122.96,159.3175
2024-06-03 13:00:00+03:00,100.16,202.99
2024-06-03 14:00:00+03:00,80.04,201.3375
2024-06-03 15:00:00+03:00,72.04,250.9225
2024-06-03 16:00:00+03:00,72.07,317.1675
2024-06-03 17:00:00+03:00,76.61,277.5525
2024-06-03 18:00:00+03:00,109.56,320.8425
2024-06-03 19:00:00+03:00,133.05,288.205
2024-06-03 20:00:00+03:00,182.37,286.7175
2024-06-03 21:00:00+03:00,40.01,497.625
2024-06-03 22:00:00+03:00,15.17,607.1225000000001
2024-06-03 23:00:00+03:00,9.75,797.755
2024-06-04 00:00:00+03:00,4.41,1235.625
2024-06-04 01:00:00+03:00,5.37,1616.825
2024-06-04 02:00:00+03:00,1.84,1660.75
2024-06-04 03:00:00+03:00,1.37,1626.075
2024-06-04 04:00:00+03:00,1.91,1494.125
2024-06-04 05:00:00+03:00,3.07,1268.375
2024-06-04 06:00:00+03:00,14.48,718.89
2024-06-04 07:00:00+03:00,141.89,330.21500000000003
2024-06-04 08:00:00+03:00,173.33,231.595
2024-06-04 09:00:00+03:00,140.53,269.6775
2024-06-04 10:00:00+03:00,110.88,466.67
2024-06-04 11:00:00+03:00,90.38,634.8
2024-06-04 12:00:00+03:00,79.36,708.9549999999999
2024-06-04 13:00:00+03:00,67.43,729.775
2024-06-04 14:00:00+03:00,55.41,911.7975
2024-06-04 15:00:00+03:00,50.01,845.9449999999999
2024-06-04 16:00:00+03:00,86.02,889.435
2024-06-04 17:00:00+03:00,111.05,795.6275
2024-06-04 18:00:00+03:00,128.45,606.015
2024-06-04 19:00:00+03:00,200.01,512.045
2024-06-04 20:00:00+03:00,250.04,426.3125
2024-06-04 21:00:00+03:00,225.77,504.615
2024-06-04 22:00:00+03:00,200.01,510.24
2024-06-04 23:00:00+03:00,111.03,441.5525
2024-06-05 00:00:00+03:00,27.75,406.275
2024-06-05 01:00:00+03:00,4.66,366.3425
2024-06-05 02:00:00+03:00,2.79,389.455
2024-06-05 03:00:00+03:00,2.24,487.29499999999996
2024-06-05 04:00:00+03:00,1.58,619.56
2024-06-05 05:00:00+03:00,1.92,669.6
2024-06-05 06:00:00+03:00,4.56,698.6600000000001
2024-06-05 07:00:00+03:00,18.61,458.6675
2024-06-05 08:00:00+03:00,146.88,221.5125
2024-06-05 09:00:00+03:00,114.13,334.48749999999995
2024-06-05 10:00:00+03:00,55.0,561.3025
2024-06-05 11:00:00+03:00,40.0,711.6125
2024-06-05 12:00:00+03:00,23.61,721.26
2024-06-05 13:00:00+03:00,23.48,887.7225
2024-06-05 14:00:00+03:00,12.78,1077.4275
2024-06-05 15:00:00+03:00,7.79,1215.2
2024-06-05 16:00:00+03:00,5.28,1394.775
2024-06-05 17:00:00+03:00,5.01,1533.925
2024-06-05 18:00:00+03:00,5.34,1635.175
2024-06-05 19:00:00+03:00,8.67,1661.05
2024-06-05 20:00:00+03:00,11.3,1700.5
2024-06-05 21:00:00+03:00,12.11,1957.825
2024-06-05 22:00:00+03:00,12.41,2393.0
2024-06-05 23:00:00+03:00,11.29,2707.9
2024-06-06 00:00:00+03:00,7.36,2537.225
2024-06-06 01:00:00+03:00,0.01,2097.175
2024-06-06 02:00:00+03:00,2.22,1730.375
2024-06-06 03:00:00+03:00,5.85,1346.65
2024-06-06 04:00:00+03:00,7.87,900.22
2024-06-06 05:00:00+03:00,10.42,684.6525
2024-06-06 06:00:00+03:00,12.98,561.185
2024-06-06 07:00:00+03:00,14.77,251.97
2024-06-06 08:00:00+03:00,48.05,173.1175
2024-06-06 09:00:00+03:00,60.01,248.6775
2024-06-06 10:00:00+03:00,45.01,406.0125
2024-06-06 11:00:00+03:00,32.9,464.65000000000003
2024-06-06 12:00:00+03:00,14.83,568.005
2024-06-06 13:00:00+03:00,13.88,730.3025
2024-06-06 14:00:00+03:00,12.65,1217.9
2024-06-06 15:00:00+03:00,12.55,1653.0
2024-06-06 16:00:00+03:00,13.09,2137.625
2024-06-06 17:00:00+03:00,14.79,2030.15
2024-06-06 18:00:00+03:00,17.0,1931.975
2024-06-06 19:00:00+03:00,18.96,1943.775
2024-06-06 20:00:00+03:00,22.71,1518.85
2024-06-06 21:00:00+03:00,19.4,1536.625
2024-06-06 22:00:00+03:00,18.78,1628.4
2024-06-06 23:00:00+03:00,15.78,1549.0749999999998
2024-06-07 00:00:00+03:00,12.45,1576.3
2024-06-07 01:00:00+03:00,11.98,1901.725
2024-06-07 02:00:00+03:00,11.48,1865.075
2024-06-07 03:00:00+03:00,12.82,1756.9
2024-06-07 04:00:00+03:00,14.71,1506.375
2024-06-07 05:00:00+03:00,18.2,1467.65
2024-06-07 06:00:00+03:00,21.86,1158.545
2024-06-07 07:00:00+03:00,50.23,618.1474999999999
2024-06-07 08:00:00+03:00,119.05,283.7525
2024-06-07 09:00:00+03:00,110.07,450.26
2024-06-07 10:00:00+03:00,86.3,699.2675
2024-06-07 11:00:00+03:00,61.0,781.0275
2024-06-07 12:00:00+03:00,85.48,781.115
2024-06-07 13:00:00+03:00,101.59,811.085
2024-06-07 14:00:00+03:00,95.54,870.7075
2024-06-07 15:00:00+03:00,76.0,873.8
2024-06-07 16:00:00+03:00,80.01,905.0325
2024-06-07 17:00:00+03:00,49.0,883.1075
2024-06-07 18:00:00+03:00,80.77,691.4875
2024-06-07 19:00:00+03:00,127.96,522.4075
2024-06-07 20:00:00+03:00,190.05,513.575
2024-06-07 21:00:00+03:00,49.07,483.28
2024-06-07 22:00:00+03:00,45.75,543.2825
2024-06-07 23:00:00+03:00,29.33,632.925
2024-06-08 00:00:00+03:00,23.13,631.63
2024-06-08 01:00:00+03:00,22.62,632.9475
2024-06-08 02:00:00+03:00,21.77,632.0
2024-06-08 03:00:00+03:00,20.89,670.1475
2024-06-08 04:00:00+03:00,20.59,718.4075
2024-06-08 05:00:00+03:00,20.5,789.2225000000001
2024-06-08 06:00:00+03:00,20.82,843.61
2024-06-08 07:00:00+03:00,24.95,550.6325
2024-06-08 08:00:00+03:00,28.32,352.4175
2024-06-08 09:00:00+03:00,29.47,365.3575
2024-06-08 10:00:00+03:00,15.1,371.425
2024-06-08 11:00:00+03:00,4.09,478.255
2024-06-08 12:00:00+03:00,4.09,617.665
2024-06-08 13:00:00+03:00,3.09,487.5925
2024-06-08 14:00:00+03:00,3.62,411.49
2024-06-08 15:00:00+03:00,3.1,360.5925
2024-06-08 16:00:00+03:00,4.99,349.1075
2024-06-08 17:00:00+03:00,15.5,346.34749999999997
2024-06-08 18:00:00+03:00,29.46,396.6575
2024-06-08 19:00:00+03:00,69.03,403.6375
2024-06-08 20:00:00+03:00,60.01,320.6875
2024-06-08 21:00:00+03:00,26.08,262.5675
2024-06-08 22:00:00+03:00,52.86,272.645
2024-06-08 23:00:00+03:00,20.6,387.4425
2024-06-09 00:00:00+03:00,18.13,533.275
2024-06-09 01:00:00+03:00,15.33,721.3199999999999
2024-06-09 02:00:00+03:00,12.95,798.0825
2024-06-09 03:00:00+03:00,9.03,808.1949999999999
2024-06-09 04:00:00+03:00,4.99,937.7
2024-06-09 05:00:00+03:00,4.09,1215.15
2024-06-09 06:00:00+03:00,1.87,1295.4
2024-06-09 07:00:00+03:00,0.72,1194.95
2024-06-09 08:00:00+03:00,0.78,1345.625
2024-06-09 09:00:00+03:00,-0.13,1441.5749999999998
2024-06-09 10:00:00+03:00,-2.01,1424.5
2024-06-09 11:00:00+03:00,-5.0,1440.375
2024-06-09 12:00:00+03:00,-6.55,1605.05
2024-06-09 13:00:00+03:00,-2.45,1900.05
2024-06-09 14:00:00+03:00,-3.0,1951.45
2024-06-09 15:00:00+03:00,-5.16,2123.625
2024-06-09 16:00:00+03:00,-6.58,2049.75
2024-06-09 17:00:00+03:00,-4.99,2041.35
2024-06-09 18:00:00+03:00,-0.59,2170.325
2024-06-09 19:00:00+03:00,6.1,1980.125
2024-06-09 20:00:00+03:00,13.02,1764.375
2024-06-09 21:00:00+03:00,12.74,1710.575
2024-06-09 22:00:00+03:00,17.45,1646.6
2024-06-09 23:00:00+03:00,16.68,1988.5749999999998
2024-06-10 00:00:00+03:00,15.82,1966.725
2024-06-10 01:00:00+03:00,14.69,2014.475
2024-06-10 02:00:00+03:00,12.81,1979.6
2024-06-10 03:00:00+03:00,11.86,2000.825
2024-06-10 04:00:00+03:00,10.98,1913.1
2024-06-10 05:00:00+03:00,15.29,2076.35
2024-06-10 06:00:00+03:00,27.68,1641.55
2024-06-10 07:00:00+03:00,31.22,1079.2175
2024-06-10 08:00:00+03:00,80.4,854.39
2024-06-10 09:00:00+03:00,84.99,1071.2675
2024-06-10 10:00:00+03:00,70.01,1181.95
2024-06-10 11:00:00+03:00,50.93,1223.6
2024-06-10 12:00:00+03:00,63.63,1359.8
2024-06-10 13:00:00+03:00,41.0,1491.025
2024-06-10 14:00:00+03:00,32.03,1666.875
2024-06-10 15:00:00+03:00,32.0,1713.9
2024-06-10 16:00:00+03:00,31.83,1424.65
2024-06-10 17:00:00+03:00,32.9,1300.05
2024-06-10 18:00:00+03:00,32.85,1372.125
2024-06-10 19:00:00+03:00,62.05,1439.55
2024-06-10 20:00:00+03:00,59.01,1498.325
2024-06-10 21:00:00+03:00,33.4,1602.275
2024-06-10 22:00:00+03:00,32.41,2024.05
2024-06-10 23:00:00+03:00,31.5,2222.05
2024-06-11 00:00:00+03:00,27.41,2259.575
2024-06-11 01:00:00+03:00,30.57,2267.8
2024-06-11 02:00:00+03:00,29.99,2161.2
2024-06-11 03:00:00+03:00,29.92,2108.775
2024-06-11 04:00:00+03:00,29.93,1999.525
2024-06-11 05:00:00+03:00,31.51,1877.1
2024-06-11 06:00:00+03:00,37.5,1625.4
2024-06-11 07:00:00+03:00,75.34,1251.8
2024-06-11 08:00:00+03:00,102.48,1143.925
2024-06-11 09:00:00+03:00,91.94,1217.7
2024-06-11 10:00:00+03:00,68.27,1132.975
2024-06-11 11:00:00+03:00,56.06,1077.65
2024-06-11 12:00:00+03:00,48.0,1049.0575
2024-06-11 13:00:00+03:00,51.73,1011.505
2024-06-11 14:00:00+03:00,51.5,915.8825
2024-06-11 15:00:00+03:00,48.0,806.4525
2024-06-11 16:00:00+03:00,42.01,834.5675
2024-06-11 17:00:00+03:00,54.0,913.025
2024-06-11 18:00:00+03:00,37.97,849.4200000000001
2024-06-11 19:00:00+03:00,71.65,643.29
2024-06-11 20:00:00+03:00,114.13,532.6975
2024-06-11 21:00:00+03:00,123.19,468.2975
2024-06-11 22:00:00+03:00,119.44,472.73
2024-06-11 23:00:00+03:00,101.1,599.735
2024-06-12 00:00:00+03:00,49.14,652.485
2024-06-12 01:00:00+03:00,32.4,626.0425
2024-06-12 02:00:00+03:00,31.8,609.7925
2024-06-12 03:00:00+03:00,30.64,548.185
2024-06-12 04:00:00+03:00,30.93,431.8125
2024-06-12 05:00:00+03:00,31.72,368.9325
2024-06-12 06:00:00+03:00,36.01,329.3275
2024-06-12 07:00:00+03:00,124.84,161.74
2024-06-12 08:00:00+03:00,145.04,65.2925
2024-06-12 09:00:00+03:00,133.87,74.7575
2024-06-12 10:00:00+03:00,106.0,157.6475
2024-06-12 11:00:00+03:00,84.39,305.765
2024-06-12 12:00:00+03:00,62.08,373.3375
2024-06-12 13:00:00+03:00,59.77,513.535
2024-06-12 14:00:00+03:00,50.85,677.2225
2024-06-12 15:00:00+03:00,46.01,562.445
2024-06-12 16:00:00+03:00,49.99,471.4375
2024-06-12 17:00:00+03:00,62.02,398.845
2024-06-12 18:00:00+03:00,107.41,288.635
2024-06-12 19:00:00+03:00,125.0,211.405
2024-06-12 20:00:00+03:00,140.02,102.47
2024-06-12 21:00:00+03:00,154.74,51.775
2024-06-12 22:00:00+03:00,153.08,54.3675
2024-06-12 23:00:00+03:00,134.96,56.3925
2024-06-13 00:00:00+03:00,41.19,67.0825
2024-06-13 01:00:00+03:00,49.67,91.475
2024-06-13 02:00:00+03:00,46.6,81.7775
2024-06-13 03:00:00+03:00,48.0,56.1025
2024-06-13 04:00:00+03:00,45.77,26.5075
2024-06-13 05:00:00+03:00,42.01,22.4
2024-06-13 06:00:00+03:00,102.62,35.35
2024-06-13 07:00:00+03:00,180.08,16.6
2024-06-13 08:00:00+03:00,299.62,37.715
2024-06-13 09:00:00+03:00,148.58,53.39
2024-06-13 10:00:00+03:00,91.07,40.615
2024-06-13 11:00:00+03:00,113.02,144.26
2024-06-13 12:00:00+03:00,98.96,292.5775
2024-06-13 13:00:00+03:00,128.01,289.645
2024-06-13 14:00:00+03:00,128.0,266.3825
2024-06-13 15:00:00+03:00,180.05,269.5825
2024-06-13 16:00:00+03:00,113.04,364.875
2024-06-13 17:00:00+03:00,111.4,401.525
2024-06-13 18:00:00+03:00,140.15,285.9625
2024-06-13 19:00:00+03:00,180.07,205.775
2024-06-13 20:00:00+03:00,266.99,169.5325
2024-06-13 21:00:00+03:00,167.22,185.09
2024-06-13 22:00:00+03:00,162.96,278.94
2024-06-13 23:00:00+03:00,60.03,343.02250000000004
2024-06-14 00:00:00+03:00,40.43,341.175
2024-06-14 01:00:00+03:00,34.07,458.90250000000003
2024-06-14 02:00:00+03:00,33.56,632.23
2024-06-14 03:00:00+03:00,33.1,699.6475
2024-06-14 04:00:00+03:00,32.92,711.7175
2024-06-14 05:00:00+03:00,33.26,710.1575
2024-06-14 06:00:00+03:00,35.74,633.2125000000001
2024-06-14 07:00:00+03:00,86.38,284.7975
2024-06-14 08:00:00+03:00,139.99,130.0925
2024-06-14 09:00:00+03:00,180.07,185.735
2024-06-14 10:00:00+03:00,161.94,244.615
2024-06-14 11:00:00+03:00,139.93,286.435
2024-06-14 12:00:00+03:00,100.0,500.7325
2024-06-14 13:00:00+03:00,95.41,671.1025
2024-06-14 14:00:00+03:00,99.99,815.8875
2024-06-14 15:00:00+03:00,84.02,595.7225000000001
2024-06-14 16:00:00+03:00,84.03,596.9725
2024-06-14 17:00:00+03:00,84.03,653.415
2024-06-14 18:00:00+03:00,86.66,543.2475
2024-06-14 19:00:00+03:00,180.09,708.78
2024-06-14 20:00:00+03:00,145.75,631.2375
2024-06-14 21:00:00+03:00,52.14,339.6725
2024-06-14 22:00:00+03:00,48.0,231.49
2024-06-14 23:00:00+03:00,34.64,300.88
2024-06-15 00:00:00+03:00,31.03,343.0575
2024-06-15 01:00:00+03:00,34.13,384.09000000000003
2024-06-15 02:00:00+03:00,32.79,458.855
2024-06-15 03:00:00+03:00,29.97,528.0625
2024-06-15 04:00:00+03:00,28.86,652.19
2024-06-15 05:00:00+03:00,22.51,684.7175
2024-06-15 06:00:00+03:00,10.04,545.7025
2024-06-15 07:00:00+03:00,3.41,421.13
2024-06-15 08:00:00+03:00,5.59,320.1625
2024-06-15 09:00:00+03:00,5.13,411.3575
2024-06-15 10:00:00+03:00,4.99,588.265
2024-06-15 11:00:00+03:00,4.99,812.495
2024-06-15 12:00:00+03:00,4.99,1071.215
2024-06-15 13:00:00+03:00,5.0,1234.45
2024-06-15 14:00:00+03:00,4.99,1250.55
2024-06-15 15:00:00+03:00,7.4,1000.065
2024-06-15 16:00:00+03:00,14.06,919.9250000000001
2024-06-15 17:00:00+03:00,12.06,739.425
2024-06-15 18:00:00+03:00,30.0,559.3875
2024-06-15 19:00:00+03:00,24.99,487.935
2024-06-15 20:00:00+03:00,34.03,356.235
2024-06-15 21:00:00+03:00,34.01,353.1875
2024-06-15 22:00:00+03:00,33.21,453.30499999999995
2024-06-15 23:00:00+03:00,31.19,719.9275
2024-06-16 00:00:00+03:00,27.71,847.6800000000001
2024-06-16 01:00:00+03:00,24.31,992.7875
2024-06-16 02:00:00+03:00,10.36,927.785
2024-06-16 03:00:00+03:00,4.92,783.81
2024-06-16 04:00:00+03:00,2.92,876.4200000000001
2024-06-16 05:00:00+03:00,2.19,1017.95
2024-06-16 06:00:00+03:00,2.53,1139.525
2024-06-16 07:00:00+03:00,2.95,1096.95
2024-06-16 08:00:00+03:00,0.69,1021.0
2024-06-16 09:00:00+03:00,-0.02,986.985
2024-06-16 10:00:00+03:00,-0.8,1060.45
2024-06-16 11:00:00+03:00,0.0,1140.375
2024-06-16 12:00:00+03:00,-0.1,1118.65
2024-06-16 13:00:00+03:00,-0.89,1279.925
2024-06-16 14:00:00+03:00,-0.8,1331.425
2024-06-16 15:00:00+03:00,-0.11,1447.275
2024-06-16 16:00:00+03:00,0.0,1551.55
2024-06-16 17:00:00+03:00,6.7,1504.85
2024-06-16 18:00:00+03:00,24.19,1496.6
2024-06-16 19:00:00+03:00,34.84,1381.525
2024-06-16 20:00:00+03:00,37.85,1317.175
2024-06-16 21:00:00+03:00,37.63,1314.1
2024-06-16 22:00:00+03:00,37.09,1345.675
2024-06-16 23:00:00+03:00,36.11,1394.6
2024-06-17 00:00:00+03:00,33.26,1512.9
2024-06-17 01:00:00+03:00,31.44,1520.675
2024-06-17 02:00:00+03:00,18.76,1430.5
2024-06-17 03:00:00+03:00,25.0,1295.4
2024-06-17 04:00:00+03:00,31.79,1189.275
2024-06-17 05:00:00+03:00,33.18,1136.75
2024-06-17 06:00:00+03:00,35.0,998.02
2024-06-17 07:00:00+03:00,39.58,786.595
2024-06-17 08:00:00+03:00,72.05,505.5325
2024-06-17 09:00:00+03:00,107.41,326.8275
2024-06-17 10:00:00+03:00,82.69,250.8075
2024-06-17 11:00:00+03:00,82.99,331.5
2024-06-17 12:00:00+03:00,82.99,450.32
2024-06-17 13:00:00+03:00,107.22,609.2975
2024-06-17 14:00:00+03:00,83.0,737.7
2024-06-17 15:00:00+03:00,108.16,882.2574999999999
2024-06-17 16:00:00+03:00,62.33,1076.315
2024-06-17 17:00:00+03:00,52.34,1113.525
2024-06-17 18:00:00+03:00,80.1,1011.9
2024-06-17 19:00:00+03:00,104.71,976.0775
2024-06-17 20:00:00+03:00,134.97,791.54
2024-06-17 21:00:00+03:00,47.98,902.0575
2024-06-17 22:00:00+03:00,41.02,1174.625
2024-06-17 23:00:00+03:00,39.64,1314.075
2024-06-18 00:00:00+03:00,36.72,1305.9
2024-06-18 01:00:00+03:00,14.09,1361.575
2024-06-18 02:00:00+03:00,35.05,1443.05
2024-06-18 03:00:00+03:00,35.08,1409.175
2024-06-18 04:00:00+03:00,35.12,1298.925
2024-06-18 05:00:00+03:00,35.51,1059.425
2024-06-18 06:00:00+03:00,38.68,785.1875
2024-06-18 07:00:00+03:00,57.6,507.2475
2024-06-18 08:00:00+03:00,126.62,338.1625
2024-06-18 09:00:00+03:00,110.06,235.26
2024-06-18 10:00:00+03:00,75.38,303.4325
2024-06-18 11:00:00+03:00,62.36,353.97249999999997
2024-06-18 12:00:00+03:00,54.5,432.2675
2024-06-18 13:00:00+03:00,42.48,825.9625
2024-06-18 14:00:00+03:00,39.83,977.9649999999999
2024-06-18 15:00:00+03:00,39.26,693.22
2024-06-18 16:00:00+03:00,38.5,644.2175
2024-06-18 17:00:00+03:00,37.72,664.52
2024-06-18 18:00:00+03:00,39.02,739.0725
2024-06-18 19:00:00+03:00,39.66,834.4775
2024-06-18 20:00:00+03:00,39.65,888.1725
2024-06-18 21:00:00+03:00,39.18,931.5225
2024-06-18 22:00:00+03:00,37.24,1200.725
2024-06-18 23:00:00+03:00,34.14,1459.275
2024-06-19 00:00:00+03:00,30.47,1714.075
2024-06-19 01:00:00+03:00,27.51,1835.6
2024-06-19 02:00:00+03:00,18.63,1901.725
2024-06-19 03:00:00+03:00,13.68,2241.1499999999996
2024-06-19 04:00:00+03:00,13.62,2190.8
2024-06-19 05:00:00+03:00,23.19,1930.55
2024-06-19 06:00:00+03:00,26.11,1558.6
2024-06-19 07:00:00+03:00,36.71,1158.05
2024-06-19 08:00:00+03:00,108.55,1186.975
2024-06-19 09:00:00+03:00,100.9,1514.7
2024-06-19 10:00:00+03:00,28.76,2012.6750000000002
2024-06-19 11:00:00+03:00,26.76,2266.725
2024-06-19 12:00:00+03:00,26.39,2357.025
2024-06-19 13:00:00+03:00,25.91,2397.3
2024-06-19 14:00:00+03:00,25.4,2211.15
2024-06-19 15:00:00+03:00,21.87,1915.625
2024-06-19 16:00:00+03:00,18.95,1774.425
2024-06-19 17:00:00+03:00,17.87,1677.975
2024-06-19 18:00:00+03:00,19.23,1554.275
2024-06-19 19:00:00+03:00,19.01,1447.225
2024-06-19 20:00:00+03:00,17.99,1545.925
2024-06-19 21:00:00+03:00,13.69,1672.425
2024-06-19 22:00:00+03:00,2.29,1722.275
2024-06-19 23:00:00+03:00,0.0,1856.75
2024-06-20 00:00:00+03:00,-1.79,1578.525
2024-06-20 01:00:00+03:00,-0.87,1672.25
2024-06-20 02:00:00+03:00,-1.76,1507.9250000000002
2024-06-20 03:00:00+03:00,-5.0,1359.6999999999998
2024-06-20 04:00:00+03:00,-8.25,1396.475
2024-06-20 05:00:00+03:00,-2.5,1446.625
2024-06-20 06:00:00+03:00,-1.0,1875.55
2024-06-20 07:00:00+03:00,0.0,2123.35
2024-06-20 08:00:00+03:00,16.2,2017.75
2024-06-20 09:00:00+03:00,23.03,1872.775
2024-06-20 10:00:00+03:00,18.86,1951.975
2024-06-20 11:00:00+03:00,14.9,1952.55
2024-06-20 12:00:00+03:00,10.4,2490.4
2024-06-20 13:00:00+03:00,0.01,2437.55
2024-06-20 14:00:00+03:00,0.0,2450.025
2024-06-20 15:00:00+03:00,-0.01,2237.0
2024-06-20 16:00:00+03:00,-0.1,2145.3
2024-06-20 17:00:00+03:00,-0.05,2108.85
2024-06-20 18:00:00+03:00,0.0,2255.625
2024-06-20 19:00:00+03:00,1.5,2004.775
2024-06-20 20:00:00+03:00,3.01,2021.475
2024-06-20 21:00:00+03:00,2.37,1921.275
2024-06-20 22:00:00+03:00,2.02,2272.85
2024-06-20 23:00:00+03:00,-0.03,2348.75
2024-06-21 00:00:00+03:00,-2.43,1835.25
2024-06-21 01:00:00+03:00,-2.0,2064.05
2024-06-21 02:00:00+03:00,-2.43,1983.1750000000002
2024-06-21 03:00:00+03:00,-5.01,1979.1
2024-06-21 04:00:00+03:00,-6.58,1861.55
2024-06-21 05:00:00+03:00,-2.51,1840.325
2024-06-21 06:00:00+03:00,-2.07,1972.85
2024-06-21 07:00:00+03:00,-1.72,2114.65
2024-06-21 08:00:00+03:00,-0.37,2152.575
2024-06-21 09:00:00+03:00,-0.11,2237.325
2024-06-21 10:00:00+03:00,-0.11,2187.625
2024-06-21 11:00:00+03:00,-0.68,2272.475
2024-06-21 12:00:00+03:00,-0.89,2367.55
2024-06-21 13:00:00+03:00,-1.7,2227.875
2024-06-21 14:00:00+03:00,-1.75,2229.375
2024-06-21 15:00:00+03:00,-1.5,2284.25
2024-06-21 16:00:00+03:00,-1.0,2313.9249999999997
2024-06-21 17:00:00+03:00,-0.1,2261.35
2024-06-21 18:00:00+03:00,-0.01,2061.55
2024-06-21 19:00:00+03:00,0.01,1975.625
2024-06-21 20:00:00+03:00,4.03,1773.55
2024-06-21 21:00:00+03:00,1.57,1572.85
2024-06-21 22:00:00+03:00,1.31,1810.075
2024-06-21 23:00:00+03:00,0.01,2154.2
2024-06-22 00:00:00+03:00,0.0,1887.25
2024-06-22 01:00:00+03:00,-0.01,1631.775
2024-06-22 02:00:00+03:00,-0.04,1377.9
2024-06-22 03:00:00+03:00,-0.06,1372.7
2024-06-22 04:00:00+03:00,0.01,1202.5
2024-06-22 05:00:00+03:00,3.64,825.5125
2024-06-22 06:00:00+03:00,20.82,508.0675
2024-06-22 07:00:00+03:00,32.03,296.1225
2024-06-22 08:00:00+03:00,34.75,210.1025
2024-06-22 09:00:00+03:00,35.59,264.98
2024-06-22 10:00:00+03:00,34.34,439.645
2024-06-22 11:00:00+03:00,12.85,615.5125
2024-06-22 12:00:00+03:00,3.69,760.1825
2024-06-22 13:00:00+03:00,2.72,869.4300000000001
2024-06-22 14:00:00+03:00,0.1,1008.9525000000001
2024-06-22 15:00:00+03:00,0.22,929.1925
2024-06-22 16:00:00+03:00,3.7,709.9675
2024-06-22 17:00:00+03:00,11.74,620.6525
2024-06-22 18:00:00+03:00,35.08,583.0825
2024-06-22 19:00:00+03:00,36.59,593.625
2024-06-22 20:00:00+03:00,36.19,601.195
2024-06-22 21:00:00+03:00,35.62,646.4975
2024-06-22 22:00:00+03:00,34.42,927.835
2024-06-22 23:00:00+03:00,19.46,1323.9
2024-06-23 00:00:00+03:00,3.39,1589.55
2024-06-23 01:00:00+03:00,0.0,1598.375
2024-06-23 02:00:00+03:00,-0.01,1426.525
2024-06-23 03:00:00+03:00,-0.02,1468.5
2024-06-23 04:00:00+03:00,0.0,1501.5500000000002
2024-06-23 05:00:00+03:00,0.0,1173.8
2024-06-23 06:00:00+03:00,1.03,991.24
2024-06-23 07:00:00+03:00,18.01,503.0425
2024-06-23 08:00:00+03:00,34.99,188.16500000000002
2024-06-23 09:00:00+03:00,25.42,92.2525
2024-06-23 10:00:00+03:00,9.94,61.025000000000006
2024-06-23 11:00:00+03:00,4.07,49.225
2024-06-23 12:00:00+03:00,1.6,91.58
2024-06-23 13:00:00+03:00,1.18,111.0575
2024-06-23 14:00:00+03:00,0.44,112.6475
2024-06-23 15:00:00+03:00,0.09,176.655
2024-06-23 16:00:00+03:00,1.74,229.9475
2024-06-23 17:00:00+03:00,4.99,327.3375
2024-06-23 18:00:00+03:00,25.73,375.4925
2024-06-23 19:00:00+03:00,36.83,312.635
2024-06-23 20:00:00+03:00,36.53,279.3225
2024-06-23 21:00:00+03:00,34.44,391.995
2024-06-23 22:00:00+03:00,31.91,817.85
2024-06-23 23:00:00+03:00,29.14,711.92
2024-06-24 00:00:00+03:00,27.1,648.955
2024-06-24 01:00:00+03:00,24.54,798.4225
2024-06-24 02:00:00+03:00,23.32,893.1225
2024-06-24 03:00:00+03:00,22.19,1062.475
2024-06-24 04:00:00+03:00,20.59,1140.8
2024-06-24 05:00:00+03:00,22.19,1069.42
2024-06-24 06:00:00+03:00,26.81,777.3824999999999
2024-06-24 07:00:00+03:00,31.95,637.4575
2024-06-24 08:00:00+03:00,35.27,787.01
2024-06-24 09:00:00+03:00,36.31,532.565
2024-06-24 10:00:00+03:00,36.86,405.1125
2024-06-24 11:00:00+03:00,36.8,423.59
2024-06-24 12:00:00+03:00,36.51,622.3275
2024-06-24 13:00:00+03:00,31.81,859.26
2024-06-24 14:00:00+03:00,29.96,1272.45
2024-06-24 15:00:00+03:00,30.93,1502.925
2024-06-24 16:00:00+03:00,35.65,1436.025
2024-06-24 17:00:00+03:00,35.7,1415.375
2024-06-24 18:00:00+03:00,35.72,1319.0
2024-06-24 19:00:00+03:00,36.26,1247.125
2024-06-24 20:00:00+03:00,36.19,1064.6999999999998
2024-06-24 21:00:00+03:00,36.13,1110.275
2024-06-24 22:00:00+03:00,35.8,1337.975
2024-06-24 23:00:00+03:00,34.99,1658.025
2024-06-25 00:00:00+03:00,9.7,1874.375
2024-06-25 01:00:00+03:00,28.83,2120.525
2024-06-25 02:00:00+03:00,27.67,1977.125
2024-06-25 03:00:00+03:00,27.19,1502.225
2024-06-25 04:00:00+03:00,27.3,1415.325
2024-06-25 05:00:00+03:00,28.17,1268.025
2024-06-25 06:00:00+03:00,31.02,1242.75
2024-06-25 07:00:00+03:00,34.36,1247.55
2024-06-25 08:00:00+03:00,36.45,1273.55
2024-06-25 09:00:00+03:00,37.27,1660.3
2024-06-25 10:00:00+03:00,36.77,2135.2
2024-06-25 11:00:00+03:00,34.26,2267.3
2024-06-25 12:00:00+03:00,28.38,2215.7
2024-06-25 13:00:00+03:00,26.1,2402.25
2024-06-25 14:00:00+03:00,22.08,2309.025
2024-06-25 15:00:00+03:00,22.77,2504.8
2024-06-25 16:00:00+03:00,25.95,2373.575
2024-06-25 17:00:00+03:00,32.96,2391.65
2024-06-25 18:00:00+03:00,34.52,2285.05
2024-06-25 19:00:00+03:00,35.42,2211.675
2024-06-25 20:00:00+03:00,35.34,2059.75
2024-06-25 21:00:00+03:00,35.03,1968.0
2024-06-25 22:00:00+03:00,34.18,2143.125
2024-06-25 23:00:00+03:00,32.94,2438.0
2024-06-26 00:00:00+03:00,32.84,2629.0
2024-06-26 01:00:00+03:00,-0.84,2199.125
2024-06-26 02:00:00+03:00,-0.31,2213.425
2024-06-26 03:00:00+03:00,-0.1,1969.575
2024-06-26 04:00:00+03:00,0.0,1776.8
2024-06-26 05:00:00+03:00,2.81,1538.875
2024-06-26 06:00:00+03:00,24.29,1014.55
2024-06-26 07:00:00+03:00,29.1,464.89750000000004
2024-06-26 08:00:00+03:00,34.0,252.735
2024-06-26 09:00:00+03:00,35.55,220.1975
2024-06-26 10:00:00+03:00,35.14,281.96000000000004
2024-06-26 11:00:00+03:00,35.31,512.4175
2024-06-26 12:00:00+03:00,33.6,762.365
2024-06-26 13:00:00+03:00,32.9,871.1975
2024-06-26 14:00:00+03:00,32.64,841.935
2024-06-26 15:00:00+03:00,32.57,889.0825
2024-06-26 16:00:00+03:00,32.65,930.5675
2024-06-26 17:00:00+03:00,33.07,1024.0
2024-06-26 18:00:00+03:00,33.66,842.33
2024-06-26 19:00:00+03:00,34.93,789.1775
2024-06-26 20:00:00+03:00,34.96,489.69
2024-06-26 21:00:00+03:00,33.79,353.425
2024-06-26 22:00:00+03:00,33.7,550.7275
2024-06-26 23:00:00+03:00,33.0,812.175
2024-06-27 00:00:00+03:00,31.56,1104.6225
2024-06-27 01:00:00+03:00,28.41,1252.1
2024-06-27 02:00:00+03:00,27.06,1278.6999999999998
2024-06-27 03:00:00+03:00,26.0,1228.575
2024-06-27 04:00:00+03:00,24.92,936.6225
2024-06-27 05:00:00+03:00,25.8,573.4375
2024-06-27 06:00:00+03:00,26.56,271.5
2024-06-27 07:00:00+03:00,29.23,76.9975
2024-06-27 08:00:00+03:00,32.91,31.525
2024-06-27 09:00:00+03:00,35.16,54.565
2024-06-27 10:00:00+03:00,34.79,65.225
2024-06-27 11:00:00+03:00,33.71,64.25
2024-06-27 12:00:00+03:00,29.46,64.1775
2024-06-27 13:00:00+03:00,29.71,73.1825
2024-06-27 14:00:00+03:00,28.94,118.4675
2024-06-27 15:00:00+03:00,26.84,130.4725
2024-06-27 16:00:00+03:00,24.99,141.9675
2024-06-27 17:00:00+03:00,27.04,123.8175
2024-06-27 18:00:00+03:00,29.23,106.575
2024-06-27 19:00:00+03:00,29.3,83.97749999999999
2024-06-27 20:00:00+03:00,28.07,79.545
2024-06-27 21:00:00+03:00,25.34,123.30000000000001
2024-06-27 22:00:00+03:00,22.32,252.1925
2024-06-27 23:00:00+03:00,15.09,526.65
2024-06-28 00:00:00+03:00,3.51,983.275
2024-06-28 01:00:00+03:00,3.2,1465.275
2024-06-28 02:00:00+03:00,3.04,1822.9250000000002
2024-06-28 03:00:00+03:00,0.0,1884.6
2024-06-28 04:00:00+03:00,0.0,1974.15
2024-06-28 05:00:00+03:00,0.05,2109.375
2024-06-28 06:00:00+03:00,4.43,2166.75
2024-06-28 07:00:00+03:00,16.95,1455.175
2024-06-28 08:00:00+03:00,28.01,719.615
2024-06-28 09:00:00+03:00,30.25,551.9775
2024-06-28 10:00:00+03:00,29.2,635.525
2024-06-28 11:00:00+03:00,22.09,890.9075
2024-06-28 12:00:00+03:00,4.39,1326.875
2024-06-28 13:00:00+03:00,1.19,1540.75
2024-06-28 14:00:00+03:00,-0.02,1326.375
2024-06-28 15:00:00+03:00,-0.8,1274.275
2024-06-28 16:00:00+03:00,-0.9,1341.1
2024-06-28 17:00:00+03:00,-0.02,1446.425
2024-06-28 18:00:00+03:00,3.23,1823.75
2024-06-28 19:00:00+03:00,12.84,1892.1
2024-06-28 20:00:00+03:00,19.17,1827.975
2024-06-28 21:00:00+03:00,14.1,1851.925
2024-06-28 22:00:00+03:00,1.17,2317.4
2024-06-28 23:00:00+03:00,-0.07,2622.05
2024-06-29 00:00:00+03:00,-2.0,2349.525
2024-06-29 01:00:00+03:00,-0.09,3072.3
2024-06-29 02:00:00+03:00,-0.1,3062.475
2024-06-29 03:00:00+03:00,-0.31,3035.8
2024-06-29 04:00:00+03:00,-1.01,2715.05
2024-06-29 05:00:00+03:00,-1.1,2654.875
2024-06-29 06:00:00+03:00,-1.01,2371.1
2024-06-29 07:00:00+03:00,-0.58,2363.275
2024-06-29 08:00:00+03:00,-0.08,2577.425
2024-06-29 09:00:00+03:00,-0.06,2439.4
2024-06-29 10:00:00+03:00,-0.11,2443.425
2024-06-29 11:00:00+03:00,-1.99,2493.025
2024-06-29 12:00:00+03:00,-2.29,2276.35
2024-06-29 13:00:00+03:00,-2.01,2018.775
2024-06-29 14:00:00+03:00,-2.09,2103.875
2024-06-29 15:00:00+03:00,-2.42,2403.75
2024-06-29 16:00:00+03:00,-2.29,2712.95
2024-06-29 17:00:00+03:00,-1.48,3010.55
2024-06-29 18:00:00+03:00,-0.11,3325.05
2024-06-29 19:00:00+03:00,0.0,3428.675
2024-06-29 20:00:00+03:00,0.0,3435.175
2024-06-29 21:00:00+03:00,0.0,3223.4
2024-06-29 22:00:00+03:00,1.5,3184.525
2024-06-29 23:00:00+03:00,0.01,3251.75
2024-06-30 00:00:00+03:00,0.0,3080.55
2024-06-30 01:00:00+03:00,-0.02,2559.225
2024-06-30 02:00:00+03:00,0.0,2697.775
2024-06-30 03:00:00+03:00,0.0,2615.875
2024-06-30 04:00:00+03:00,0.02,2311.75
2024-06-30 05:00:00+03:00,2.53,2078.575
2024-06-30 06:00:00+03:00,13.14,1547.1000000000001
2024-06-30 07:00:00+03:00,26.87,1328.925
2024-06-30 08:00:00+03:00,20.42,1113.625
2024-06-30 09:00:00+03:00,6.83,1235.25
2024-06-30 10:00:00+03:00,0.82,1519.825
2024-06-30 11:00:00+03:00,0.0,1611.8
2024-06-30 12:00:00+03:00,0.0,1754.075
2024-06-30 13:00:00+03:00,0.0,1686.7
2024-06-30 14:00:00+03:00,0.0,1873.7
2024-06-30 15:00:00+03:00,0.0,1926.525
2024-06-30 16:00:00+03:00,0.0,1880.975
2024-06-30 17:00:00+03:00,7.71,1447.575
2024-06-30 18:00:00+03:00,29.86,1206.225
2024-06-30 19:00:00+03:00,32.77,1134.65
2024-06-30 20:00:00+03:00,32.73,947.545
2024-06-30 21:00:00+03:00,32.71,855.2
2024-06-30 22:00:00+03:00,32.62,827.825
2024-06-30 23:00:00+03:00,32.25,930.025
2024-07-01 00:00:00+03:00,30.93,1087.85
2024-07-01 01:00:00+03:00,30.23,996.3175
2024-07-01 02:00:00+03:00,29.56,1043.825
2024-07-01 03:00:00+03:00,28.85,1053.0674999999999
2024-07-01 04:00:00+03:00,28.62,1171.575
2024-07-01 05:00:00+03:00,28.85,1279.575
2024-07-01 06:00:00+03:00,30.5,1564.225
2024-07-01 07:00:00+03:00,32.43,1741.4499999999998
2024-07-01 08:00:00+03:00,34.03,1649.425
2024-07-01 09:00:00+03:00,35.0,1359.95
2024-07-01 10:00:00+03:00,35.4,1146.125
2024-07-01 11:00:00+03:00,34.9,964.4375
2024-07-01 12:00:00+03:00,34.17,876.035
2024-07-01 13:00:00+03:00,33.44,792.1324999999999
2024-07-01 14:00:00+03:00,33.17,724.765
2024-07-01 15:00:00+03:00,32.41,652.5
2024-07-01 16:00:00+03:00,32.55,641.51
2024-07-01 17:00:00+03:00,32.68,702.0675
2024-07-01 18:00:00+03:00,33.1,758.135
2024-07-01 19:00:00+03:00,34.04,787.1775
2024-07-01 20:00:00+03:00,33.91,711.4525
2024-07-01 21:00:00+03:00,33.46,755.84
2024-07-01 22:00:00+03:00,32.66,1058.28
2024-07-01 23:00:00+03:00,31.67,1097.325
2024-07-02 00:00:00+03:00,30.72,1186.175
2024-07-02 01:00:00+03:00,27.7,1305.15
2024-07-02 02:00:00+03:00,26.57,1361.7
2024-07-02 03:00:00+03:00,25.56,1296.55
2024-07-02 04:00:00+03:00,24.84,1330.225
2024-07-02 05:00:00+03:00,25.48,1404.525
2024-07-02 06:00:00+03:00,27.06,1479.85
2024-07-02 07:00:00+03:00,27.71,1355.125
2024-07-02 08:00:00+03:00,30.26,1324.975
2024-07-02 09:00:00+03:00,30.39,1551.925
2024-07-02 10:00:00+03:00,28.85,1827.975
2024-07-02 11:00:00+03:00,28.62,2292.825
2024-07-02 12:00:00+03:00,27.93,2603.925
2024-07-02 13:00:00+03:00,29.03,2539.3999999999996
2024-07-02 14:00:00+03:00,28.91,2497.5750000000003
2024-07-02 15:00:00+03:00,28.56,2532.175
2024-07-02 16:00:00+03:00,26.04,2761.15
2024-07-02 17:00:00+03:00,24.35,2718.15
2024-07-02 18:00:00+03:00,26.51,2612.275
2024-07-02 19:00:00+03:00,27.17,2454.15
2024-07-02 20:00:00+03:00,27.7,2454.95
2024-07-02 21:00:00+03:00,27.69,2227.3
2024-07-02 22:00:00+03:00,27.35,2274.5
2024-07-02 23:00:00+03:00,28.77,2348.1
2024-07-03 00:00:00+03:00,28.08,2310.85
2024-07-03 01:00:00+03:00,3.72,2177.725
2024-07-03 02:00:00+03:00,15.86,1960.725
2024-07-03 03:00:00+03:00,23.06,1816.625
2024-07-03 04:00:00+03:00,24.7,1430.9
2024-07-03 05:00:00+03:00,26.2,1016.22
2024-07-03 06:00:00+03:00,28.89,501.4
2024-07-03 07:00:00+03:00,33.46,159.0375
2024-07-03 08:00:00+03:00,35.34,84.2975
2024-07-03 09:00:00+03:00,36.33,67.9575
2024-07-03 10:00:00+03:00,36.67,143.66
2024-07-03 11:00:00+03:00,39.31,253.685
2024-07-03 12:00:00+03:00,39.12,304.1175
2024-07-03 13:00:00+03:00,37.98,299.225
2024-07-03 14:00:00+03:00,38.5,356.11
2024-07-03 15:00:00+03:00,37.95,403.365
2024-07-03 16:00:00+03:00,37.08,440.3825
2024-07-03 17:00:00+03:00,36.7,465.49
2024-07-03 18:00:00+03:00,35.99,468.10249999999996
2024-07-03 19:00:00+03:00,36.7,348.28
2024-07-03 20:00:00+03:00,35.97,295.28999999999996
2024-07-03 21:00:00+03:00,35.46,317.8675
2024-07-03 22:00:00+03:00,35.04,342.4575
2024-07-03 23:00:00+03:00,33.67,448.6975
2024-07-04 00:00:00+03:00,31.97,561.7975
2024-07-04 01:00:00+03:00,31.18,608.1675
2024-07-04 02:00:00+03:00,30.0,580.86
2024-07-04 03:00:00+03:00,25.64,614.915
2024-07-04 04:00:00+03:00,17.45,695.9525
2024-07-04 05:00:00+03:00,9.77,830.9300000000001
2024-07-04 06:00:00+03:00,10.02,878.02
2024-07-04 07:00:00+03:00,26.47,647.8325
2024-07-04 08:00:00+03:00,30.0,597.755
2024-07-04 09:00:00+03:00,30.33,725.4925000000001
2024-07-04 10:00:00+03:00,23.95,943.2225
2024-07-04 11:00:00+03:00,13.54,1064.8
2024-07-04 12:00:00+03:00,10.62,1192.175
2024-07-04 13:00:00+03:00,3.0,1387.35
2024-07-04 14:00:00+03:00,0.97,1631.425
2024-07-04 15:00:00+03:00,0.0,1708.55
2024-07-04 16:00:00+03:00,0.0,1875.9
2024-07-04 17:00:00+03:00,-0.01,1730.8
2024-07-04 18:00:00+03:00,1.51,2163.975
2024-07-04 19:00:00+03:00,11.72,2237.975
2024-07-04 20:00:00+03:00,26.38,2013.15
2024-07-04 21:00:00+03:00,25.22,1954.775
2024-07-04 22:00:00+03:00,23.82,2070.125
2024-07-04 23:00:00+03:00,17.96,2295.525
2024-07-05 00:00:00+03:00,13.26,2525.55
2024-07-05 01:00:00+03:00,6.92,2655.9
2024-07-05 02:00:00+03:00,4.71,2222.475
2024-07-05 03:00:00+03:00,4.12,1944.925
2024-07-05 04:00:00+03:00,2.67,1676.525
2024-07-05 05:00:00+03:00,2.92,1474.9
2024-07-05 06:00:00+03:00,5.72,1159.05
2024-07-05 07:00:00+03:00,19.99,828.9
2024-07-05 08:00:00+03:00,28.69,700.135
2024-07-05 09:00:00+03:00,29.68,679.545
2024-07-05 10:00:00+03:00,18.56,746.9925000000001
2024-07-05 11:00:00+03:00,5.57,656.49
2024-07-05 12:00:00+03:00,6.32,723.5025
2024-07-05 13:00:00+03:00,4.56,809.3875
2024-07-05 14:00:00+03:00,4.44,910.125
2024-07-05 15:00:00+03:00,1.64,1178.975
2024-07-05 16:00:00+03:00,0.0,1013.1575
2024-07-05 17:00:00+03:00,1.93,1058.925
2024-07-05 18:00:00+03:00,13.06,1424.525
2024-07-05 19:00:00+03:00,23.27,1609.575
2024-07-05 20:00:00+03:00,24.82,1660.675
2024-07-05 21:00:00+03:00,23.49,1602.85
2024-07-05 22:00:00+03:00,19.98,1677.5
2024-07-05 23:00:00+03:00,11.78,2133.6
2024-07-06 00:00:00+03:00,0.59,2418.575
2024-07-06 01:00:00+03:00,5.01,2429.3
2024-07-06 02:00:00+03:00,1.88,2567.8
2024-07-06 03:00:00+03:00,0.01,2617.15
2024-07-06 04:00:00+03:00,0.01,2742.45
2024-07-06 05:00:00+03:00,1.51,2711.225
2024-07-06 06:00:00+03:00,6.56,2117.3
2024-07-06 07:00:00+03:00,5.59,1076.9275
2024-07-06 08:00:00+03:00,5.5,692.8725
2024-07-06 09:00:00+03:00,3.48,884.24
2024-07-06 10:00:00+03:00,0.32,1191.075
2024-07-06 11:00:00+03:00,-0.04,1309.95
2024-07-06 12:00:00+03:00,-0.02,1400.975
2024-07-06 13:00:00+03:00,-0.03,1525.9
2024-07-06 14:00:00+03:00,-0.12,1588.4
2024-07-06 15:00:00+03:00,-2.18,1361.6
2024-07-06 16:00:00+03:00,-2.71,1420.85
2024-07-06 17:00:00+03:00,-0.6,1856.925
2024-07-06 18:00:00+03:00,0.01,2328.65
2024-07-06 19:00:00+03:00,1.94,2485.45
2024-07-06 20:00:00+03:00,0.44,2366.175
2024-07-06 21:00:00+03:00,6.69,2555.0
2024-07-06 22:00:00+03:00,0.01,2665.05
2024-07-06 23:00:00+03:00,-0.01,2923.75
2024-07-07 00:00:00+03:00,-1.02,3046.95
2024-07-07 01:00:00+03:00,-0.02,3472.85
2024-07-07 02:00:00+03:00,-0.1,3321.85
2024-07-07 03:00:00+03:00,-0.8,3102.3
2024-07-07 04:00:00+03:00,-0.87,3353.0
2024-07-07 05:00:00+03:00,-1.0,3021.025
2024-07-07 06:00:00+03:00,-1.76,2868.525
2024-07-07 07:00:00+03:00,-0.81,3210.55
2024-07-07 08:00:00+03:00,-0.59,3417.925
2024-07-07 09:00:00+03:00,-0.61,3694.6
2024-07-07 10:00:00+03:00,-6.47,2873.95
2024-07-07 11:00:00+03:00,-9.98,2969.975
2024-07-07 12:00:00+03:00,-12.04,2928.025
2024-07-07 13:00:00+03:00,-13.49,3051.225
2024-07-07 14:00:00+03:00,-15.02,2782.1
2024-07-07 15:00:00+03:00,-19.9,2584.275
2024-07-07 16:00:00+03:00,-12.2,2660.375
2024-07-07 17:00:00+03:00,-6.16,3193.275
2024-07-07 18:00:00+03:00,-2.49,4069.6749999999997
2024-07-07 19:00:00+03:00,-2.41,4027.825
2024-07-07 20:00:00+03:00,-2.01,3910.1
2024-07-07 21:00:00+03:00,-2.46,4009.5
2024-07-07 22:00:00+03:00,-2.17,3964.7
2024-07-07 23:00:00+03:00,-2.48,4024.925
2024-07-08 00:00:00+03:00,-4.92,3618.15
2024-07-08 01:00:00+03:00,-9.91,3531.675
2024-07-08 02:00:00+03:00,-10.0,3556.725
2024-07-08 03:00:00+03:00,-10.0,3479.825
2024-07-08 04:00:00+03:00,-10.0,3367.15
2024-07-08 05:00:00+03:00,-9.94,3065.825
2024-07-08 06:00:00+03:00,-3.01,3354.25
2024-07-08 07:00:00+03:00,-3.01,3181.025
2024-07-08 08:00:00+03:00,-2.01,3302.85
2024-07-08 09:00:00+03:00,-0.87,3312.25
2024-07-08 10:00:00+03:00,-2.0,3078.2
2024-07-08 11:00:00+03:00,-1.99,2859.6
2024-07-08 12:00:00+03:00,-1.5,2854.1000000000004
2024-07-08 13:00:00+03:00,-0.82,2886.475
2024-07-08 14:00:00+03:00,-0.31,2712.6
2024-07-08 15:00:00+03:00,-0.1,2789.8
2024-07-08 16:00:00+03:00,-0.01,2601.3
2024-07-08 17:00:00+03:00,0.01,2587.4
2024-07-08 18:00:00+03:00,18.54,2402.35
2024-07-08 19:00:00+03:00,20.31,2289.2
2024-07-08 20:00:00+03:00,19.57,2061.125
2024-07-08 21:00:00+03:00,17.39,2189.2
2024-07-08 22:00:00+03:00,16.26,2458.625
2024-07-08 23:00:00+03:00,2.03,2740.125
2024-07-09 00:00:00+03:00,0.0,2751.4
2024-07-09 01:00:00+03:00,0.0,2801.4
2024-07-09 02:00:00+03:00,-0.01,2751.425
2024-07-09 03:00:00+03:00,-0.01,2643.375
2024-07-09 04:00:00+03:00,0.0,2468.625
2024-07-09 05:00:00+03:00,6.5,2356.25
2024-07-09 06:00:00+03:00,17.46,2015.25
2024-07-09 07:00:00+03:00,30.52,1367.5
2024-07-09 08:00:00+03:00,32.25,991.66
2024-07-09 09:00:00+03:00,33.81,1013.45
2024-07-09 10:00:00+03:00,33.65,1136.35
2024-07-09 11:00:00+03:00,31.42,1463.225
2024-07-09 12:00:00+03:00,30.44,1653.625
2024-07-09 13:00:00+03:00,28.83,1454.125
2024-07-09 14:00:00+03:00,25.27,1449.0
2024-07-09 15:00:00+03:00,26.68,1280.55
2024-07-09 16:00:00+03:00,29.72,1140.375
2024-07-09 17:00:00+03:00,32.29,908.6825
2024-07-09 18:00:00+03:00,34.67,813.515
2024-07-09 19:00:00+03:00,35.9,642.9525
2024-07-09 20:00:00+03:00,35.93,569.8575
2024-07-09 21:00:00+03:00,35.34,643.4975
2024-07-09 22:00:00+03:00,34.22,987.0525
2024-07-09 23:00:00+03:00,31.54,1317.95
2024-07-10 00:00:00+03:00,25.0,1732.45
2024-07-10 01:00:00+03:00,6.02,1584.7
2024-07-10 02:00:00+03:00,15.51,1309.3
2024-07-10 03:00:00+03:00,14.66,1138.65
2024-07-10 04:00:00+03:00,18.23,1026.27
2024-07-10 05:00:00+03:00,25.71,739.6425
2024-07-10 06:00:00+03:00,27.04,496.1275
2024-07-10 07:00:00+03:00,28.26,129.415
2024-07-10 08:00:00+03:00,29.12,18.185
2024-07-10 09:00:00+03:00,29.66,33.9025
2024-07-10 10:00:00+03:00,28.89,78.7725
2024-07-10 11:00:00+03:00,27.93,114.8075
2024-07-10 12:00:00+03:00,26.62,169.815
2024-07-10 13:00:00+03:00,25.3,237.4175
2024-07-10 14:00:00+03:00,24.96,328.97249999999997
2024-07-10 15:00:00+03:00,24.31,331.73749999999995
2024-07-10 16:00:00+03:00,22.13,283.7075
2024-07-10 17:00:00+03:00,23.92,174.2225
2024-07-10 18:00:00+03:00,25.43,104.02
2024-07-10 19:00:00+03:00,26.12,74.845
2024-07-10 20:00:00+03:00,25.31,75.86500000000001
2024-07-10 21:00:00+03:00,22.47,182.755
2024-07-10 22:00:00+03:00,18.13,610.0375
2024-07-10 23:00:00+03:00,4.98,1571.425
2024-07-11 00:00:00+03:00,0.0,2040.3
2024-07-11 01:00:00+03:00,-0.86,2066.2
2024-07-11 02:00:00+03:00,-3.0,1926.575
2024-07-11 03:00:00+03:00,-8.31,1844.725
2024-07-11 04:00:00+03:00,-10.0,1816.5
2024-07-11 05:00:00+03:00,-9.97,2112.5
2024-07-11 06:00:00+03:00,-2.47,2366.0
2024-07-11 07:00:00+03:00,-0.85,2359.625
2024-07-11 08:00:00+03:00,-0.11,2332.6
2024-07-11 09:00:00+03:00,0.0,2673.675
2024-07-11 10:00:00+03:00,0.0,2988.5
2024-07-11 11:00:00+03:00,-0.01,3052.525
2024-07-11 12:00:00+03:00,-0.02,3041.475
2024-07-11 13:00:00+03:00,-0.08,3046.825
2024-07-11 14:00:00+03:00,-0.19,2855.025
2024-07-11 15:00:00+03:00,-0.59,2952.525
2024-07-11 16:00:00+03:00,-0.51,3028.575
2024-07-11 17:00:00+03:00,-0.11,3220.175
2024-07-11 18:00:00+03:00,-0.07,3247.725
2024-07-11 19:00:00+03:00,-0.02,3295.625
2024-07-11 20:00:00+03:00,0.0,3338.85
2024-07-11 21:00:00+03:00,-0.06,2893.55
2024-07-11 22:00:00+03:00,0.0,2898.525
2024-07-11 23:00:00+03:00,0.44,2425.15
2024-07-12 00:00:00+03:00,1.87,2313.575
2024-07-12 01:00:00+03:00,-0.01,1869.425
2024-07-12 02:00:00+03:00,0.0,1859.8
2024-07-12 03:00:00+03:00,5.0,1527.0749999999998
2024-07-12 04:00:00+03:00,15.82,1122.15
2024-07-12 05:00:00+03:00,21.37,950.1775
2024-07-12 06:00:00+03:00,25.5,772.9200000000001
2024-07-12 07:00:00+03:00,27.85,642.6675
2024-07-12 08:00:00+03:00,28.59,541.6775
2024-07-12 09:00:00+03:00,29.48,464.1325
2024-07-12 10:00:00+03:00,29.61,440.8675
2024-07-12 11:00:00+03:00,29.42,453.5725
2024-07-12 12:00:00+03:00,29.1,571.25
2024-07-12 13:00:00+03:00,28.72,590.33
2024-07-12 14:00:00+03:00,28.27,638.65
2024-07-12 15:00:00+03:00,28.09,736.94
2024-07-12 16:00:00+03:00,27.94,812.1525
2024-07-12 17:00:00+03:00,27.93,837.5675
2024-07-12 18:00:00+03:00,29.48,771.235
2024-07-12 19:00:00+03:00,29.68,762.495
2024-07-12 20:00:00+03:00,29.77,823.9125
2024-07-12 21:00:00+03:00,29.46,844.775
2024-07-12 22:00:00+03:00,28.5,841.7225
2024-07-12 23:00:00+03:00,27.85,934.8625
2024-07-13 00:00:00+03:00,26.48,1022.85
2024-07-13 01:00:00+03:00,20.73,1120.075
2024-07-13 02:00:00+03:00,13.33,2720.15
2024-07-13 03:00:00+03:00,9.16,1249.32
2024-07-13 04:00:00+03:00,8.0,833.4875
2024-07-13 05:00:00+03:00,6.17,726.48
2024-07-13 06:00:00+03:00,11.85,541.7475
2024-07-13 07:00:00+03:00,19.54,372.005
2024-07-13 08:00:00+03:00,24.89,227.5125
2024-07-13 09:00:00+03:00,25.83,224.52499999999998
2024-07-13 10:00:00+03:00,20.97,290.54499999999996
2024-07-13 11:00:00+03:00,5.16,507.17
2024-07-13 12:00:00+03:00,0.04,747.4475
2024-07-13 13:00:00+03:00,-0.01,656.1949999999999
2024-07-13 14:00:00+03:00,-0.87,562.7975
2024-07-13 15:00:00+03:00,-0.81,560.615
2024-07-13 16:00:00+03:00,-0.06,752.6825
2024-07-13 17:00:00+03:00,1.52,805.865
2024-07-13 18:00:00+03:00,6.32,798.9100000000001
2024-07-13 19:00:00+03:00,22.44,939.045
2024-07-13 20:00:00+03:00,26.27,1223.775
2024-07-13 21:00:00+03:00,21.74,1383.625
2024-07-13 22:00:00+03:00,17.66,1816.8
2024-07-13 23:00:00+03:00,8.01,2428.675
2024-07-14 00:00:00+03:00,0.01,2541.15
2024-07-14 01:00:00+03:00,0.0,2494.725
2024-07-14 02:00:00+03:00,-0.09,2482.025
2024-07-14 03:00:00+03:00,-0.3,2519.3
2024-07-14 04:00:00+03:00,-0.5,2245.2
2024-07-14 05:00:00+03:00,-0.09,2038.1999999999998
2024-07-14 06:00:00+03:00,0.0,1768.5
2024-07-14 07:00:00+03:00,10.0,1280.0
2024-07-14 08:00:00+03:00,14.28,1006.8475
2024-07-14 09:00:00+03:00,0.29,988.2325
2024-07-14 10:00:00+03:00,-2.29,841.1975
2024-07-14 11:00:00+03:00,-3.02,860.355
2024-07-14 12:00:00+03:00,-3.4,935.1175
2024-07-14 13:00:00+03:00,-4.22,944.8475
2024-07-14 14:00:00+03:00,-5.16,908.63
2024-07-14 15:00:00+03:00,-6.41,844.1775
2024-07-14 16:00:00+03:00,-5.36,1047.6950000000002
2024-07-14 17:00:00+03:00,-2.08,989.8075
2024-07-14 18:00:00+03:00,1.87,1230.025
2024-07-14 19:00:00+03:00,21.75,1116.05
2024-07-14 20:00:00+03:00,21.58,1084.925
2024-07-14 21:00:00+03:00,19.93,1046.25
2024-07-14 22:00:00+03:00,16.57,1308.075
2024-07-14 23:00:00+03:00,4.44,1676.55
2024-07-15 00:00:00+03:00,1.05,1800.3
2024-07-15 01:00:00+03:00,13.16,1885.825
2024-07-15 02:00:00+03:00,13.63,1775.275
2024-07-15 03:00:00+03:00,12.55,1671.725
2024-07-15 04:00:00+03:00,13.78,1337.175
2024-07-15 05:00:00+03:00,17.06,1026.55
2024-07-15 06:00:00+03:00,19.01,909.435
2024-07-15 07:00:00+03:00,25.37,763.105
2024-07-15 08:00:00+03:00,27.1,694.15
2024-07-15 09:00:00+03:00,27.58,648.89
2024-07-15 10:00:00+03:00,27.11,658.0
2024-07-15 11:00:00+03:00,26.4,679.175
2024-07-15 12:00:00+03:00,20.03,750.8075
2024-07-15 13:00:00+03:00,15.87,698.38
2024-07-15 14:00:00+03:00,10.0,615.53
2024-07-15 15:00:00+03:00,18.39,568.52
2024-07-15 16:00:00+03:00,20.82,464.985
2024-07-15 17:00:00+03:00,27.02,392.66
2024-07-15 18:00:00+03:00,28.89,368.36
2024-07-15 19:00:00+03:00,29.9,273.8025
2024-07-15 20:00:00+03:00,29.69,287.88750000000005
2024-07-15 21:00:00+03:00,28.88,309.1625
2024-07-15 22:00:00+03:00,28.18,349.78999999999996
2024-07-15 23:00:00+03:00,27.27,338.3725
2024-07-16 00:00:00+03:00,25.89,396.64
2024-07-16 01:00:00+03:00,24.89,448.26
2024-07-16 02:00:00+03:00,24.48,491.675
2024-07-16 03:00:00+03:00,24.38,599.1800000000001
2024-07-16 04:00:00+03:00,24.52,563.035
2024-07-16 05:00:00+03:00,24.78,451.8725
2024-07-16 06:00:00+03:00,25.58,332.295
2024-07-16 07:00:00+03:00,27.25,200.4075
2024-07-16 08:00:00+03:00,28.19,95.04
2024-07-16 09:00:00+03:00,27.96,93.285
2024-07-16 10:00:00+03:00,27.97,142.875
2024-07-16 11:00:00+03:00,25.19,137.75
2024-07-16 12:00:00+03:00,21.26,136.29250000000002
2024-07-16 13:00:00+03:00,15.84,158.445
2024-07-16 14:00:00+03:00,13.59,124.49
2024-07-16 15:00:00+03:00,16.69,103.04
2024-07-16 16:00:00+03:00,19.11,121.07000000000001
2024-07-16 17:00:00+03:00,23.82,158.3525
2024-07-16 18:00:00+03:00,25.54,92.09
2024-07-16 19:00:00+03:00,28.95,50.625
2024-07-16 20:00:00+03:00,28.4,39.9925
2024-07-16 21:00:00+03:00,27.38,51.91
2024-07-16 22:00:00+03:00,26.26,161.0025
2024-07-16 23:00:00+03:00,25.28,332.26
2024-07-17 00:00:00+03:00,24.01,439.6975
2024-07-17 01:00:00+03:00,16.04,586.3775
2024-07-17 02:00:00+03:00,5.41,848.35
2024-07-17 03:00:00+03:00,2.21,1048.04
2024-07-17 04:00:00+03:00,1.27,1010.7574999999999
2024-07-17 05:00:00+03:00,2.81,960.6175
2024-07-17 06:00:00+03:00,13.41,965.4725
2024-07-17 07:00:00+03:00,20.62,1194.125
2024-07-17 08:00:00+03:00,22.98,1087.6599999999999
2024-07-17 09:00:00+03:00,23.59,652.6675
2024-07-17 10:00:00+03:00,22.91,588.2674999999999
2024-07-17 11:00:00+03:00,20.51,918.7524999999999
2024-07-17 12:00:00+03:00,18.61,1428.8
2024-07-17 13:00:00+03:00,19.32,1949.1
2024-07-17 14:00:00+03:00,17.8,2171.5
2024-07-17 15:00:00+03:00,10.54,2189.85
2024-07-17 16:00:00+03:00,5.0,2002.025
2024-07-17 17:00:00+03:00,4.17,2010.175
2024-07-17 18:00:00+03:00,2.73,1909.225
2024-07-17 19:00:00+03:00,2.01,1979.15
2024-07-17 20:00:00+03:00,1.51,2185.875
2024-07-17 21:00:00+03:00,-0.01,2239.45
2024-07-17 22:00:00+03:00,-0.03,2323.35
2024-07-17 23:00:00+03:00,-0.85,2207.6
2024-07-18 00:00:00+03:00,-2.8,1826.825
2024-07-18 01:00:00+03:00,-5.01,1679.15
2024-07-18 02:00:00+03:00,-9.99,1452.725
2024-07-18 03:00:00+03:00,-5.0,1274.625
2024-07-18 04:00:00+03:00,-3.19,1171.6
2024-07-18 05:00:00+03:00,-2.0,1330.55
2024-07-18 06:00:00+03:00,0.0,1466.4
2024-07-18 07:00:00+03:00,11.16,1067.12
2024-07-18 08:00:00+03:00,18.61,811.02
2024-07-18 09:00:00+03:00,19.53,631.885
2024-07-18 10:00:00+03:00,20.56,587.8575
2024-07-18 11:00:00+03:00,20.42,531.0625
2024-07-18 12:00:00+03:00,19.01,484.7075
2024-07-18 13:00:00+03:00,18.43,538.405
2024-07-18 14:00:00+03:00,17.96,577.025
2024-07-18 15:00:00+03:00,17.52,449.45
2024-07-18 16:00:00+03:00,17.1,406.83500000000004
2024-07-18 17:00:00+03:00,18.51,381.0525
2024-07-18 18:00:00+03:00,19.4,322.8575
2024-07-18 19:00:00+03:00,20.56,330.3275
2024-07-18 20:00:00+03:00,21.47,228.62
2024-07-18 21:00:00+03:00,20.0,250.0925
2024-07-18 22:00:00+03:00,19.08,285.0225
2024-07-18 23:00:00+03:00,15.8,291.9075
2024-07-19 00:00:00+03:00,10.6,345.1075
2024-07-19 01:00:00+03:00,10.15,312.28249999999997
2024-07-19 02:00:00+03:00,9.85,280.205
2024-07-19 03:00:00+03:00,9.01,418.88
2024-07-19 04:00:00+03:00,5.0,551.2175
2024-07-19 05:00:00+03:00,5.03,689.505
2024-07-19 06:00:00+03:00,12.85,680.58
2024-07-19 07:00:00+03:00,19.09,511.535
2024-07-19 08:00:00+03:00,20.52,344.945
2024-07-19 09:00:00+03:00,21.32,326.815
2024-07-19 10:00:00+03:00,21.55,347.47249999999997
2024-07-19 11:00:00+03:00,20.3,406.7575
2024-07-19 12:00:00+03:00,19.73,547.175
2024-07-19 13:00:00+03:00,20.3,645.76
2024-07-19 14:00:00+03:00,20.73,712.0325
2024-07-19 15:00:00+03:00,20.97,752.8175
2024-07-19 16:00:00+03:00,20.57,781.0575
2024-07-19 17:00:00+03:00,20.67,768.14
2024-07-19 18:00:00+03:00,21.7,699.315
2024-07-19 19:00:00+03:00,22.38,676.92
2024-07-19 20:00:00+03:00,22.85,625.8225
2024-07-19 21:00:00+03:00,21.27,512.2975
2024-07-19 22:00:00+03:00,20.28,523.1875
2024-07-19 23:00:00+03:00,19.06,544.7149999999999
2024-07-20 00:00:00+03:00,16.78,602.355
2024-07-20 01:00:00+03:00,12.98,597.235
2024-07-20 02:00:00+03:00,12.81,643.2225
2024-07-20 03:00:00+03:00,13.46,671.825
2024-07-20 04:00:00+03:00,13.76,681.8525
2024-07-20 05:00:00+03:00,15.12,606.2
2024-07-20 06:00:00+03:00,16.96,575.1625
2024-07-20 07:00:00+03:00,19.44,468.1125
2024-07-20 08:00:00+03:00,20.79,334.0775
2024-07-20 09:00:00+03:00,23.08,333.85249999999996
2024-07-20 10:00:00+03:00,23.42,376.6325
2024-07-20 11:00:00+03:00,15.9,466.84749999999997
2024-07-20 12:00:00+03:00,3.77,499.0375
2024-07-20 13:00:00+03:00,1.37,516.4449999999999
2024-07-20 14:00:00+03:00,0.02,649.8975
2024-07-20 15:00:00+03:00,0.44,723.56
2024-07-20 16:00:00+03:00,4.6,709.5074999999999
2024-07-20 17:00:00+03:00,18.01,863.595
2024-07-20 18:00:00+03:00,25.25,926.645
2024-07-20 19:00:00+03:00,25.21,949.04
2024-07-20 20:00:00+03:00,25.21,1016.545
2024-07-20 21:00:00+03:00,24.52,999.1750000000001
2024-07-20 22:00:00+03:00,23.77,1241.0
2024-07-20 23:00:00+03:00,22.99,1575.775
2024-07-21 00:00:00+03:00,21.51,1834.075
2024-07-21 01:00:00+03:00,21.38,1745.275
2024-07-21 02:00:00+03:00,16.39,1611.6999999999998
2024-07-21 03:00:00+03:00,15.0,1396.375
2024-07-21 04:00:00+03:00,14.68,1310.475
2024-07-21 05:00:00+03:00,19.27,1150.75
2024-07-21 06:00:00+03:00,20.3,890.4675
2024-07-21 07:00:00+03:00,21.39,407.015
2024-07-21 08:00:00+03:00,22.65,128.09
2024-07-21 09:00:00+03:00,23.55,128.8075
2024-07-21 10:00:00+03:00,18.57,200.965
2024-07-21 11:00:00+03:00,2.84,193.08249999999998
2024-07-21 12:00:00+03:00,0.62,216.1575
2024-07-21 13:00:00+03:00,0.02,233.3
2024-07-21 14:00:00+03:00,-0.06,185.24
2024-07-21 15:00:00+03:00,2.03,174.4975
2024-07-21 16:00:00+03:00,3.91,147.8425
2024-07-21 17:00:00+03:00,18.68,138.4325
2024-07-21 18:00:00+03:00,23.12,114.6825
2024-07-21 19:00:00+03:00,23.12,140.78
2024-07-21 20:00:00+03:00,22.81,222.875
2024-07-21 21:00:00+03:00,22.16,370.59749999999997
2024-07-21 22:00:00+03:00,21.63,686.9200000000001
2024-07-21 23:00:00+03:00,20.45,1090.1125000000002
2024-07-22 00:00:00+03:00,19.01,1437.825
2024-07-22 01:00:00+03:00,18.92,1498.675
2024-07-22 02:00:00+03:00,19.78,1531.825
2024-07-22 03:00:00+03:00,19.55,1368.675
2024-07-22 04:00:00+03:00,19.79,1224.675
2024-07-22 05:00:00+03:00,20.17,1126.875
2024-07-22 06:00:00+03:00,21.71,958.1075
2024-07-22 07:00:00+03:00,23.67,498.4425
2024-07-22 08:00:00+03:00,28.07,86.00500000000001
2024-07-22 09:00:00+03:00,29.15,35.6825
2024-07-22 10:00:00+03:00,24.63,134.6525
2024-07-22 11:00:00+03:00,24.54,168.29
2024-07-22 12:00:00+03:00,23.96,159.8825
2024-07-22 13:00:00+03:00,23.97,179.6825
2024-07-22 14:00:00+03:00,25.9,190.09
2024-07-22 15:00:00+03:00,26.28,223.57
2024-07-22 16:00:00+03:00,27.02,270.8825
2024-07-22 17:00:00+03:00,22.82,235.065
2024-07-22 18:00:00+03:00,25.21,174.86
2024-07-22 19:00:00+03:00,26.3,175.7775
2024-07-22 20:00:00+03:00,24.94,247.2375
2024-07-22 21:00:00+03:00,24.0,459.325
2024-07-22 22:00:00+03:00,23.82,788.7975
2024-07-22 23:00:00+03:00,22.5,1221.925
2024-07-23 00:00:00+03:00,20.48,1668.45
2024-07-23 01:00:00+03:00,19.08,1788.575
2024-07-23 02:00:00+03:00,10.02,1767.3249999999998
2024-07-23 03:00:00+03:00,1.52,1673.675
2024-07-23 04:00:00+03:00,2.86,1656.15
2024-07-23 05:00:00+03:00,8.76,1612.1
2024-07-23 06:00:00+03:00,19.74,1806.875
2024-07-23 07:00:00+03:00,21.9,1530.0
2024-07-23 08:00:00+03:00,23.93,765.65
2024-07-23 09:00:00+03:00,24.51,485.2275
2024-07-23 10:00:00+03:00,24.12,865.155
2024-07-23 11:00:00+03:00,23.35,1221.0749999999998
2024-07-23 12:00:00+03:00,22.54,1241.7
2024-07-23 13:00:00+03:00,21.59,1240.9
2024-07-23 14:00:00+03:00,21.14,1094.55
2024-07-23 15:00:00+03:00,21.29,904.24
2024-07-23 16:00:00+03:00,21.84,827.225
2024-07-23 17:00:00+03:00,22.9,816.4625
2024-07-23 18:00:00+03:00,23.52,848.5525
2024-07-23 19:00:00+03:00,23.99,824.5450000000001
2024-07-23 20:00:00+03:00,24.46,832.1875
2024-07-23 21:00:00+03:00,23.72,995.0025
2024-07-23 22:00:00+03:00,23.39,1421.475
2024-07-23 23:00:00+03:00,22.55,2104.35
2024-07-24 00:00:00+03:00,21.06,2243.775
2024-07-24 01:00:00+03:00,15.63,2196.6000000000004
2024-07-24 02:00:00+03:00,15.92,2080.525
2024-07-24 03:00:00+03:00,19.0,1985.85
2024-07-24 04:00:00+03:00,18.77,1822.95
2024-07-24 05:00:00+03:00,18.85,1494.1
2024-07-24 06:00:00+03:00,20.58,1092.0525
2024-07-24 07:00:00+03:00,22.04,598.795
2024-07-24 08:00:00+03:00,22.96,155.70749999999998
2024-07-24 09:00:00+03:00,24.11,79.3825
2024-07-24 10:00:00+03:00,24.59,186.81
2024-07-24 11:00:00+03:00,24.77,436.6725
2024-07-24 12:00:00+03:00,23.64,531.965
2024-07-24 13:00:00+03:00,25.83,615.34
2024-07-24 14:00:00+03:00,23.87,634.1375
2024-07-24 15:00:00+03:00,29.84,1002.87
2024-07-24 16:00:00+03:00,42.64,886.0699999999999
2024-07-24 17:00:00+03:00,61.01,454.6075
2024-07-24 18:00:00+03:00,48.03,179.33249999999998
2024-07-24 19:00:00+03:00,61.1,89.33500000000001
2024-07-24 20:00:00+03:00,99.99,209.955
2024-07-24 21:00:00+03:00,24.99,180.8
2024-07-24 22:00:00+03:00,24.19,244.29500000000002
2024-07-24 23:00:00+03:00,23.62,333.7925
2024-07-25 00:00:00+03:00,22.21,346.47249999999997
2024-07-25 01:00:00+03:00,21.91,440.95500000000004
2024-07-25 02:00:00+03:00,21.54,490.6825
2024-07-25 03:00:00+03:00,21.24,562.4325
2024-07-25 04:00:00+03:00,21.08,492.73
2024-07-25 05:00:00+03:00,21.15,337.24
2024-07-25 06:00:00+03:00,21.04,255.7025
2024-07-25 07:00:00+03:00,22.3,215.9225
2024-07-25 08:00:00+03:00,24.06,92.88499999999999
2024-07-25 09:00:00+03:00,24.79,52.1825
2024-07-25 10:00:00+03:00,25.15,143.7125
2024-07-25 11:00:00+03:00,25.13,269.90999999999997
2024-07-25 12:00:00+03:00,24.34,305.7575
2024-07-25 13:00:00+03:00,23.73,305.7975
2024-07-25 14:00:00+03:00,22.58,329.1175
2024-07-25 15:00:00+03:00,22.41,287.8475
2024-07-25 16:00:00+03:00,23.16,330.3875
2024-07-25 17:00:00+03:00,23.51,399.145
2024-07-25 18:00:00+03:00,23.99,479.7625
2024-07-25 19:00:00+03:00,24.48,372.355
2024-07-25 20:00:00+03:00,24.79,484.1925
2024-07-25 21:00:00+03:00,24.0,509.2525
2024-07-25 22:00:00+03:00,23.32,484.32500000000005
2024-07-25 23:00:00+03:00,23.62,475.0
2024-07-26 00:00:00+03:00,21.67,450.56
2024-07-26 01:00:00+03:00,20.55,496.4675
2024-07-26 02:00:00+03:00,19.92,488.775
2024-07-26 03:00:00+03:00,19.08,497.0325
2024-07-26 04:00:00+03:00,18.92,468.84749999999997
2024-07-26 05:00:00+03:00,18.8,491.6675
2024-07-26 06:00:00+03:00,18.92,417.64
2024-07-26 07:00:00+03:00,19.17,213.0475
2024-07-26 08:00:00+03:00,24.99,89.5875
2024-07-26 09:00:00+03:00,23.46,70.72999999999999
2024-07-26 10:00:00+03:00,22.86,106.34
2024-07-26 11:00:00+03:00,21.44,166.1725
2024-07-26 12:00:00+03:00,21.52,293.385
2024-07-26 13:00:00+03:00,18.56,439.6375
2024-07-26 14:00:00+03:00,18.98,547.4825
2024-07-26 15:00:00+03:00,19.56,564.3275
2024-07-26 16:00:00+03:00,21.71,622.055
2024-07-26 17:00:00+03:00,23.3,462.5475
2024-07-26 18:00:00+03:00,23.47,477.2325
2024-07-26 19:00:00+03:00,24.98,229.655
2024-07-26 20:00:00+03:00,24.19,174.0075
2024-07-26 21:00:00+03:00,21.64,208.2725
2024-07-26 22:00:00+03:00,20.58,222.55
2024-07-26 23:00:00+03:00,20.3,340.8375
2024-07-27 00:00:00+03:00,18.94,373.185
2024-07-27 01:00:00+03:00,19.2,333.08500000000004
2024-07-27 02:00:00+03:00,18.99,264.2875
2024-07-27 03:00:00+03:00,19.08,199.055
2024-07-27 04:00:00+03:00,19.39,248.8875
2024-07-27 05:00:00+03:00,19.63,268.4225
2024-07-27 06:00:00+03:00,19.79,282.7
2024-07-27 07:00:00+03:00,20.46,292.78499999999997
2024-07-27 08:00:00+03:00,20.97,250.0275
2024-07-27 09:00:00+03:00,21.88,168.685
2024-07-27 10:00:00+03:00,22.48,80.4675
2024-07-27 11:00:00+03:00,21.99,112.63
2024-07-27 12:00:00+03:00,21.55,133.425
2024-07-27 13:00:00+03:00,20.99,163.02
2024-07-27 14:00:00+03:00,18.82,238.35
2024-07-27 15:00:00+03:00,17.49,271.3
2024-07-27 16:00:00+03:00,20.24,321.5475
2024-07-27 17:00:00+03:00,20.63,543.05
2024-07-27 18:00:00+03:00,20.98,536.3325
2024-07-27 19:00:00+03:00,22.16,514.7025
2024-07-27 20:00:00+03:00,22.54,456.94
2024-07-27 21:00:00+03:00,22.23,417.635
2024-07-27 22:00:00+03:00,21.77,455.8925
2024-07-27 23:00:00+03:00,21.63,519.155
2024-07-28 00:00:00+03:00,20.16,608.5699999999999
2024-07-28 01:00:00+03:00,21.75,764.4025
2024-07-28 02:00:00+03:00,21.32,855.0325
2024-07-28 03:00:00+03:00,20.76,957.355
2024-07-28 04:00:00+03:00,19.6,1016.7149999999999
2024-07-28 05:00:00+03:00,18.98,954.665
2024-07-28 06:00:00+03:00,19.9,684.6575
2024-07-28 07:00:00+03:00,20.97,360.745
2024-07-28 08:00:00+03:00,21.68,235.85250000000002
2024-07-28 09:00:00+03:00,22.14,244.245
2024-07-28 10:00:00+03:00,12.25,333.5075
2024-07-28 11:00:00+03:00,15.0,325.225
2024-07-28 12:00:00+03:00,10.01,261.5075
2024-07-28 13:00:00+03:00,15.56,292.23
2024-07-28 14:00:00+03:00,15.42,293.0075
2024-07-28 15:00:00+03:00,15.0,273.82
2024-07-28 16:00:00+03:00,21.15,249.89749999999998
2024-07-28 17:00:00+03:00,27.3,298.65250000000003
2024-07-28 18:00:00+03:00,30.57,275.17
2024-07-28 19:00:00+03:00,31.76,259.6325
2024-07-28 20:00:00+03:00,29.47,312.14
2024-07-28 21:00:00+03:00,24.2,308.585
2024-07-28 22:00:00+03:00,21.23,380.78999999999996
2024-07-28 23:00:00+03:00,2.68,372.975
2024-07-29 00:00:00+03:00,-0.1,438.9875
2024-07-29 01:00:00+03:00,-0.59,476.445
2024-07-29 02:00:00+03:00,-0.92,486.875
2024-07-29 03:00:00+03:00,-1.27,485.0575
2024-07-29 04:00:00+03:00,-1.57,523.1025
2024-07-29 05:00:00+03:00,-1.27,564.5799999999999
2024-07-29 06:00:00+03:00,0.0,924.38
2024-07-29 07:00:00+03:00,22.28,898.85
2024-07-29 08:00:00+03:00,32.31,631.505
2024-07-29 09:00:00+03:00,28.42,562.6
2024-07-29 10:00:00+03:00,27.23,642.235
2024-07-29 11:00:00+03:00,20.27,884.255
2024-07-29 12:00:00+03:00,10.01,1337.8
2024-07-29 13:00:00+03:00,15.01,1545.325
2024-07-29 14:00:00+03:00,0.01,1660.025
2024-07-29 15:00:00+03:00,0.0,1630.15
2024-07-29 16:00:00+03:00,-0.04,1945.75
2024-07-29 17:00:00+03:00,4.96,2336.95
2024-07-29 18:00:00+03:00,15.04,2310.7
2024-07-29 19:00:00+03:00,16.61,2044.9499999999998
2024-07-29 20:00:00+03:00,19.06,1842.6999999999998
2024-07-29 21:00:00+03:00,18.27,1787.425
2024-07-29 22:00:00+03:00,14.05,2034.5
2024-07-29 23:00:00+03:00,8.54,2033.475
2024-07-30 00:00:00+03:00,4.94,2010.9
2024-07-30 01:00:00+03:00,4.92,1946.125
2024-07-30 02:00:00+03:00,4.92,1782.7
2024-07-30 03:00:00+03:00,4.92,1564.0
2024-07-30 04:00:00+03:00,4.94,1516.1
2024-07-30 05:00:00+03:00,4.98,1434.225
2024-07-30 06:00:00+03:00,14.03,1303.725
2024-07-30 07:00:00+03:00,15.6,1057.7625
2024-07-30 08:00:00+03:00,21.96,753.96
2024-07-30 09:00:00+03:00,23.21,727.6075000000001
2024-07-30 10:00:00+03:00,23.43,785.675
2024-07-30 11:00:00+03:00,20.0,932.81
2024-07-30 12:00:00+03:00,7.84,1188.3000000000002
2024-07-30 13:00:00+03:00,1.09,1427.65
2024-07-30 14:00:00+03:00,0.01,1692.65
2024-07-30 15:00:00+03:00,0.85,1743.675
2024-07-30 16:00:00+03:00,12.93,1990.75
2024-07-30 17:00:00+03:00,20.08,2168.85
2024-07-30 18:00:00+03:00,19.6,1901.45
2024-07-30 19:00:00+03:00,21.3,1650.625
2024-07-30 20:00:00+03:00,22.19,1539.7
2024-07-30 21:00:00+03:00,20.94,1615.0
2024-07-30 22:00:00+03:00,18.08,1852.775
2024-07-30 23:00:00+03:00,15.18,1784.125
2024-07-31 00:00:00+03:00,9.99,1564.55
2024-07-31 01:00:00+03:00,12.36,1343.4
2024-07-31 02:00:00+03:00,8.0,1290.6
2024-07-31 03:00:00+03:00,4.98,1164.35
2024-07-31 04:00:00+03:00,4.98,1114.0500000000002
2024-07-31 05:00:00+03:00,4.94,1031.835
2024-07-31 06:00:00+03:00,4.95,919.845
2024-07-31 07:00:00+03:00,11.58,754.5725
2024-07-31 08:00:00+03:00,18.16,610.49
2024-07-31 09:00:00+03:00,25.04,512.8199999999999
2024-07-31 10:00:00+03:00,24.5,484.45
2024-07-31 11:00:00+03:00,23.07,460.4925
2024-07-31 12:00:00+03:00,29.81,460.9875
2024-07-31 13:00:00+03:00,25.1,485.7675
2024-07-31 14:00:00+03:00,23.14,527.855
2024-07-31 15:00:00+03:00,27.02,599.7425000000001
2024-07-31 16:00:00+03:00,25.9,660.5475
2024-07-31 17:00:00+03:00,30.0,677.085
2024-07-31 18:00:00+03:00,32.58,723.5025
2024-07-31 19:00:00+03:00,33.35,775.8
2024-07-31 20:00:00+03:00,32.17,808.065
2024-07-31 21:00:00+03:00,26.76,907.5475
2024-07-31 22:00:00+03:00,28.51,1095.25
2024-07-31 23:00:00+03:00,4.99,1009.37
2024-08-01 00:00:00+03:00,-0.01,844.1925
2024-08-01 01:00:00+03:00,1.09,962.3575000000001
2024-08-01 02:00:00+03:00,0.0,875.9075
2024-08-01 03:00:00+03:00,-0.01,773.2425
2024-08-01 04:00:00+03:00,-0.01,803.55
2024-08-01 05:00:00+03:00,0.0,995.3575
2024-08-01 06:00:00+03:00,2.34,1145.0
2024-08-01 07:00:00+03:00,23.06,1062.525
2024-08-01 08:00:00+03:00,27.04,885.1850000000001
2024-08-01 09:00:00+03:00,28.32,779.7574999999999
2024-08-01 10:00:00+03:00,32.19,849.585
2024-08-01 11:00:00+03:00,29.65,900.8824999999999
2024-08-01 12:00:00+03:00,32.09,955.74
2024-08-01 13:00:00+03:00,49.01,1076.575
2024-08-01 14:00:00+03:00,58.43,1230.825
2024-08-01 15:00:00+03:00,61.77,1191.225
2024-08-01 16:00:00+03:00,49.61,1142.275
2024-08-01 17:00:00+03:00,46.62,1080.975
2024-08-01 18:00:00+03:00,29.77,984.695
2024-08-01 19:00:00+03:00,33.59,959.7
2024-08-01 20:00:00+03:00,29.7,880.585
2024-08-01 21:00:00+03:00,24.86,774.79
2024-08-01 22:00:00+03:00,26.86,780.36
2024-08-01 23:00:00+03:00,23.42,788.5225
2024-08-02 00:00:00+03:00,4.98,762.9025
2024-08-02 01:00:00+03:00,4.22,751.2225
2024-08-02 02:00:00+03:00,3.36,743.4775
2024-08-02 03:00:00+03:00,2.71,686.2674999999999
2024-08-02 04:00:00+03:00,2.63,689.8325
2024-08-02 05:00:00+03:00,3.54,703.7825
2024-08-02 06:00:00+03:00,4.93,647.16
2024-08-02 07:00:00+03:00,7.45,568.1525
2024-08-02 08:00:00+03:00,12.57,517.0325
2024-08-02 09:00:00+03:00,18.0,536.36
2024-08-02 10:00:00+03:00,19.2,522.1075000000001
2024-08-02 11:00:00+03:00,19.19,599.4975
2024-08-02 12:00:00+03:00,19.3,681.765
2024-08-02 13:00:00+03:00,14.34,798.6375
2024-08-02 14:00:00+03:00,14.94,871.8175
2024-08-02 15:00:00+03:00,14.82,882.065
2024-08-02 16:00:00+03:00,17.23,976.07
2024-08-02 17:00:00+03:00,19.7,1208.225
2024-08-02 18:00:00+03:00,23.36,1308.9
2024-08-02 19:00:00+03:00,23.53,1375.45
2024-08-02 20:00:00+03:00,23.64,1428.9
2024-08-02 21:00:00+03:00,23.02,1472.275
2024-08-02 22:00:00+03:00,22.09,1703.875
2024-08-02 23:00:00+03:00,19.96,1759.675
2024-08-03 00:00:00+03:00,13.76,1840.0
2024-08-03 01:00:00+03:00,14.98,1814.1
2024-08-03 02:00:00+03:00,14.24,1797.175
2024-08-03 03:00:00+03:00,13.51,1787.35
2024-08-03 04:00:00+03:00,13.08,1680.325
2024-08-03 05:00:00+03:00,12.46,1514.575
2024-08-03 06:00:00+03:00,13.75,1203.525
2024-08-03 07:00:00+03:00,15.97,737.0075
2024-08-03 08:00:00+03:00,18.65,494.525
2024-08-03 09:00:00+03:00,19.58,530.58
2024-08-03 10:00:00+03:00,20.24,538.7025
2024-08-03 11:00:00+03:00,19.98,555.9175
2024-08-03 12:00:00+03:00,19.87,604.69
2024-08-03 13:00:00+03:00,14.66,605.0475
2024-08-03 14:00:00+03:00,6.41,742.4775
2024-08-03 15:00:00+03:00,4.1,920.8399999999999
2024-08-03 16:00:00+03:00,13.25,861.2725
2024-08-03 17:00:00+03:00,22.23,822.245
2024-08-03 18:00:00+03:00,23.75,923.4775
2024-08-03 19:00:00+03:00,23.22,927.5625
2024-08-03 20:00:00+03:00,23.03,870.0525
2024-08-03 21:00:00+03:00,22.9,1059.83
2024-08-03 22:00:00+03:00,22.23,1253.4
2024-08-03 23:00:00+03:00,21.01,1392.05
2024-08-04 00:00:00+03:00,19.31,1323.3
2024-08-04 01:00:00+03:00,19.41,1277.625
2024-08-04 02:00:00+03:00,18.65,1023.2625
2024-08-04 03:00:00+03:00,18.43,829.39
2024-08-04 04:00:00+03:00,18.03,781.9399999999999
2024-08-04 05:00:00+03:00,17.29,826.0
2024-08-04 06:00:00+03:00,17.01,793.8199999999999
2024-08-04 07:00:00+03:00,19.57,560.16
2024-08-04 08:00:00+03:00,20.78,255.19
2024-08-04 09:00:00+03:00,22.25,104.17750000000001
2024-08-04 10:00:00+03:00,20.93,91.4575
2024-08-04 11:00:00+03:00,15.23,135.16500000000002
2024-08-04 12:00:00+03:00,4.97,164.54
2024-08-04 13:00:00+03:00,4.26,223.3825
2024-08-04 14:00:00+03:00,-0.02,276.02
2024-08-04 15:00:00+03:00,1.92,385.7925
2024-08-04 16:00:00+03:00,4.98,345.9975
2024-08-04 17:00:00+03:00,15.85,275.46750000000003
2024-08-04 18:00:00+03:00,21.92,227.04250000000002
2024-08-04 19:00:00+03:00,25.88,250.6825
2024-08-04 20:00:00+03:00,25.76,263.755
2024-08-04 21:00:00+03:00,25.12,423.5525
2024-08-04 22:00:00+03:00,24.91,536.1624999999999
2024-08-04 23:00:00+03:00,24.02,637.2825
2024-08-05 00:00:00+03:00,22.58,709.4275
2024-08-05 01:00:00+03:00,23.19,818.24
2024-08-05 02:00:00+03:00,21.94,736.9675
2024-08-05 03:00:00+03:00,20.79,579.4749999999999
2024-08-05 04:00:00+03:00,20.97,593.29
2024-08-05 05:00:00+03:00,21.44,691.3575000000001
2024-08-05 06:00:00+03:00,23.58,631.4825000000001
2024-08-05 07:00:00+03:00,24.08,350.63
2024-08-05 08:00:00+03:00,25.96,78.74249999999999
2024-08-05 09:00:00+03:00,27.32,70.9325
2024-08-05 10:00:00+03:00,27.62,122.32249999999999
2024-08-05 11:00:00+03:00,27.92,160.2275
2024-08-05 12:00:00+03:00,27.67,162.06
2024-08-05 13:00:00+03:00,27.6,155.29
2024-08-05 14:00:00+03:00,27.01,164.2825
2024-08-05 15:00:00+03:00,26.51,135.5325
2024-08-05 16:00:00+03:00,25.88,138.77
2024-08-05 17:00:00+03:00,26.0,145.39
2024-08-05 18:00:00+03:00,26.0,206.9125
2024-08-05 19:00:00+03:00,26.65,270.5575
2024-08-05 20:00:00+03:00,26.0,351.625
2024-08-05 21:00:00+03:00,25.75,432.9825
2024-08-05 22:00:00+03:00,25.2,544.135
2024-08-05 23:00:00+03:00,24.54,659.5225
2024-08-06 00:00:00+03:00,21.05,655.2125
2024-08-06 01:00:00+03:00,19.25,504.805
2024-08-06 02:00:00+03:00,17.99,317.44
2024-08-06 03:00:00+03:00,17.74,204.58249999999998
2024-08-06 04:00:00+03:00,17.59,161.625
2024-08-06 05:00:00+03:00,17.81,133.6325
2024-08-06 06:00:00+03:00,19.72,112.805
2024-08-06 07:00:00+03:00,22.87,68.735
2024-08-06 08:00:00+03:00,25.39,29.295
2024-08-06 09:00:00+03:00,26.25,2.0575
2024-08-06 10:00:00+03:00,27.53,18.5675
2024-08-06 11:00:00+03:00,28.17,38.91
2024-08-06 12:00:00+03:00,22.75,44.265
2024-08-06 13:00:00+03:00,17.47,61.275
2024-08-06 14:00:00+03:00,16.33,84.975
2024-08-06 15:00:00+03:00,16.53,140.1125
2024-08-06 16:00:00+03:00,19.92,218.8325
2024-08-06 17:00:00+03:00,27.51,269.58500000000004
2024-08-06 18:00:00+03:00,28.04,284.41
2024-08-06 19:00:00+03:00,27.67,272.455
2024-08-06 20:00:00+03:00,26.0,318.33000000000004
2024-08-06 21:00:00+03:00,25.48,420.1025
2024-08-06 22:00:00+03:00,24.65,568.6775
2024-08-06 23:00:00+03:00,21.58,648.275
2024-08-07 00:00:00+03:00,17.46,732.8975
2024-08-07 01:00:00+03:00,14.04,569.8075
2024-08-07 02:00:00+03:00,12.4,370.9475
2024-08-07 03:00:00+03:00,11.94,271.875
2024-08-07 04:00:00+03:00,11.88,247.8475
2024-08-07 05:00:00+03:00,12.43,247.8425
2024-08-07 06:00:00+03:00,14.88,279.5575
2024-08-07 07:00:00+03:00,17.03,274.5525
2024-08-07 08:00:00+03:00,20.58,121.405
2024-08-07 09:00:00+03:00,22.96,52.235
2024-08-07 10:00:00+03:00,23.2,57.685
2024-08-07 11:00:00+03:00,22.21,64.76
2024-08-07 12:00:00+03:00,22.38,35.182500000000005
2024-08-07 13:00:00+03:00,22.41,23.615000000000002
2024-08-07 14:00:00+03:00,20.86,34.3
2024-08-07 15:00:00+03:00,20.0,50.925
2024-08-07 16:00:00+03:00,20.6,64.2675
2024-08-07 17:00:00+03:00,20.19,80.3675
2024-08-07 18:00:00+03:00,20.18,50.550000000000004
2024-08-07 19:00:00+03:00,20.7,72.43
2024-08-07 20:00:00+03:00,17.88,178.1525
2024-08-07 21:00:00+03:00,14.72,491.5025
2024-08-07 22:00:00+03:00,12.14,885.7025
2024-08-07 23:00:00+03:00,8.89,1044.85
2024-08-08 00:00:00+03:00,4.93,1139.65
2024-08-08 01:00:00+03:00,2.9,1298.275
2024-08-08 02:00:00+03:00,2.59,1314.95
2024-08-08 03:00:00+03:00,2.58,1124.35
2024-08-08 04:00:00+03:00,2.61,878.67
2024-08-08 05:00:00+03:00,2.97,629.6975
2024-08-08 06:00:00+03:00,4.87,464.9225
2024-08-08 07:00:00+03:00,8.6,404.5175
2024-08-08 08:00:00+03:00,14.72,338.9575
2024-08-08 09:00:00+03:00,16.42,153.365
2024-08-08 10:00:00+03:00,16.24,177.4625
2024-08-08 11:00:00+03:00,15.77,224.95
2024-08-08 12:00:00+03:00,17.0,195.3425
2024-08-08 13:00:00+03:00,15.27,184.48
2024-08-08 14:00:00+03:00,9.23,212.3575
2024-08-08 15:00:00+03:00,7.45,250.91500000000002
2024-08-08 16:00:00+03:00,8.0,273.53499999999997
2024-08-08 17:00:00+03:00,17.45,239.6675
2024-08-08 18:00:00+03:00,19.82,193.26
2024-08-08 19:00:00+03:00,12.73,205.4975
2024-08-08 20:00:00+03:00,10.24,370.47249999999997
2024-08-08 21:00:00+03:00,6.57,763.69
2024-08-08 22:00:00+03:00,4.69,1299.625
2024-08-08 23:00:00+03:00,3.04,1898.225
2024-08-09 00:00:00+03:00,0.0,2324.125
2024-08-09 01:00:00+03:00,2.82,2763.2
2024-08-09 02:00:00+03:00,2.45,2954.025
2024-08-09 03:00:00+03:00,2.61,2887.9
2024-08-09 04:00:00+03:00,2.67,2740.5
2024-08-09 05:00:00+03:00,3.23,2463.7
2024-08-09 06:00:00+03:00,4.21,2479.9
2024-08-09 07:00:00+03:00,7.54,2091.125
2024-08-09 08:00:00+03:00,16.33,1284.525
2024-08-09 09:00:00+03:00,17.34,889.5525
2024-08-09 10:00:00+03:00,17.26,1192.455
2024-08-09 11:00:00+03:00,8.76,1656.425
2024-08-09 12:00:00+03:00,2.98,1870.525
2024-08-09 13:00:00+03:00,0.05,1731.575
2024-08-09 14:00:00+03:00,-0.16,1450.35
2024-08-09 15:00:00+03:00,-0.8,1279.1
2024-08-09 16:00:00+03:00,-0.11,1474.175
2024-08-09 17:00:00+03:00,-0.01,1466.2
2024-08-09 18:00:00+03:00,2.62,1280.25
2024-08-09 19:00:00+03:00,4.89,1187.45
2024-08-09 20:00:00+03:00,4.06,1655.975
2024-08-09 21:00:00+03:00,3.35,2414.025
2024-08-09 22:00:00+03:00,1.64,3186.075
2024-08-09 23:00:00+03:00,-0.06,3211.825
2024-08-10 00:00:00+03:00,-1.28,2674.875
2024-08-10 01:00:00+03:00,-0.81,3186.2
2024-08-10 02:00:00+03:00,-0.89,3410.95
2024-08-10 03:00:00+03:00,-0.87,3428.575
2024-08-10 04:00:00+03:00,-0.9,3499.075
2024-08-10 05:00:00+03:00,-1.0,3522.1
2024-08-10 06:00:00+03:00,-1.0,3453.275
2024-08-10 07:00:00+03:00,-0.82,3306.625
2024-08-10 08:00:00+03:00,-0.51,3100.725
2024-08-10 09:00:00+03:00,-0.15,3014.025
2024-08-10 10:00:00+03:00,-0.7,2896.225
2024-08-10 11:00:00+03:00,-3.0,2531.7
2024-08-10 12:00:00+03:00,-12.2,1836.275
2024-08-10 13:00:00+03:00,-15.0,1691.3000000000002
2024-08-10 14:00:00+03:00,-15.0,1540.75
2024-08-10 15:00:00+03:00,-10.01,1480.125
2024-08-10 16:00:00+03:00,-10.01,1312.05
2024-08-10 17:00:00+03:00,-6.09,1483.575
2024-08-10 18:00:00+03:00,0.0,2384.35
2024-08-10 19:00:00+03:00,2.51,2360.225
2024-08-10 20:00:00+03:00,2.9,2164.7
2024-08-10 21:00:00+03:00,2.9,2064.5249999999996
2024-08-10 22:00:00+03:00,2.94,2297.0
2024-08-10 23:00:00+03:00,2.19,2374.625
2024-08-11 00:00:00+03:00,0.43,2310.5
2024-08-11 01:00:00+03:00,0.0,2067.3
2024-08-11 02:00:00+03:00,-0.01,1807.475
2024-08-11 03:00:00+03:00,-0.01,1656.875
2024-08-11 04:00:00+03:00,-0.01,1513.25
2024-08-11 05:00:00+03:00,-0.01,1371.6
2024-08-11 06:00:00+03:00,-0.01,1279.35
2024-08-11 07:00:00+03:00,-0.01,1106.325
2024-08-11 08:00:00+03:00,0.47,960.645
2024-08-11 09:00:00+03:00,0.89,1003.155
2024-08-11 10:00:00+03:00,0.0,1271.425
2024-08-11 11:00:00+03:00,-5.0,1174.375
2024-08-11 12:00:00+03:00,-6.09,1224.525
2024-08-11 13:00:00+03:00,-6.09,1413.15
2024-08-11 14:00:00+03:00,-7.01,1672.575
2024-08-11 15:00:00+03:00,-5.51,1666.975
2024-08-11 16:00:00+03:00,-7.01,1533.5
2024-08-11 17:00:00+03:00,-4.31,1417.05
2024-08-11 18:00:00+03:00,0.01,2190.125
2024-08-11 19:00:00+03:00,2.76,2191.875
2024-08-11 20:00:00+03:00,3.0,2326.35
2024-08-11 21:00:00+03:00,2.9,2521.7250000000004
2024-08-11 22:00:00+03:00,2.91,2431.875
2024-08-11 23:00:00+03:00,2.42,2258.075
2024-08-12 00:00:00+03:00,0.69,2163.55
2024-08-12 01:00:00+03:00,0.49,2069.95
2024-08-12 02:00:00+03:00,0.41,1914.05
2024-08-12 03:00:00+03:00,0.36,1719.15
2024-08-12 04:00:00+03:00,0.64,1690.925
2024-08-12 05:00:00+03:00,2.06,1674.2
2024-08-12 06:00:00+03:00,3.04,1537.75
2024-08-12 07:00:00+03:00,6.78,1351.75
2024-08-12 08:00:00+03:00,16.18,1162.225
2024-08-12 09:00:00+03:00,30.87,1106.5
2024-08-12 10:00:00+03:00,32.37,960.145
2024-08-12 11:00:00+03:00,26.76,844.3625
2024-08-12 12:00:00+03:00,16.04,841.485
2024-08-12 13:00:00+03:00,10.06,854.125
2024-08-12 14:00:00+03:00,6.98,857.74
2024-08-12 15:00:00+03:00,13.47,936.1675
2024-08-12 16:00:00+03:00,14.76,919.905
2024-08-12 17:00:00+03:00,17.93,834.315
2024-08-12 18:00:00+03:00,20.07,721.905
2024-08-12 19:00:00+03:00,22.22,765.6125
2024-08-12 20:00:00+03:00,22.94,762.39
2024-08-12 21:00:00+03:00,20.46,1009.475
2024-08-12 22:00:00+03:00,18.0,1292.5
2024-08-12 23:00:00+03:00,16.43,1414.175
2024-08-13 00:00:00+03:00,13.96,1458.3
2024-08-13 01:00:00+03:00,15.68,1211.725
2024-08-13 02:00:00+03:00,15.78,926.4375
2024-08-13 03:00:00+03:00,15.98,665.8675000000001
2024-08-13 04:00:00+03:00,16.59,466.8325
2024-08-13 05:00:00+03:00,17.45,320.58500000000004
2024-08-13 06:00:00+03:00,18.98,273.65999999999997
2024-08-13 07:00:00+03:00,20.71,177.5125
2024-08-13 08:00:00+03:00,25.69,56.28
2024-08-13 09:00:00+03:00,25.98,11.56
2024-08-13 10:00:00+03:00,25.91,6.3149999999999995
2024-08-13 11:00:00+03:00,24.09,20.0175
2024-08-13 12:00:00+03:00,24.6,27.49
2024-08-13 13:00:00+03:00,25.43,32.8675
2024-08-13 14:00:00+03:00,27.64,77.7475
2024-08-13 15:00:00+03:00,23.76,133.925
2024-08-13 16:00:00+03:00,21.19,118.7825
2024-08-13 17:00:00+03:00,23.31,128.775
2024-08-13 18:00:00+03:00,23.34,111.335
2024-08-13 19:00:00+03:00,24.45,87.64750000000001
2024-08-13 20:00:00+03:00,23.6,134.9475
2024-08-13 21:00:00+03:00,20.8,172.9325
2024-08-13 22:00:00+03:00,19.31,146.54500000000002
2024-08-13 23:00:00+03:00,18.4,91.035
2024-08-14 00:00:00+03:00,14.96,75.9425
2024-08-14 01:00:00+03:00,17.3,50.5
2024-08-14 02:00:00+03:00,16.6,14.327499999999999
2024-08-14 03:00:00+03:00,15.33,0.775
2024-08-14 04:00:00+03:00,15.01,0.0
2024-08-14 05:00:00+03:00,15.46,0.0
2024-08-14 06:00:00+03:00,16.22,2.04
2024-08-14 07:00:00+03:00,82.56,0.0
2024-08-14 08:00:00+03:00,77.25,0.0
2024-08-14 09:00:00+03:00,140.09,0.0
2024-08-14 10:00:00+03:00,70.04,0.0
2024-08-14 11:00:00+03:00,82.73,0.0
2024-08-14 12:00:00+03:00,77.15,5.407500000000001
2024-08-14 13:00:00+03:00,68.85,25.7975
2024-08-14 14:00:00+03:00,75.56,64.7225
2024-08-14 15:00:00+03:00,86.38,89.625
2024-08-14 16:00:00+03:00,76.7,123.4325
2024-08-14 17:00:00+03:00,90.02,183.225
2024-08-14 18:00:00+03:00,69.63,179.12
2024-08-14 19:00:00+03:00,80.95,147.7375
2024-08-14 20:00:00+03:00,50.5,236.6525
2024-08-14 21:00:00+03:00,25.15,439.2325
2024-08-14 22:00:00+03:00,18.84,649.23
2024-08-14 23:00:00+03:00,18.7,856.91
2024-08-15 00:00:00+03:00,15.15,1104.805
2024-08-15 01:00:00+03:00,7.8,1440.375
2024-08-15 02:00:00+03:00,5.86,1705.35
2024-08-15 03:00:00+03:00,4.2,2176.125
2024-08-15 04:00:00+03:00,3.9,2448.675
2024-08-15 05:00:00+03:00,4.12,2902.925
2024-08-15 06:00:00+03:00,7.0,3224.9
2024-08-15 07:00:00+03:00,9.19,2890.825
2024-08-15 08:00:00+03:00,15.27,2265.15
2024-08-15 09:00:00+03:00,19.96,1481.05
2024-08-15 10:00:00+03:00,19.94,1565.1
2024-08-15 11:00:00+03:00,19.03,1838.4
2024-08-15 12:00:00+03:00,15.18,1861.65
2024-08-15 13:00:00+03:00,9.86,2034.025
2024-08-15 14:00:00+03:00,4.19,2151.575
2024-08-15 15:00:00+03:00,3.18,2250.175
2024-08-15 16:00:00+03:00,4.36,2225.4
2024-08-15 17:00:00+03:00,12.27,2292.075
2024-08-15 18:00:00+03:00,12.14,2473.525
2024-08-15 19:00:00+03:00,11.76,2553.875
2024-08-15 20:00:00+03:00,8.95,2987.625
2024-08-15 21:00:00+03:00,5.04,3428.15
2024-08-15 22:00:00+03:00,4.18,3885.5750000000003
2024-08-15 23:00:00+03:00,1.82,3866.475
2024-08-16 00:00:00+03:00,-0.07,3484.925
2024-08-16 01:00:00+03:00,-0.01,3527.45
2024-08-16 02:00:00+03:00,-0.11,3479.35
2024-08-16 03:00:00+03:00,-0.58,3456.325
2024-08-16 04:00:00+03:00,-0.8,3539.825
2024-08-16 05:00:00+03:00,-0.15,3344.9
2024-08-16 06:00:00+03:00,-0.01,3350.3
2024-08-16 07:00:00+03:00,0.01,3581.75
2024-08-16 08:00:00+03:00,3.08,3432.575
2024-08-16 09:00:00+03:00,6.15,3561.025
2024-08-16 10:00:00+03:00,7.89,3691.075
2024-08-16 11:00:00+03:00,9.78,3747.525
2024-08-16 12:00:00+03:00,10.81,3968.225
2024-08-16 13:00:00+03:00,11.81,3864.05
2024-08-16 14:00:00+03:00,11.84,3706.025
2024-08-16 15:00:00+03:00,10.88,3508.8
2024-08-16 16:00:00+03:00,11.87,3489.25
2024-08-16 17:00:00+03:00,11.07,3278.95
2024-08-16 18:00:00+03:00,13.33,3091.525
2024-08-16 19:00:00+03:00,14.35,2940.35
2024-08-16 20:00:00+03:00,14.85,2359.25
2024-08-16 21:00:00+03:00,14.88,2140.225
2024-08-16 22:00:00+03:00,14.39,2139.5
2024-08-16 23:00:00+03:00,13.66,1982.125
2024-08-17 00:00:00+03:00,11.32,1797.1
2024-08-17 01:00:00+03:00,11.77,1709.6
2024-08-17 02:00:00+03:00,9.6,1464.65
2024-08-17 03:00:00+03:00,8.06,1190.2
2024-08-17 04:00:00+03:00,7.93,914.2725
2024-08-17 05:00:00+03:00,7.71,590.035
2024-08-17 06:00:00+03:00,7.98,366.3575
2024-08-17 07:00:00+03:00,18.23,204.18
2024-08-17 08:00:00+03:00,25.99,124.9375
2024-08-17 09:00:00+03:00,58.26,133.5
2024-08-17 10:00:00+03:00,68.94,128.70749999999998
2024-08-17 11:00:00+03:00,59.82,203.76749999999998
2024-08-17 12:00:00+03:00,46.5,191.605
2024-08-17 13:00:00+03:00,47.92,182.8675
2024-08-17 14:00:00+03:00,44.12,257.99
2024-08-17 15:00:00+03:00,53.36,279.925
2024-08-17 16:00:00+03:00,56.61,271.2425
2024-08-17 17:00:00+03:00,37.39,354.2725
2024-08-17 18:00:00+03:00,110.09,520.0075
2024-08-17 19:00:00+03:00,67.67,631.3874999999999
2024-08-17 20:00:00+03:00,32.49,527.075
2024-08-17 21:00:00+03:00,23.04,617.96
2024-08-17 22:00:00+03:00,24.92,918.115
2024-08-17 23:00:00+03:00,23.53,1081.275
2024-08-18 00:00:00+03:00,11.92,931.015
2024-08-18 01:00:00+03:00,8.98,764.335
2024-08-18 02:00:00+03:00,8.23,684.47
2024-08-18 03:00:00+03:00,9.2,559.315
2024-08-18 04:00:00+03:00,9.99,484.5775
2024-08-18 05:00:00+03:00,10.15,372.28499999999997
2024-08-18 06:00:00+03:00,10.27,253.1225
2024-08-18 07:00:00+03:00,20.3,178.4525
2024-08-18 08:00:00+03:00,30.52,144.135
2024-08-18 09:00:00+03:00,31.92,73.2025
2024-08-18 10:00:00+03:00,33.2,39.975
2024-08-18 11:00:00+03:00,32.27,112.0425
2024-08-18 12:00:00+03:00,30.47,258.1875
2024-08-18 13:00:00+03:00,28.97,360.1675
2024-08-18 14:00:00+03:00,29.98,414.3325
2024-08-18 15:00:00+03:00,16.86,479.1325
2024-08-18 16:00:00+03:00,28.11,486.1475
2024-08-18 17:00:00+03:00,29.35,605.2175
2024-08-18 18:00:00+03:00,33.59,623.65
2024-08-18 19:00:00+03:00,29.41,831.2125
2024-08-18 20:00:00+03:00,15.83,1306.0
2024-08-18 21:00:00+03:00,9.02,2152.9
2024-08-18 22:00:00+03:00,6.76,2735.6
2024-08-18 23:00:00+03:00,4.9,2814.975
2024-08-19 00:00:00+03:00,3.08,2718.25
2024-08-19 01:00:00+03:00,3.23,3005.35
2024-08-19 02:00:00+03:00,3.69,3138.4
2024-08-19 03:00:00+03:00,3.52,3283.675
2024-08-19 04:00:00+03:00,3.49,3314.025
2024-08-19 05:00:00+03:00,3.49,3463.85
2024-08-19 06:00:00+03:00,5.0,3564.375
2024-08-19 07:00:00+03:00,5.34,3412.575
2024-08-19 08:00:00+03:00,10.31,2918.45
2024-08-19 09:00:00+03:00,11.98,2834.75
2024-08-19 10:00:00+03:00,9.47,3109.475
2024-08-19 11:00:00+03:00,7.22,3190.9
2024-08-19 12:00:00+03:00,5.91,3252.475
2024-08-19 13:00:00+03:00,6.9,3345.775
2024-08-19 14:00:00+03:00,6.21,3339.95
2024-08-19 15:00:00+03:00,6.46,3010.475
2024-08-19 16:00:00+03:00,7.63,3045.3
2024-08-19 17:00:00+03:00,9.97,3109.925
2024-08-19 18:00:00+03:00,12.06,2917.475
2024-08-19 19:00:00+03:00,13.36,2582.075
2024-08-19 20:00:00+03:00,13.97,2755.575
2024-08-19 21:00:00+03:00,12.67,3385.825
2024-08-19 22:00:00+03:00,11.9,3653.65
2024-08-19 23:00:00+03:00,9.91,3670.325
2024-08-20 00:00:00+03:00,7.28,3291.525
2024-08-20 01:00:00+03:00,4.22,2840.475
2024-08-20 02:00:00+03:00,3.89,2494.975
2024-08-20 03:00:00+03:00,3.8,2252.325
2024-08-20 04:00:00+03:00,3.79,1869.75
2024-08-20 05:00:00+03:00,3.99,1723.175
2024-08-20 06:00:00+03:00,4.14,1846.225
2024-08-20 07:00:00+03:00,5.18,1940.225
2024-08-20 08:00:00+03:00,28.71,1689.15
2024-08-20 09:00:00+03:00,70.07,979.6825
2024-08-20 10:00:00+03:00,54.64,772.6475
2024-08-20 11:00:00+03:00,35.61,964.0699999999999
2024-08-20 12:00:00+03:00,9.75,1294.0
2024-08-20 13:00:00+03:00,7.82,1702.45
2024-08-20 14:00:00+03:00,5.78,1992.0500000000002
2024-08-20 15:00:00+03:00,5.33,2348.575
2024-08-20 16:00:00+03:00,4.96,2464.85
2024-08-20 17:00:00+03:00,5.24,2432.575
2024-08-20 18:00:00+03:00,6.57,2327.45
2024-08-20 19:00:00+03:00,7.0,2503.375
2024-08-20 20:00:00+03:00,6.54,3054.4
2024-08-20 21:00:00+03:00,5.06,3733.9
2024-08-20 22:00:00+03:00,3.56,4017.575
2024-08-20 23:00:00+03:00,2.68,4056.15
2024-08-21 00:00:00+03:00,0.01,3244.425
2024-08-21 01:00:00+03:00,-0.11,2579.375
2024-08-21 02:00:00+03:00,-0.57,2491.175
2024-08-21 03:00:00+03:00,-0.8,2534.875
2024-08-21 04:00:00+03:00,-0.81,2613.7
2024-08-21 05:00:00+03:00,-0.59,2999.4
2024-08-21 06:00:00+03:00,0.0,3412.95
2024-08-21 07:00:00+03:00,2.23,3548.45
2024-08-21 08:00:00+03:00,5.0,2508.9
2024-08-21 09:00:00+03:00,9.39,1650.75
2024-08-21 10:00:00+03:00,8.36,1580.725
2024-08-21 11:00:00+03:00,2.95,1925.65
2024-08-21 12:00:00+03:00,1.86,2534.325
2024-08-21 13:00:00+03:00,0.43,2713.525
2024-08-21 14:00:00+03:00,0.0,2692.125
2024-08-21 15:00:00+03:00,-0.07,2287.025
2024-08-21 16:00:00+03:00,-0.01,2108.5
2024-08-21 17:00:00+03:00,1.4,2132.925
2024-08-21 18:00:00+03:00,3.96,1923.5500000000002
2024-08-21 19:00:00+03:00,8.58,1904.45
2024-08-21 20:00:00+03:00,7.4,2638.15
2024-08-21 21:00:00+03:00,5.31,3827.6000000000004
2024-08-21 22:00:00+03:00,4.42,4540.15
2024-08-21 23:00:00+03:00,3.94,4017.75
2024-08-22 00:00:00+03:00,3.32,3830.8
2024-08-22 01:00:00+03:00,-0.01,3175.75
2024-08-22 02:00:00+03:00,-0.09,3072.825
2024-08-22 03:00:00+03:00,-0.02,3354.575
2024-08-22 04:00:00+03:00,0.0,3301.175
2024-08-22 05:00:00+03:00,0.0,3363.2
2024-08-22 06:00:00+03:00,3.07,3468.775
2024-08-22 07:00:00+03:00,4.92,3117.575
2024-08-22 08:00:00+03:00,11.07,2320.275
2024-08-22 09:00:00+03:00,15.37,1876.275
2024-08-22 10:00:00+03:00,13.94,1609.075
2024-08-22 11:00:00+03:00,7.84,1746.15
2024-08-22 12:00:00+03:00,3.79,1939.625
2024-08-22 13:00:00+03:00,2.8,2187.45
2024-08-22 14:00:00+03:00,2.48,2210.2
2024-08-22 15:00:00+03:00,1.59,2376.4
2024-08-22 16:00:00+03:00,1.15,2260.425
2024-08-22 17:00:00+03:00,3.73,2236.5
2024-08-22 18:00:00+03:00,8.35,2308.95
2024-08-22 19:00:00+03:00,7.56,2208.7
2024-08-22 20:00:00+03:00,5.55,2181.075
2024-08-22 21:00:00+03:00,4.84,2146.575
2024-08-22 22:00:00+03:00,3.57,2227.825
2024-08-22 23:00:00+03:00,2.35,2597.25
2024-08-23 00:00:00+03:00,0.0,2322.575
2024-08-23 01:00:00+03:00,-1.07,2013.15
2024-08-23 02:00:00+03:00,-1.09,1927.525
2024-08-23 03:00:00+03:00,-1.0,1852.075
2024-08-23 04:00:00+03:00,-0.81,1642.625
2024-08-23 05:00:00+03:00,-0.16,1575.775
2024-08-23 06:00:00+03:00,0.0,1480.9
2024-08-23 07:00:00+03:00,2.18,1373.1
2024-08-23 08:00:00+03:00,31.51,1135.6
2024-08-23 09:00:00+03:00,70.6,824.9975000000001
2024-08-23 10:00:00+03:00,52.2,808.9625
2024-08-23 11:00:00+03:00,46.14,882.775
2024-08-23 12:00:00+03:00,49.99,898.3575
2024-08-23 13:00:00+03:00,60.75,948.655
2024-08-23 14:00:00+03:00,43.92,1216.8
2024-08-23 15:00:00+03:00,40.05,1360.775
2024-08-23 16:00:00+03:00,55.6,1424.95
2024-08-23 17:00:00+03:00,35.44,1360.625
2024-08-23 18:00:00+03:00,32.91,1505.975
2024-08-23 19:00:00+03:00,33.29,1630.95
2024-08-23 20:00:00+03:00,14.88,1821.9499999999998
2024-08-23 21:00:00+03:00,0.62,2231.75
2024-08-23 22:00:00+03:00,-0.05,2371.45
2024-08-23 23:00:00+03:00,-1.36,2638.65
2024-08-24 00:00:00+03:00,-3.01,2558.2
2024-08-24 01:00:00+03:00,-7.6,2584.225
2024-08-24 02:00:00+03:00,-9.99,2791.4
2024-08-24 03:00:00+03:00,-9.99,2925.775
2024-08-24 04:00:00+03:00,-9.99,3030.25
2024-08-24 05:00:00+03:00,-9.37,3051.45
2024-08-24 06:00:00+03:00,-7.6,3052.875
2024-08-24 07:00:00+03:00,-6.01,3117.4
2024-08-24 08:00:00+03:00,-3.59,3275.5
2024-08-24 09:00:00+03:00,-3.0,3431.125
2024-08-24 10:00:00+03:00,-2.41,3733.45
2024-08-24 11:00:00+03:00,-2.04,4014.775
2024-08-24 12:00:00+03:00,-6.04,3349.45
2024-08-24 13:00:00+03:00,-11.75,2876.525
2024-08-24 14:00:00+03:00,-9.99,3185.325
2024-08-24 15:00:00+03:00,-8.16,3159.95
2024-08-24 16:00:00+03:00,-9.37,3050.225
2024-08-24 17:00:00+03:00,-4.45,3169.95
2024-08-24 18:00:00+03:00,-0.97,3795.575
2024-08-24 19:00:00+03:00,0.0,4353.425
2024-08-24 20:00:00+03:00,0.0,4203.725
2024-08-24 21:00:00+03:00,-0.01,4143.65
2024-08-24 22:00:00+03:00,-0.16,4036.7
2024-08-24 23:00:00+03:00,-1.19,3905.825
2024-08-25 00:00:00+03:00,-2.01,3483.2
2024-08-25 01:00:00+03:00,-1.55,3540.525
2024-08-25 02:00:00+03:00,-1.99,3436.525
2024-08-25 03:00:00+03:00,-2.02,3258.575
2024-08-25 04:00:00+03:00,-1.75,3473.3
2024-08-25 05:00:00+03:00,-1.75,3486.875
2024-08-25 06:00:00+03:00,-1.75,3541.5
2024-08-25 07:00:00+03:00,-1.29,3489.65
2024-08-25 08:00:00+03:00,-0.9,3507.65
2024-08-25 09:00:00+03:00,-0.9,3572.725
2024-08-25 10:00:00+03:00,-1.54,3529.3
2024-08-25 11:00:00+03:00,-6.07,3153.1
2024-08-25 12:00:00+03:00,-10.1,2846.25
2024-08-25 13:00:00+03:00,-15.5,2557.1
2024-08-25 14:00:00+03:00,-20.01,2443.8
2024-08-25 15:00:00+03:00,-19.83,2094.7
2024-08-25 16:00:00+03:00,-10.15,2668.875
2024-08-25 17:00:00+03:00,-5.01,3490.925
2024-08-25 18:00:00+03:00,-2.45,3799.5
2024-08-25 19:00:00+03:00,-1.1,4384.625
2024-08-25 20:00:00+03:00,-0.82,4550.45
2024-08-25 21:00:00+03:00,-0.56,4728.825
2024-08-25 22:00:00+03:00,-0.51,4835.55
2024-08-25 23:00:00+03:00,-0.92,4552.95
2024-08-26 00:00:00+03:00,-1.62,4211.825
2024-08-26 01:00:00+03:00,-1.99,3532.75
2024-08-26 02:00:00+03:00,-1.99,3975.575
2024-08-26 03:00:00+03:00,-1.75,3680.85
2024-08-26 04:00:00+03:00,-1.54,3565.325
2024-08-26 05:00:00+03:00,-1.01,3535.75
2024-08-26 06:00:00+03:00,-0.58,3440.0
2024-08-26 07:00:00+03:00,0.0,3427.075
2024-08-26 08:00:00+03:00,1.3,3313.125
2024-08-26 09:00:00+03:00,1.97,3716.025
2024-08-26 10:00:00+03:00,0.44,4155.725
2024-08-26 11:00:00+03:00,-0.01,4324.95
2024-08-26 12:00:00+03:00,-0.59,3801.425
2024-08-26 13:00:00+03:00,-0.81,3593.8
2024-08-26 14:00:00+03:00,-0.92,3599.25
2024-08-26 15:00:00+03:00,-1.01,3570.025
2024-08-26 16:00:00+03:00,-1.0,3808.3
2024-08-26 17:00:00+03:00,-0.81,3959.7749999999996
2024-08-26 18:00:00+03:00,-0.1,4220.325
2024-08-26 19:00:00+03:00,-0.01,4495.225
2024-08-26 20:00:00+03:00,0.0,4530.75
2024-08-26 21:00:00+03:00,0.0,4723.725
2024-08-26 22:00:00+03:00,0.0,4975.875
2024-08-26 23:00:00+03:00,-0.1,4918.85
2024-08-27 00:00:00+03:00,-0.9,4432.525
2024-08-27 01:00:00+03:00,-1.22,4265.55
2024-08-27 02:00:00+03:00,-1.34,4062.5
2024-08-27 03:00:00+03:00,-1.02,3444.525
2024-08-27 04:00:00+03:00,-0.8,3326.025
2024-08-27 05:00:00+03:00,-0.05,3468.725
2024-08-27 06:00:00+03:00,0.09,3589.925
2024-08-27 07:00:00+03:00,1.95,3127.975
2024-08-27 08:00:00+03:00,3.68,2779.5
2024-08-27 09:00:00+03:00,4.93,2635.65
2024-08-27 10:00:00+03:00,4.58,2854.95
2024-08-27 11:00:00+03:00,4.41,3206.525
2024-08-27 12:00:00+03:00,4.1,3281.075
2024-08-27 13:00:00+03:00,3.9,3399.95
2024-08-27 14:00:00+03:00,1.18,3326.1499999999996
2024-08-27 15:00:00+03:00,2.28,3358.2
2024-08-27 16:00:00+03:00,3.08,3704.2250000000004
2024-08-27 17:00:00+03:00,3.6,3717.425
2024-08-27 18:00:00+03:00,4.18,3547.325
2024-08-27 19:00:00+03:00,4.58,3245.675
2024-08-27 20:00:00+03:00,4.21,3159.525
2024-08-27 21:00:00+03:00,3.31,3541.425
2024-08-27 22:00:00+03:00,2.52,3757.8
2024-08-27 23:00:00+03:00,1.11,3865.5
2024-08-28 00:00:00+03:00,0.0,3673.95
2024-08-28 01:00:00+03:00,-0.11,3065.15
2024-08-28 02:00:00+03:00,-0.56,3137.225
2024-08-28 03:00:00+03:00,-0.8,2892.275
2024-08-28 04:00:00+03:00,-0.59,2823.75
2024-08-28 05:00:00+03:00,-0.1,3197.875
2024-08-28 06:00:00+03:00,0.0,3518.725
2024-08-28 07:00:00+03:00,1.63,4020.2
2024-08-28 08:00:00+03:00,3.79,3393.1
2024-08-28 09:00:00+03:00,4.43,2905.475
2024-08-28 10:00:00+03:00,4.55,2728.925
2024-08-28 11:00:00+03:00,4.33,2724.925
2024-08-28 12:00:00+03:00,4.19,2878.6
2024-08-28 13:00:00+03:00,3.94,3071.2749999999996
2024-08-28 14:00:00+03:00,4.1,3333.575
2024-08-28 15:00:00+03:00,4.02,3449.25
2024-08-28 16:00:00+03:00,4.0,3336.0
2024-08-28 17:00:00+03:00,4.97,3130.25
2024-08-28 18:00:00+03:00,7.59,2922.4
2024-08-28 19:00:00+03:00,8.09,2799.2
2024-08-28 20:00:00+03:00,7.67,2751.7749999999996
2024-08-28 21:00:00+03:00,6.37,2960.05
2024-08-28 22:00:00+03:00,5.0,3304.825
2024-08-28 23:00:00+03:00,3.79,3078.025
2024-08-29 00:00:00+03:00,2.51,2800.1
2024-08-29 01:00:00+03:00,1.15,2353.7
2024-08-29 02:00:00+03:00,0.97,1967.275
2024-08-29 03:00:00+03:00,0.99,1577.775
2024-08-29 04:00:00+03:00,1.01,1414.55
2024-08-29 05:00:00+03:00,1.78,1269.15
2024-08-29 06:00:00+03:00,2.97,1062.0
2024-08-29 07:00:00+03:00,18.04,964.4375
2024-08-29 08:00:00+03:00,46.21,766.36
2024-08-29 09:00:00+03:00,63.67,408.8375
2024-08-29 10:00:00+03:00,73.18,250.655
2024-08-29 11:00:00+03:00,62.76,334.0125
2024-08-29 12:00:00+03:00,56.13,548.965
2024-08-29 13:00:00+03:00,42.23,737.145
2024-08-29 14:00:00+03:00,20.86,802.3125
2024-08-29 15:00:00+03:00,16.11,945.48
2024-08-29 16:00:00+03:00,19.51,906.775
2024-08-29 17:00:00+03:00,35.82,803.7574999999999
2024-08-29 18:00:00+03:00,25.9,685.95
2024-08-29 19:00:00+03:00,28.85,824.9075
2024-08-29 20:00:00+03:00,4.12,1284.725
2024-08-29 21:00:00+03:00,3.17,2061.65
2024-08-29 22:00:00+03:00,1.98,2650.05
2024-08-29 23:00:00+03:00,-0.01,2577.175
2024-08-30 00:00:00+03:00,-0.81,2699.575
2024-08-30 01:00:00+03:00,-0.8,3047.7
2024-08-30 02:00:00+03:00,-0.94,3420.375
2024-08-30 03:00:00+03:00,-1.07,3449.3
2024-08-30 04:00:00+03:00,-1.26,3435.1
2024-08-30 05:00:00+03:00,-1.0,3808.75
2024-08-30 06:00:00+03:00,-0.11,3919.15
2024-08-30 07:00:00+03:00,0.66,4363.55
2024-08-30 08:00:00+03:00,2.91,4047.675
2024-08-30 09:00:00+03:00,3.55,4087.85
2024-08-30 10:00:00+03:00,3.85,3936.8999999999996
2024-08-30 11:00:00+03:00,3.59,3907.3999999999996
2024-08-30 12:00:00+03:00,2.99,4149.85
2024-08-30 13:00:00+03:00,2.94,4195.1
2024-08-30 14:00:00+03:00,2.91,3939.025
2024-08-30 15:00:00+03:00,2.63,3473.1
2024-08-30 16:00:00+03:00,2.35,3525.7
2024-08-30 17:00:00+03:00,3.24,3787.625
2024-08-30 18:00:00+03:00,4.14,4118.85
2024-08-30 19:00:00+03:00,4.47,4281.45
2024-08-30 20:00:00+03:00,4.79,4156.275
2024-08-30 21:00:00+03:00,4.41,4323.1
2024-08-30 22:00:00+03:00,3.7,3683.575
2024-08-30 23:00:00+03:00,2.96,3585.025
2024-08-31 00:00:00+03:00,1.99,2767.2
2024-08-31 01:00:00+03:00,0.11,2527.3
2024-08-31 02:00:00+03:00,-0.01,2127.225
2024-08-31 03:00:00+03:00,-0.59,1760.6
2024-08-31 04:00:00+03:00,-0.81,1945.05
2024-08-31 05:00:00+03:00,-1.07,1780.425
2024-08-31 06:00:00+03:00,-1.42,1526.9
2024-08-31 07:00:00+03:00,-0.01,1266.5
2024-08-31 08:00:00+03:00,1.6,872.3
2024-08-31 09:00:00+03:00,2.88,392.2075
2024-08-31 10:00:00+03:00,31.38,190.08249999999998
2024-08-31 11:00:00+03:00,37.03,190.9275
2024-08-31 12:00:00+03:00,38.74,270.4225
2024-08-31 13:00:00+03:00,30.17,357.97
2024-08-31 14:00:00+03:00,26.91,544.225
2024-08-31 15:00:00+03:00,6.5,902.535
2024-08-31 16:00:00+03:00,3.51,1323.775
2024-08-31 17:00:00+03:00,3.22,1912.875
2024-08-31 18:00:00+03:00,8.17,2255.575
2024-08-31 19:00:00+03:00,3.32,2392.15
2024-08-31 20:00:00+03:00,3.26,2442.3
2024-08-31 21:00:00+03:00,2.96,2358.25
2024-08-31 22:00:00+03:00,2.6,2635.3500000000004
2024-08-31 23:00:00+03:00,1.17,2725.6
2024-09-01 00:00:00+03:00,0.0,2481.775
2024-09-01 01:00:00+03:00,0.6,2924.95
2024-09-01 02:00:00+03:00,0.01,3067.65
2024-09-01 03:00:00+03:00,0.0,2556.475
2024-09-01 04:00:00+03:00,0.0,2723.025
2024-09-01 05:00:00+03:00,0.0,2670.125
2024-09-01 06:00:00+03:00,0.0,2329.45
2024-09-01 07:00:00+03:00,0.66,2221.8999999999996
2024-09-01 08:00:00+03:00,1.0,2122.25
2024-09-01 09:00:00+03:00,2.52,1733.15
2024-09-01 10:00:00+03:00,3.19,1459.5
2024-09-01 11:00:00+03:00,3.81,1319.975
2024-09-01 12:00:00+03:00,2.62,952.6225
2024-09-01 13:00:00+03:00,2.0,869.2175
2024-09-01 14:00:00+03:00,2.96,852.2775
2024-09-01 15:00:00+03:00,3.37,1028.83
2024-09-01 16:00:00+03:00,15.07,1078.325
2024-09-01 17:00:00+03:00,15.08,1135.625
2024-09-01 18:00:00+03:00,29.86,1093.75
2024-09-01 19:00:00+03:00,31.22,1256.2
2024-09-01 20:00:00+03:00,35.0,1635.15
2024-09-01 21:00:00+03:00,27.52,2048.475
2024-09-01 22:00:00+03:00,16.09,2471.875
2024-09-01 23:00:00+03:00,7.02,2417.325
2024-09-02 00:00:00+03:00,5.21,2040.275
2024-09-02 01:00:00+03:00,4.9,1843.55
2024-09-02 02:00:00+03:00,4.56,1820.975
2024-09-02 03:00:00+03:00,4.31,2028.025
2024-09-02 04:00:00+03:00,4.15,2127.975
2024-09-02 05:00:00+03:00,4.18,2207.1
2024-09-02 06:00:00+03:00,5.1,2678.85
2024-09-02 07:00:00+03:00,13.19,2743.75
2024-09-02 08:00:00+03:00,48.49,2279.075
2024-09-02 09:00:00+03:00,90.0,1683.275
2024-09-02 10:00:00+03:00,65.35,1470.95
2024-09-02 11:00:00+03:00,57.67,1474.6
2024-09-02 12:00:00+03:00,41.69,1500.1
2024-09-02 13:00:00+03:00,32.8,1528.075
2024-09-02 14:00:00+03:00,9.14,1583.45
2024-09-02 15:00:00+03:00,5.96,1595.625
2024-09-02 16:00:00+03:00,6.05,1434.475
2024-09-02 17:00:00+03:00,22.66,1650.6
2024-09-02 18:00:00+03:00,36.31,1752.55
2024-09-02 19:00:00+03:00,40.0,2110.45
2024-09-02 20:00:00+03:00,39.29,2901.15
2024-09-02 21:00:00+03:00,17.41,3443.825
2024-09-02 22:00:00+03:00,8.26,3282.65
2024-09-02 23:00:00+03:00,6.89,3376.625
2024-09-03 00:00:00+03:00,5.26,3031.375
2024-09-03 01:00:00+03:00,4.57,2756.25
2024-09-03 02:00:00+03:00,4.24,2344.3
2024-09-03 03:00:00+03:00,4.12,2215.7749999999996
2024-09-03 04:00:00+03:00,4.2,1987.95
2024-09-03 05:00:00+03:00,4.76,1668.15
2024-09-03 06:00:00+03:00,5.57,1389.6
2024-09-03 07:00:00+03:00,32.8,1258.925
2024-09-03 08:00:00+03:00,56.05,1083.8175
2024-09-03 09:00:00+03:00,113.26,827.0075
2024-09-03 10:00:00+03:00,115.98,596.635
2024-09-03 11:00:00+03:00,96.51,459.1825
2024-09-03 12:00:00+03:00,68.48,402.825
2024-09-03 13:00:00+03:00,82.2,476.8675
2024-09-03 14:00:00+03:00,68.55,440.795
2024-09-03 15:00:00+03:00,63.27,430.3425
2024-09-03 16:00:00+03:00,79.25,498.8175
2024-09-03 17:00:00+03:00,68.41,383.0475
2024-09-03 18:00:00+03:00,82.25,353.4525
2024-09-03 19:00:00+03:00,249.98,351.2875
2024-09-03 20:00:00+03:00,249.97,395.89750000000004
2024-09-03 21:00:00+03:00,78.36,432.7825
2024-09-03 22:00:00+03:00,58.15,440.9775
2024-09-03 23:00:00+03:00,34.76,470.405
2024-09-04 00:00:00+03:00,2.88,547.9675
2024-09-04 01:00:00+03:00,2.68,668.0425
2024-09-04 02:00:00+03:00,2.67,830.665
2024-09-04 03:00:00+03:00,2.93,893.0225
2024-09-04 04:00:00+03:00,3.11,887.5074999999999
2024-09-04 05:00:00+03:00,3.75,868.4675
2024-09-04 06:00:00+03:00,32.34,862.39
2024-09-04 07:00:00+03:00,147.88,854.235
2024-09-04 08:00:00+03:00,181.3,720.3375
2024-09-04 09:00:00+03:00,154.33,519.9775
2024-09-04 10:00:00+03:00,125.13,314.6975
2024-09-04 11:00:00+03:00,107.21,286.64
2024-09-04 12:00:00+03:00,88.82,293.32500000000005
2024-09-04 13:00:00+03:00,85.23,282.37
2024-09-04 14:00:00+03:00,86.01,273.7475
2024-09-04 15:00:00+03:00,79.96,330.365
2024-09-04 16:00:00+03:00,88.66,343.71
2024-09-04 17:00:00+03:00,109.61,323.11
2024-09-04 18:00:00+03:00,149.96,322.975
2024-09-04 19:00:00+03:00,190.0,459.8375
2024-09-04 20:00:00+03:00,149.02,770.225
2024-09-04 21:00:00+03:00,36.13,1067.2575
2024-09-04 22:00:00+03:00,20.22,1407.825
2024-09-04 23:00:00+03:00,3.68,1658.175
2024-09-05 00:00:00+03:00,3.07,1837.05
2024-09-05 01:00:00+03:00,3.71,2089.225
2024-09-05 02:00:00+03:00,3.78,2173.325
2024-09-05 03:00:00+03:00,4.11,2158.95
2024-09-05 04:00:00+03:00,4.82,2158.225
2024-09-05 05:00:00+03:00,7.78,2064.125
2024-09-05 06:00:00+03:00,32.92,1760.125
2024-09-05 07:00:00+03:00,56.04,1819.125
2024-09-05 08:00:00+03:00,124.89,1756.125
2024-09-05 09:00:00+03:00,119.04,1284.625
2024-09-05 10:00:00+03:00,97.68,681.5225
2024-09-05 11:00:00+03:00,68.25,584.365
2024-09-05 12:00:00+03:00,43.13,605.2325
2024-09-05 13:00:00+03:00,49.23,549.015
2024-09-05 14:00:00+03:00,53.61,641.5125
2024-09-05 15:00:00+03:00,59.03,694.1225
2024-09-05 16:00:00+03:00,47.07,680.8575000000001
2024-09-05 17:00:00+03:00,75.75,624.0875
2024-09-05 18:00:00+03:00,123.33,677.6525
2024-09-05 19:00:00+03:00,209.53,966.7075
2024-09-05 20:00:00+03:00,241.93,1430.825
2024-09-05 21:00:00+03:00,164.52,1563.525
2024-09-05 22:00:00+03:00,111.62,1537.1
2024-09-05 23:00:00+03:00,52.16,1523.15
2024-09-06 00:00:00+03:00,39.1,1367.475
2024-09-06 01:00:00+03:00,10.86,1381.6
2024-09-06 02:00:00+03:00,21.08,1397.55
2024-09-06 03:00:00+03:00,30.62,1371.275
2024-09-06 04:00:00+03:00,31.89,1327.375
2024-09-06 05:00:00+03:00,34.49,1396.525
2024-09-06 06:00:00+03:00,37.03,1554.225
2024-09-06 07:00:00+03:00,49.44,1818.925
2024-09-06 08:00:00+03:00,72.3,1798.6750000000002
2024-09-06 09:00:00+03:00,123.15,1368.55
2024-09-06 10:00:00+03:00,102.51,840.1575
2024-09-06 11:00:00+03:00,68.24,750.1075
2024-09-06 12:00:00+03:00,48.05,862.97
2024-09-06 13:00:00+03:00,16.78,973.505
2024-09-06 14:00:00+03:00,7.95,993.8575
2024-09-06 15:00:00+03:00,7.81,1194.2
2024-09-06 16:00:00+03:00,15.01,1438.3000000000002
2024-09-06 17:00:00+03:00,48.7,1447.5
2024-09-06 18:00:00+03:00,57.64,1445.1
2024-09-06 19:00:00+03:00,44.52,1619.525
2024-09-06 20:00:00+03:00,30.06,2093.4
2024-09-06 21:00:00+03:00,8.0,2495.225
2024-09-06 22:00:00+03:00,4.25,2863.8
2024-09-06 23:00:00+03:00,3.37,3059.0
2024-09-07 00:00:00+03:00,2.9,3168.775
2024-09-07 01:00:00+03:00,3.19,3105.5
2024-09-07 02:00:00+03:00,3.28,3107.9500000000003
2024-09-07 03:00:00+03:00,3.28,3312.075
2024-09-07 04:00:00+03:00,2.97,3307.575
2024-09-07 05:00:00+03:00,2.98,3261.175
2024-09-07 06:00:00+03:00,3.09,3503.975
2024-09-07 07:00:00+03:00,3.08,3199.525
2024-09-07 08:00:00+03:00,5.62,2556.0
2024-09-07 09:00:00+03:00,8.61,1967.15
2024-09-07 10:00:00+03:00,16.01,1843.575
2024-09-07 11:00:00+03:00,9.96,2233.4
2024-09-07 12:00:00+03:00,7.56,2207.6
2024-09-07 13:00:00+03:00,5.27,1979.95
2024-09-07 14:00:00+03:00,1.24,1803.15
2024-09-07 15:00:00+03:00,3.1,1829.85
2024-09-07 16:00:00+03:00,5.75,1702.25
2024-09-07 17:00:00+03:00,42.96,1435.15
2024-09-07 18:00:00+03:00,59.04,1120.3
2024-09-07 19:00:00+03:00,60.44,1130.6750000000002
2024-09-07 20:00:00+03:00,52.04,1471.65
2024-09-07 21:00:00+03:00,42.22,1784.525
2024-09-07 22:00:00+03:00,48.22,1973.675
2024-09-07 23:00:00+03:00,41.47,1973.475
2024-09-08 00:00:00+03:00,5.99,1922.1750000000002
2024-09-08 01:00:00+03:00,5.19,1903.3500000000001
2024-09-08 02:00:00+03:00,4.54,1759.5
2024-09-08 03:00:00+03:00,3.97,1696.5
2024-09-08 04:00:00+03:00,3.88,1667.6
2024-09-08 05:00:00+03:00,3.75,1791.575
2024-09-08 06:00:00+03:00,3.88,1914.825
2024-09-08 07:00:00+03:00,3.9,1845.825
2024-09-08 08:00:00+03:00,6.0,1757.575
2024-09-08 09:00:00+03:00,36.37,1318.7
2024-09-08 10:00:00+03:00,39.61,774.8775
2024-09-08 11:00:00+03:00,6.24,600.4025
2024-09-08 12:00:00+03:00,2.49,764.6675
2024-09-08 13:00:00+03:00,0.04,891.555
2024-09-08 14:00:00+03:00,0.01,1009.3325
2024-09-08 15:00:00+03:00,1.19,1121.0
2024-09-08 16:00:00+03:00,6.0,1121.825
2024-09-08 17:00:00+03:00,39.84,1018.095
2024-09-08 18:00:00+03:00,75.97,1062.7175
2024-09-08 19:00:00+03:00,59.69,1640.925
2024-09-08 20:00:00+03:00,31.15,2727.2
2024-09-08 21:00:00+03:00,3.85,3301.05
2024-09-08 22:00:00+03:00,3.06,3386.525
2024-09-08 23:00:00+03:00,1.62,3787.175
2024-09-09 00:00:00+03:00,0.05,3628.775
2024-09-09 01:00:00+03:00,-0.1,3315.2
2024-09-09 02:00:00+03:00,-0.21,3325.15
2024-09-09 03:00:00+03:00,-0.1,3407.0
2024-09-09 04:00:00+03:00,-0.01,3471.325
2024-09-09 05:00:00+03:00,0.0,3596.6
2024-09-09 06:00:00+03:00,0.43,4151.425
2024-09-09 07:00:00+03:00,1.83,4365.575000000001
2024-09-09 08:00:00+03:00,2.98,4127.5
2024-09-09 09:00:00+03:00,3.76,3484.05
2024-09-09 10:00:00+03:00,4.67,2679.95
2024-09-09 11:00:00+03:00,3.6,2774.625
2024-09-09 12:00:00+03:00,3.05,3217.825
2024-09-09 13:00:00+03:00,2.37,3563.8
2024-09-09 14:00:00+03:00,1.47,3461.125
2024-09-09 15:00:00+03:00,1.1,3912.35
2024-09-09 16:00:00+03:00,1.93,3853.675
2024-09-09 17:00:00+03:00,2.23,3815.275
2024-09-09 18:00:00+03:00,2.26,3708.2
2024-09-09 19:00:00+03:00,2.16,4360.45
2024-09-09 20:00:00+03:00,1.59,4770.2
2024-09-09 21:00:00+03:00,0.65,4851.95
2024-09-09 22:00:00+03:00,0.0,4385.075
2024-09-09 23:00:00+03:00,-0.58,4119.375
2024-09-10 00:00:00+03:00,-1.0,3906.3
2024-09-10 01:00:00+03:00,-0.81,3926.4
2024-09-10 02:00:00+03:00,-0.9,3885.7
2024-09-10 03:00:00+03:00,-1.01,3797.5
2024-09-10 04:00:00+03:00,-1.09,3896.95
2024-09-10 05:00:00+03:00,-0.9,4026.3500000000004
2024-09-10 06:00:00+03:00,-0.59,4260.65
2024-09-10 07:00:00+03:00,0.01,5055.975
2024-09-10 08:00:00+03:00,2.01,5225.675
2024-09-10 09:00:00+03:00,2.43,4978.825
2024-09-10 10:00:00+03:00,2.06,4836.275
2024-09-10 11:00:00+03:00,2.08,4871.825
2024-09-10 12:00:00+03:00,1.19,4880.25
2024-09-10 13:00:00+03:00,0.01,4906.575
2024-09-10 14:00:00+03:00,-0.07,4489.25
2024-09-10 15:00:00+03:00,-0.16,4369.475
2024-09-10 16:00:00+03:00,-0.04,4485.35
2024-09-10 17:00:00+03:00,0.22,4958.725
2024-09-10 18:00:00+03:00,1.51,5060.275
2024-09-10 19:00:00+03:00,1.87,5034.625
2024-09-10 20:00:00+03:00,2.72,5028.325
2024-09-10 21:00:00+03:00,2.0,4906.425
2024-09-10 22:00:00+03:00,1.43,4577.125
2024-09-10 23:00:00+03:00,0.01,4364.0
2024-09-11 00:00:00+03:00,-0.03,3540.675
2024-09-11 01:00:00+03:00,-0.01,3339.55
2024-09-11 02:00:00+03:00,-0.01,2965.925
2024-09-11 03:00:00+03:00,0.0,3148.025
2024-09-11 04:00:00+03:00,0.01,3308.875
2024-09-11 05:00:00+03:00,0.93,3417.4500000000003
2024-09-11 06:00:00+03:00,2.25,3732.6
2024-09-11 07:00:00+03:00,63.76,3969.4
2024-09-11 08:00:00+03:00,141.96,3821.35
2024-09-11 09:00:00+03:00,106.66,3452.875
2024-09-11 10:00:00+03:00,95.3,3221.1
2024-09-11 11:00:00+03:00,74.0,3190.35
2024-09-11 12:00:00+03:00,65.0,3011.15
2024-09-11 13:00:00+03:00,60.05,2688.75
2024-09-11 14:00:00+03:00,58.92,2231.0
2024-09-11 15:00:00+03:00,56.87,1901.1
2024-09-11 16:00:00+03:00,61.05,2022.425
2024-09-11 17:00:00+03:00,88.87,2451.375
2024-09-11 18:00:00+03:00,70.36,2744.775
2024-09-11 19:00:00+03:00,28.4,3355.8
2024-09-11 20:00:00+03:00,8.92,4147.6
2024-09-11 21:00:00+03:00,4.14,4591.675
2024-09-11 22:00:00+03:00,3.27,4345.6
2024-09-11 23:00:00+03:00,3.0,4524.175
2024-09-12 00:00:00+03:00,1.98,4127.1
2024-09-12 01:00:00+03:00,0.0,4289.575
2024-09-12 02:00:00+03:00,-0.01,3691.45
2024-09-12 03:00:00+03:00,-0.01,3577.575
2024-09-12 04:00:00+03:00,0.0,3314.9750000000004
2024-09-12 05:00:00+03:00,0.45,3086.875
2024-09-12 06:00:00+03:00,13.43,3330.8
2024-09-12 07:00:00+03:00,79.72,3310.925
2024-09-12 08:00:00+03:00,130.0,2927.825
2024-09-12 09:00:00+03:00,144.71,2468.85
2024-09-12 10:00:00+03:00,107.11,2318.5
2024-09-12 11:00:00+03:00,90.06,2233.1
2024-09-12 12:00:00+03:00,98.31,1909.95
2024-09-12 13:00:00+03:00,100.96,1499.1
2024-09-12 14:00:00+03:00,113.1,1180.925
2024-09-12 15:00:00+03:00,142.93,957.785
2024-09-12 16:00:00+03:00,135.04,781.465
2024-09-12 17:00:00+03:00,149.97,606.855
2024-09-12 18:00:00+03:00,250.04,455.15
2024-09-12 19:00:00+03:00,250.09,484.39
2024-09-12 20:00:00+03:00,393.29,525.415
2024-09-12 21:00:00+03:00,250.91,572.3175
2024-09-12 22:00:00+03:00,125.45,449.8175
2024-09-12 23:00:00+03:00,104.42,327.03
2024-09-13 00:00:00+03:00,100.06,227.5675
2024-09-13 01:00:00+03:00,153.35,211.775
2024-09-13 02:00:00+03:00,131.17,177.6925
2024-09-13 03:00:00+03:00,130.0,162.6
2024-09-13 04:00:00+03:00,137.26,146.445
2024-09-13 05:00:00+03:00,120.02,179.2475
2024-09-13 06:00:00+03:00,153.02,206.7
2024-09-13 07:00:00+03:00,250.0,243.765
2024-09-13 08:00:00+03:00,357.12,245.48499999999999
2024-09-13 09:00:00+03:00,348.73,207.5575
2024-09-13 10:00:00+03:00,250.07,239.88
2024-09-13 11:00:00+03:00,321.47,253.3125
2024-09-13 12:00:00+03:00,288.98,212.22
2024-09-13 13:00:00+03:00,250.0,174.515
2024-09-13 14:00:00+03:00,249.92,172.37
2024-09-13 15:00:00+03:00,220.07,207.48250000000002
2024-09-13 16:00:00+03:00,220.08,235.8825
2024-09-13 17:00:00+03:00,190.0,296.605
2024-09-13 18:00:00+03:00,185.39,355.5725
2024-09-13 19:00:00+03:00,220.01,471.715
2024-09-13 20:00:00+03:00,189.6,606.7225000000001
2024-09-13 21:00:00+03:00,109.45,689.5375
2024-09-13 22:00:00+03:00,99.91,708.4375
2024-09-13 23:00:00+03:00,79.25,799.28
2024-09-14 00:00:00+03:00,60.72,941.9225
2024-09-14 01:00:00+03:00,63.8,1149.425
2024-09-14 02:00:00+03:00,52.67,1250.5500000000002
2024-09-14 03:00:00+03:00,47.91,1491.875
2024-09-14 04:00:00+03:00,46.72,1570.525
2024-09-14 05:00:00+03:00,48.13,1717.4
2024-09-14 06:00:00+03:00,45.5,1608.8
2024-09-14 07:00:00+03:00,56.21,1524.375
2024-09-14 08:00:00+03:00,66.99,1389.75
2024-09-14 09:00:00+03:00,77.43,1173.025
2024-09-14 10:00:00+03:00,67.78,957.25
2024-09-14 11:00:00+03:00,56.41,751.8
2024-09-14 12:00:00+03:00,62.73,792.235
2024-09-14 13:00:00+03:00,61.75,1020.6800000000001
2024-09-14 14:00:00+03:00,59.53,1347.775
2024-09-14 15:00:00+03:00,62.43,1415.65
2024-09-14 16:00:00+03:00,58.72,1389.475
2024-09-14 17:00:00+03:00,78.27,1513.5
2024-09-14 18:00:00+03:00,76.28,1646.65
2024-09-14 19:00:00+03:00,88.14,1916.125
2024-09-14 20:00:00+03:00,91.13,2111.45
2024-09-14 21:00:00+03:00,64.14,2357.275
2024-09-14 22:00:00+03:00,66.48,2427.55
2024-09-14 23:00:00+03:00,52.19,2562.3
2024-09-15 00:00:00+03:00,8.0,2632.975
2024-09-15 01:00:00+03:00,48.41,2834.675
2024-09-15 02:00:00+03:00,42.96,3001.6
2024-09-15 03:00:00+03:00,44.77,2981.025
2024-09-15 04:00:00+03:00,45.88,2664.325
2024-09-15 05:00:00+03:00,40.73,2264.9
2024-09-15 06:00:00+03:00,49.19,1968.0
2024-09-15 07:00:00+03:00,56.03,1803.025
2024-09-15 08:00:00+03:00,83.48,1869.2
2024-09-15 09:00:00+03:00,75.3,1624.4
2024-09-15 10:00:00+03:00,59.68,1196.1
2024-09-15 11:00:00+03:00,79.99,992.3625
2024-09-15 12:00:00+03:00,75.07,885.01
2024-09-15 13:00:00+03:00,75.08,1035.95
2024-09-15 14:00:00+03:00,75.0,1164.475
2024-09-15 15:00:00+03:00,75.03,989.445
2024-09-15 16:00:00+03:00,94.99,804.085
2024-09-15 17:00:00+03:00,140.09,818.4325
2024-09-15 18:00:00+03:00,176.32,826.7925
2024-09-15 19:00:00+03:00,190.0,827.8575000000001
2024-09-15 20:00:00+03:00,200.09,802.66
2024-09-15 21:00:00+03:00,171.85,744.3325
2024-09-15 22:00:00+03:00,126.9,811.0625
2024-09-15 23:00:00+03:00,107.12,957.7525
2024-09-16 00:00:00+03:00,92.35,903.59
2024-09-16 01:00:00+03:00,70.42,1028.815
2024-09-16 02:00:00+03:00,60.03,1106.775
2024-09-16 03:00:00+03:00,64.4,1063.775
2024-09-16 04:00:00+03:00,74.27,981.5
2024-09-16 05:00:00+03:00,82.35,912.6175
2024-09-16 06:00:00+03:00,136.03,899.0225
2024-09-16 07:00:00+03:00,139.34,1003.905
2024-09-16 08:00:00+03:00,244.76,1202.8249999999998
2024-09-16 09:00:00+03:00,476.81,1282.225
2024-09-16 10:00:00+03:00,421.5,794.6325
2024-09-16 11:00:00+03:00,300.0,399.6125
2024-09-16 12:00:00+03:00,318.21,432.99
2024-09-16 13:00:00+03:00,203.39,416.96500000000003
2024-09-16 14:00:00+03:00,149.91,358.49
2024-09-16 15:00:00+03:00,121.59,338.3825
2024-09-16 16:00:00+03:00,149.92,338.0825
2024-09-16 17:00:00+03:00,250.0,385.91499999999996
2024-09-16 18:00:00+03:00,189.99,581.64
2024-09-16 19:00:00+03:00,167.56,942.0274999999999
2024-09-16 20:00:00+03:00,197.9,1255.375
2024-09-16 21:00:00+03:00,128.44,1496.15
2024-09-16 22:00:00+03:00,106.02,1780.025
2024-09-16 23:00:00+03:00,79.95,1753.3
2024-09-17 00:00:00+03:00,57.3,1910.625
2024-09-17 01:00:00+03:00,55.97,1916.775
2024-09-17 02:00:00+03:00,50.75,2117.425
2024-09-17 03:00:00+03:00,56.03,2068.3
2024-09-17 04:00:00+03:00,81.16,1857.95
2024-09-17 05:00:00+03:00,81.23,1731.725
2024-09-17 06:00:00+03:00,114.03,1579.6
2024-09-17 07:00:00+03:00,149.91,1505.925
2024-09-17 08:00:00+03:00,153.23,1274.45
2024-09-17 09:00:00+03:00,144.0,906.7475
2024-09-17 10:00:00+03:00,140.02,658.885
2024-09-17 11:00:00+03:00,129.99,518.27
2024-09-17 12:00:00+03:00,130.0,425.77
2024-09-17 13:00:00+03:00,118.0,406.3175
2024-09-17 14:00:00+03:00,85.3,366.03
2024-09-17 15:00:00+03:00,85.3,385.825
2024-09-17 16:00:00+03:00,120.05,404.5275
2024-09-17 17:00:00+03:00,149.9,478.65
2024-09-17 18:00:00+03:00,180.05,544.9025
2024-09-17 19:00:00+03:00,249.99,739.8125
2024-09-17 20:00:00+03:00,264.49,934.515
2024-09-17 21:00:00+03:00,149.98,1156.15
2024-09-17 22:00:00+03:00,123.94,1286.05
2024-09-17 23:00:00+03:00,102.77,1539.625
2024-09-18 00:00:00+03:00,92.75,1590.85
2024-09-18 01:00:00+03:00,36.51,1563.175
2024-09-18 02:00:00+03:00,35.3,1688.075
2024-09-18 03:00:00+03:00,22.2,2135.75
2024-09-18 04:00:00+03:00,7.03,2530.975
2024-09-18 05:00:00+03:00,7.04,2989.775
2024-09-18 06:00:00+03:00,27.38,3269.025
2024-09-18 07:00:00+03:00,36.94,3450.35
2024-09-18 08:00:00+03:00,49.42,3470.15
2024-09-18 09:00:00+03:00,54.98,3195.425
2024-09-18 10:00:00+03:00,103.03,2816.875
2024-09-18 11:00:00+03:00,79.18,2564.25
2024-09-18 12:00:00+03:00,38.73,2486.3
2024-09-18 13:00:00+03:00,31.0,2504.325
2024-09-18 14:00:00+03:00,34.28,2300.35
2024-09-18 15:00:00+03:00,37.21,2223.95
2024-09-18 16:00:00+03:00,54.43,2039.1750000000002
2024-09-18 17:00:00+03:00,93.71,1716.4
2024-09-18 18:00:00+03:00,120.09,1590.9
2024-09-18 19:00:00+03:00,115.05,1974.175
2024-09-18 20:00:00+03:00,104.92,2687.65
2024-09-18 21:00:00+03:00,49.27,2955.4
2024-09-18 22:00:00+03:00,48.5,2751.025
2024-09-18 23:00:00+03:00,38.43,2463.375
2024-09-19 00:00:00+03:00,36.46,2166.2
2024-09-19 01:00:00+03:00,76.73,1807.0
2024-09-19 02:00:00+03:00,78.24,1505.6
2024-09-19 03:00:00+03:00,72.31,1326.65
2024-09-19 04:00:00+03:00,77.04,1546.925
2024-09-19 05:00:00+03:00,76.46,1369.4
2024-09-19 06:00:00+03:00,94.41,1581.775
2024-09-19 07:00:00+03:00,114.74,2259.325
2024-09-19 08:00:00+03:00,148.75,2736.45
2024-09-19 09:00:00+03:00,125.13,2625.9
2024-09-19 10:00:00+03:00,110.01,1913.75
2024-09-19 11:00:00+03:00,74.81,1726.975
2024-09-19 12:00:00+03:00,58.96,2009.5
2024-09-19 13:00:00+03:00,37.6,2331.3
2024-09-19 14:00:00+03:00,30.06,2610.125
2024-09-19 15:00:00+03:00,12.53,2764.075
2024-09-19 16:00:00+03:00,25.46,3026.1
2024-09-19 17:00:00+03:00,38.51,3238.5
2024-09-19 18:00:00+03:00,25.89,3559.0750000000003
2024-09-19 19:00:00+03:00,19.33,4241.049999999999
2024-09-19 20:00:00+03:00,19.78,4696.8
2024-09-19 21:00:00+03:00,13.01,4822.15
2024-09-19 22:00:00+03:00,13.01,4692.675
2024-09-19 23:00:00+03:00,11.03,4526.475
2024-09-20 00:00:00+03:00,6.95,4306.75
2024-09-20 01:00:00+03:00,10.0,4109.65
2024-09-20 02:00:00+03:00,10.28,4028.725
2024-09-20 03:00:00+03:00,11.23,4019.625
2024-09-20 04:00:00+03:00,11.9,3639.15
2024-09-20 05:00:00+03:00,13.0,3449.625
2024-09-20 06:00:00+03:00,18.07,3566.325
2024-09-20 07:00:00+03:00,63.82,3649.675
2024-09-20 08:00:00+03:00,156.51,3135.45
2024-09-20 09:00:00+03:00,149.99,2103.85
2024-09-20 10:00:00+03:00,110.08,1576.05
2024-09-20 11:00:00+03:00,85.33,1547.65
2024-09-20 12:00:00+03:00,63.34,1567.825
2024-09-20 13:00:00+03:00,54.96,1596.125
2024-09-20 14:00:00+03:00,36.64,1798.175
2024-09-20 15:00:00+03:00,37.65,1897.975
2024-09-20 16:00:00+03:00,64.44,1976.25
2024-09-20 17:00:00+03:00,104.06,1888.7
2024-09-20 18:00:00+03:00,146.35,1608.325
2024-09-20 19:00:00+03:00,169.74,1796.25
2024-09-20 20:00:00+03:00,193.8,2313.6
2024-09-20 21:00:00+03:00,128.07,2861.85
2024-09-20 22:00:00+03:00,69.36,3022.2749999999996
2024-09-20 23:00:00+03:00,22.16,2873.075
2024-09-21 00:00:00+03:00,9.82,3062.475
2024-09-21 01:00:00+03:00,7.53,3318.7
2024-09-21 02:00:00+03:00,4.94,3657.5
2024-09-21 03:00:00+03:00,3.06,3918.475
2024-09-21 04:00:00+03:00,1.96,3869.65
2024-09-21 05:00:00+03:00,1.5,3787.475
2024-09-21 06:00:00+03:00,2.92,3960.375
2024-09-21 07:00:00+03:00,2.68,3919.2000000000003
2024-09-21 08:00:00+03:00,5.0,3653.85
2024-09-21 09:00:00+03:00,7.7,3275.125
2024-09-21 10:00:00+03:00,7.12,3104.15
2024-09-21 11:00:00+03:00,5.33,3627.2
2024-09-21 12:00:00+03:00,3.08,3481.875
2024-09-21 13:00:00+03:00,0.01,3551.6499999999996
2024-09-21 14:00:00+03:00,0.03,3457.175
2024-09-21 15:00:00+03:00,1.93,3592.075
2024-09-21 16:00:00+03:00,5.54,3482.7
2024-09-21 17:00:00+03:00,15.72,3140.325
2024-09-21 18:00:00+03:00,19.02,2423.95
2024-09-21 19:00:00+03:00,73.88,2341.875
2024-09-21 20:00:00+03:00,79.64,2256.375
2024-09-21 21:00:00+03:00,70.86,2186.3
2024-09-21 22:00:00+03:00,81.18,2015.225
2024-09-21 23:00:00+03:00,62.39,1863.825
2024-09-22 00:00:00+03:00,50.24,1723.4
2024-09-22 01:00:00+03:00,75.94,1475.95
2024-09-22 02:00:00+03:00,67.89,1340.375
2024-09-22 03:00:00+03:00,68.01,1161.65
2024-09-22 04:00:00+03:00,85.65,1050.0500000000002
2024-09-22 05:00:00+03:00,91.4,948.2225000000001
2024-09-22 06:00:00+03:00,91.26,756.6625
2024-09-22 07:00:00+03:00,94.88,763.4925000000001
2024-09-22 08:00:00+03:00,97.27,707.0625
2024-09-22 09:00:00+03:00,103.05,570.2375
2024-09-22 10:00:00+03:00,73.76,403.34499999999997
2024-09-22 11:00:00+03:00,36.4,245.9625
2024-09-22 12:00:00+03:00,34.99,350.53499999999997
2024-09-22 13:00:00+03:00,52.31,401.7425
2024-09-22 14:00:00+03:00,34.99,404.16249999999997
2024-09-22 15:00:00+03:00,32.46,456.46500000000003
2024-09-22 16:00:00+03:00,84.1,414.6425
2024-09-22 17:00:00+03:00,129.97,328.705
2024-09-22 18:00:00+03:00,140.1,235.6725
2024-09-22 19:00:00+03:00,249.99,284.7725
2024-09-22 20:00:00+03:00,256.27,399.59000000000003
2024-09-22 21:00:00+03:00,149.55,729.255
2024-09-22 22:00:00+03:00,113.92,1110.75
2024-09-22 23:00:00+03:00,101.13,1345.2
2024-09-23 00:00:00+03:00,74.23,1703.925
2024-09-23 01:00:00+03:00,90.63,2144.35
2024-09-23 02:00:00+03:00,74.22,2352.875
2024-09-23 03:00:00+03:00,27.22,2361.375
2024-09-23 04:00:00+03:00,24.02,2302.175
2024-09-23 05:00:00+03:00,28.05,2170.375
2024-09-23 06:00:00+03:00,48.81,2143.45
2024-09-23 07:00:00+03:00,103.09,2241.3
2024-09-23 08:00:00+03:00,136.71,2337.525
2024-09-23 09:00:00+03:00,138.23,2298.65
2024-09-23 10:00:00+03:00,104.74,2207.8
2024-09-23 11:00:00+03:00,80.31,1977.625
2024-09-23 12:00:00+03:00,67.27,1799.35
2024-09-23 13:00:00+03:00,64.41,1610.35
2024-09-23 14:00:00+03:00,68.16,1549.8
2024-09-23 15:00:00+03:00,74.25,1526.5749999999998
2024-09-23 16:00:00+03:00,66.18,1570.65
2024-09-23 17:00:00+03:00,76.02,1705.8
2024-09-23 18:00:00+03:00,35.56,1853.05
2024-09-23 19:00:00+03:00,21.89,2182.35
2024-09-23 20:00:00+03:00,18.92,2647.7250000000004
2024-09-23 21:00:00+03:00,16.56,3251.8250000000003
2024-09-23 22:00:00+03:00,15.76,3596.175
2024-09-23 23:00:00+03:00,13.03,3980.525
2024-09-24 00:00:00+03:00,9.78,4275.35
2024-09-24 01:00:00+03:00,8.67,4296.225
2024-09-24 02:00:00+03:00,8.13,4189.475
2024-09-24 03:00:00+03:00,8.73,4175.675
2024-09-24 04:00:00+03:00,9.61,4075.175
2024-09-24 05:00:00+03:00,11.2,3900.525
2024-09-24 06:00:00+03:00,15.92,3726.675
2024-09-24 07:00:00+03:00,16.93,3594.475
2024-09-24 08:00:00+03:00,20.81,3484.075
2024-09-24 09:00:00+03:00,25.82,3285.8
2024-09-24 10:00:00+03:00,25.01,3019.575
2024-09-24 11:00:00+03:00,20.11,2780.125
2024-09-24 12:00:00+03:00,19.42,2581.45
2024-09-24 13:00:00+03:00,19.25,2438.25
2024-09-24 14:00:00+03:00,19.0,2239.225
2024-09-24 15:00:00+03:00,19.35,2179.725
2024-09-24 16:00:00+03:00,29.21,2114.1
2024-09-24 17:00:00+03:00,84.1,2025.95
2024-09-24 18:00:00+03:00,80.01,2510.475
2024-09-24 19:00:00+03:00,33.42,3319.8
2024-09-24 20:00:00+03:00,25.16,4034.05
2024-09-24 21:00:00+03:00,19.24,4246.825
2024-09-24 22:00:00+03:00,17.18,4149.9
2024-09-24 23:00:00+03:00,16.38,4111.25
2024-09-25 00:00:00+03:00,13.01,3786.5
2024-09-25 01:00:00+03:00,10.06,3635.625
2024-09-25 02:00:00+03:00,8.35,3462.725
2024-09-25 03:00:00+03:00,6.8,3406.425
2024-09-25 04:00:00+03:00,5.97,3185.325
2024-09-25 05:00:00+03:00,5.77,3163.425
2024-09-25 06:00:00+03:00,9.94,3258.6
2024-09-25 07:00:00+03:00,16.42,3349.65
2024-09-25 08:00:00+03:00,18.23,3387.5
2024-09-25 09:00:00+03:00,24.93,3480.85
2024-09-25 10:00:00+03:00,16.55,3637.1
2024-09-25 11:00:00+03:00,13.44,3568.7
2024-09-25 12:00:00+03:00,8.55,3712.125
2024-09-25 13:00:00+03:00,6.95,4085.2
2024-09-25 14:00:00+03:00,6.91,4345.75
2024-09-25 15:00:00+03:00,5.57,4405.1
2024-09-25 16:00:00+03:00,5.4,4801.5
2024-09-25 17:00:00+03:00,5.75,4905.75
2024-09-25 18:00:00+03:00,5.76,4982.425
2024-09-25 19:00:00+03:00,6.2,5158.5
2024-09-25 20:00:00+03:00,5.15,5163.825
2024-09-25 21:00:00+03:00,3.02,5210.275
2024-09-25 22:00:00+03:00,0.01,4969.725
2024-09-25 23:00:00+03:00,-0.05,4441.4
2024-09-26 00:00:00+03:00,-0.8,4007.075
2024-09-26 01:00:00+03:00,-1.21,3780.525
2024-09-26 02:00:00+03:00,-1.77,3683.8
2024-09-26 03:00:00+03:00,-1.77,3837.5
2024-09-26 04:00:00+03:00,-1.04,3849.775
2024-09-26 05:00:00+03:00,-0.59,3999.85
2024-09-26 06:00:00+03:00,0.0,4681.525
2024-09-26 07:00:00+03:00,2.96,5201.425
2024-09-26 08:00:00+03:00,9.11,5221.375
2024-09-26 09:00:00+03:00,10.81,5144.75
2024-09-26 10:00:00+03:00,10.05,5093.4
2024-09-26 11:00:00+03:00,10.56,5032.6
2024-09-26 12:00:00+03:00,11.04,4889.4
2024-09-26 13:00:00+03:00,11.55,4777.85
2024-09-26 14:00:00+03:00,12.08,4584.275
2024-09-26 15:00:00+03:00,12.68,4324.25
2024-09-26 16:00:00+03:00,17.25,4114.975
2024-09-26 17:00:00+03:00,20.01,3914.125
2024-09-26 18:00:00+03:00,21.48,3437.875
2024-09-26 19:00:00+03:00,88.76,3091.05
2024-09-26 20:00:00+03:00,104.93,2748.225
2024-09-26 21:00:00+03:00,85.65,2465.5
2024-09-26 22:00:00+03:00,61.77,2071.775
2024-09-26 23:00:00+03:00,59.11,1770.25
2024-09-27 00:00:00+03:00,36.3,1443.075
2024-09-27 01:00:00+03:00,6.0,1089.225
2024-09-27 02:00:00+03:00,6.0,1051.85
2024-09-27 03:00:00+03:00,6.0,1143.075
2024-09-27 04:00:00+03:00,4.28,1514.95
2024-09-27 05:00:00+03:00,6.0,1967.175
2024-09-27 06:00:00+03:00,16.86,2224.85
2024-09-27 07:00:00+03:00,29.0,2422.125
2024-09-27 08:00:00+03:00,37.67,2328.7
2024-09-27 09:00:00+03:00,54.82,2448.6
2024-09-27 10:00:00+03:00,26.34,2347.125
2024-09-27 11:00:00+03:00,8.35,2263.9
2024-09-27 12:00:00+03:00,6.0,2331.45
2024-09-27 13:00:00+03:00,6.27,2529.675
2024-09-27 14:00:00+03:00,4.92,2756.675
2024-09-27 15:00:00+03:00,4.06,3004.825
2024-09-27 16:00:00+03:00,4.75,3027.325
2024-09-27 17:00:00+03:00,5.01,3336.3
2024-09-27 18:00:00+03:00,14.07,3611.3500000000004
2024-09-27 19:00:00+03:00,13.43,3647.3
2024-09-27 20:00:00+03:00,12.13,3534.675
2024-09-27 21:00:00+03:00,8.74,3360.275
2024-09-27 22:00:00+03:00,5.01,3444.4
2024-09-27 23:00:00+03:00,4.92,3543.275
2024-09-28 00:00:00+03:00,3.71,3532.9
2024-09-28 01:00:00+03:00,2.9,3267.2
2024-09-28 02:00:00+03:00,3.03,3119.05
2024-09-28 03:00:00+03:00,3.29,3008.925
2024-09-28 04:00:00+03:00,3.16,2898.525
2024-09-28 05:00:00+03:00,3.27,2653.5
2024-09-28 06:00:00+03:00,4.15,2511.925
2024-09-28 07:00:00+03:00,11.96,2308.975
2024-09-28 08:00:00+03:00,22.86,2077.85
2024-09-28 09:00:00+03:00,26.65,1797.175
2024-09-28 10:00:00+03:00,15.99,1437.975
2024-09-28 11:00:00+03:00,20.34,1325.1499999999999
2024-09-28 12:00:00+03:00,22.74,1146.675
2024-09-28 13:00:00+03:00,27.52,1034.0775
2024-09-28 14:00:00+03:00,31.05,1213.925
2024-09-28 15:00:00+03:00,39.54,1263.675
2024-09-28 16:00:00+03:00,61.74,1196.275
2024-09-28 17:00:00+03:00,102.07,1128.65
2024-09-28 18:00:00+03:00,108.65,1320.125
2024-09-28 19:00:00+03:00,115.42,1754.925
2024-09-28 20:00:00+03:00,116.53,1951.8500000000001
2024-09-28 21:00:00+03:00,99.86,1882.075
2024-09-28 22:00:00+03:00,81.77,1787.65
2024-09-28 23:00:00+03:00,69.65,1638.325
2024-09-29 00:00:00+03:00,16.37,1617.4
2024-09-29 01:00:00+03:00,12.83,2204.075
2024-09-29 02:00:00+03:00,4.09,2576.1
2024-09-29 03:00:00+03:00,2.45,2565.225
2024-09-29 04:00:00+03:00,1.55,2528.425
2024-09-29 05:00:00+03:00,1.51,2750.4
2024-09-29 06:00:00+03:00,2.27,2976.575
2024-09-29 07:00:00+03:00,2.69,3178.825
2024-09-29 08:00:00+03:00,3.63,3415.55
2024-09-29 09:00:00+03:00,4.99,3258.575
2024-09-29 10:00:00+03:00,4.91,2659.5249999999996
2024-09-29 11:00:00+03:00,1.33,2654.875
2024-09-29 12:00:00+03:00,0.0,2701.0
2024-09-29 13:00:00+03:00,-0.01,2769.5
2024-09-29 14:00:00+03:00,-0.49,2824.55
2024-09-29 15:00:00+03:00,-0.44,3259.025
2024-09-29 16:00:00+03:00,0.0,3616.525
2024-09-29 17:00:00+03:00,5.19,3665.35
2024-09-29 18:00:00+03:00,10.92,3831.15
2024-09-29 19:00:00+03:00,13.39,4181.025
2024-09-29 20:00:00+03:00,12.86,4654.725
2024-09-29 21:00:00+03:00,10.97,4546.225
2024-09-29 22:00:00+03:00,11.34,4522.425
2024-09-29 23:00:00+03:00,10.1,4394.35
2024-09-30 00:00:00+03:00,10.81,4272.925
2024-09-30 01:00:00+03:00,14.94,4018.4
2024-09-30 02:00:00+03:00,11.36,3758.925
2024-09-30 03:00:00+03:00,8.4,3539.2
2024-09-30 04:00:00+03:00,5.53,3288.75
2024-09-30 05:00:00+03:00,9.02,3059.875
2024-09-30 06:00:00+03:00,42.16,2919.0
2024-09-30 07:00:00+03:00,104.04,2676.55
2024-09-30 08:00:00+03:00,220.04,2312.525
2024-09-30 09:00:00+03:00,223.62,1720.9
2024-09-30 10:00:00+03:00,159.93,1265.2
2024-09-30 11:00:00+03:00,95.05,1273.775
2024-09-30 12:00:00+03:00,62.8,1557.5
2024-09-30 13:00:00+03:00,45.06,1826.25
2024-09-30 14:00:00+03:00,42.21,1856.4
2024-09-30 15:00:00+03:00,61.02,1895.875
2024-09-30 16:00:00+03:00,112.62,1873.5
2024-09-30 17:00:00+03:00,159.95,1833.375
2024-09-30 18:00:00+03:00,180.83,2188.15
2024-09-30 19:00:00+03:00,196.71,3392.85
2024-09-30 20:00:00+03:00,41.67,4290.175
2024-09-30 21:00:00+03:00,9.47,4511.475
2024-09-30 22:00:00+03:00,4.19,4820.85
2024-09-30 23:00:00+03:00,2.03,4992.4
2024-10-01 00:00:00+03:00,0.0,4639.4
2024-10-01 01:00:00+03:00,0.01,4682.35
2024-10-01 02:00:00+03:00,0.01,4659.525
2024-10-01 03:00:00+03:00,0.0,4475.275
2024-10-01 04:00:00+03:00,0.0,4595.575
2024-10-01 05:00:00+03:00,0.01,4889.975
2024-10-01 06:00:00+03:00,2.97,5105.175
2024-10-01 07:00:00+03:00,5.47,5082.825
2024-10-01 08:00:00+03:00,12.95,4971.625
2024-10-01 09:00:00+03:00,16.7,4614.925
2024-10-01 10:00:00+03:00,20.08,4197.1
2024-10-01 11:00:00+03:00,29.6,3863.35
2024-10-01 12:00:00+03:00,25.0,3649.075
2024-10-01 13:00:00+03:00,20.09,3462.95
2024-10-01 14:00:00+03:00,26.59,3339.45
2024-10-01 15:00:00+03:00,34.96,3082.425
2024-10-01 16:00:00+03:00,39.71,2768.975
2024-10-01 17:00:00+03:00,78.81,2481.375
2024-10-01 18:00:00+03:00,120.41,2228.025
2024-10-01 19:00:00+03:00,249.99,2251.075
2024-10-01 20:00:00+03:00,292.22,2100.375
2024-10-01 21:00:00+03:00,165.15,1660.55
2024-10-01 22:00:00+03:00,107.83,1231.475
2024-10-01 23:00:00+03:00,93.8,852.7975
2024-10-02 00:00:00+03:00,78.57,684.595
2024-10-02 01:00:00+03:00,86.25,521.145
2024-10-02 02:00:00+03:00,99.86,427.9
2024-10-02 03:00:00+03:00,99.02,361.23
2024-10-02 04:00:00+03:00,79.69,322.55
2024-10-02 05:00:00+03:00,84.4,305.8325
2024-10-02 06:00:00+03:00,325.06,259.195
2024-10-02 07:00:00+03:00,484.0,220.0575
2024-10-02 08:00:00+03:00,499.93,223.6825
2024-10-02 09:00:00+03:00,500.08,225.775
2024-10-02 10:00:00+03:00,498.97,212.6275
2024-10-02 11:00:00+03:00,400.08,128.5925
2024-10-02 12:00:00+03:00,347.9,65.5
2024-10-02 13:00:00+03:00,347.93,68.4675
2024-10-02 14:00:00+03:00,216.35,92.675
2024-10-02 15:00:00+03:00,200.09,123.33250000000001
2024-10-02 16:00:00+03:00,160.09,192.10500000000002
2024-10-02 17:00:00+03:00,168.64,287.23
2024-10-02 18:00:00+03:00,220.05,490.53999999999996
2024-10-02 19:00:00+03:00,250.07,688.89
2024-10-02 20:00:00+03:00,250.0,751.7875
2024-10-02 21:00:00+03:00,155.82,702.81
2024-10-02 22:00:00+03:00,127.08,528.575
2024-10-02 23:00:00+03:00,106.45,357.1425
2024-10-03 00:00:00+03:00,85.0,351.0825
2024-10-03 01:00:00+03:00,105.36,312.4825
2024-10-03 02:00:00+03:00,99.99,259.375
2024-10-03 03:00:00+03:00,82.9,218.10500000000002
2024-10-03 04:00:00+03:00,82.9,238.2775
2024-10-03 05:00:00+03:00,123.97,208.6475
2024-10-03 06:00:00+03:00,216.63,210.7275
2024-10-03 07:00:00+03:00,250.07,197.0525
2024-10-03 08:00:00+03:00,300.02,151.71
2024-10-03 09:00:00+03:00,344.93,105.95750000000001
2024-10-03 10:00:00+03:00,250.08,79.6425
2024-10-03 11:00:00+03:00,250.07,63.135000000000005
2024-10-03 12:00:00+03:00,249.92,42.582499999999996
2024-10-03 13:00:00+03:00,249.91,70.125
2024-10-03 14:00:00+03:00,151.09,113.9075
2024-10-03 15:00:00+03:00,216.62,152.19
2024-10-03 16:00:00+03:00,220.02,223.78
2024-10-03 17:00:00+03:00,204.8,269.84000000000003
2024-10-03 18:00:00+03:00,220.04,491.7575
2024-10-03 19:00:00+03:00,220.05,852.6800000000001
2024-10-03 20:00:00+03:00,214.97,1231.225
2024-10-03 21:00:00+03:00,151.02,1537.9
2024-10-03 22:00:00+03:00,110.96,1781.525
2024-10-03 23:00:00+03:00,49.88,1935.3
2024-10-04 00:00:00+03:00,34.95,2110.0
2024-10-04 01:00:00+03:00,42.01,2366.55
2024-10-04 02:00:00+03:00,32.0,2722.8
2024-10-04 03:00:00+03:00,25.62,2812.825
2024-10-04 04:00:00+03:00,21.62,2720.975
2024-10-04 05:00:00+03:00,24.5,2648.6
2024-10-04 06:00:00+03:00,45.15,2813.5
2024-10-04 07:00:00+03:00,48.99,2849.05
2024-10-04 08:00:00+03:00,122.61,2672.925
2024-10-04 09:00:00+03:00,136.89,2684.975
2024-10-04 10:00:00+03:00,130.91,2567.375
2024-10-04 11:00:00+03:00,106.57,2239.825
2024-10-04 12:00:00+03:00,102.84,2082.15
2024-10-04 13:00:00+03:00,82.19,2057.85
2024-10-04 14:00:00+03:00,73.66,2043.075
2024-10-04 15:00:00+03:00,79.95,2012.15
2024-10-04 16:00:00+03:00,107.01,2076.125
2024-10-04 17:00:00+03:00,129.99,1944.2
2024-10-04 18:00:00+03:00,138.17,2197.125
2024-10-04 19:00:00+03:00,146.26,2615.475
2024-10-04 20:00:00+03:00,123.05,2907.175
2024-10-04 21:00:00+03:00,48.94,3254.15
2024-10-04 22:00:00+03:00,36.0,3196.275
2024-10-04 23:00:00+03:00,27.64,2809.5
2024-10-05 00:00:00+03:00,19.17,2609.525
2024-10-05 01:00:00+03:00,21.77,2666.075
2024-10-05 02:00:00+03:00,20.27,2488.05
2024-10-05 03:00:00+03:00,20.0,2505.525
2024-10-05 04:00:00+03:00,19.74,2731.45
2024-10-05 05:00:00+03:00,20.27,2934.025
2024-10-05 06:00:00+03:00,22.05,3027.625
2024-10-05 07:00:00+03:00,21.49,2967.825
2024-10-05 08:00:00+03:00,24.68,2680.825
2024-10-05 09:00:00+03:00,64.31,2324.5
2024-10-05 10:00:00+03:00,102.82,1565.925
2024-10-05 11:00:00+03:00,82.1,922.2175
2024-10-05 12:00:00+03:00,67.94,910.355
2024-10-05 13:00:00+03:00,51.19,805.9575
2024-10-05 14:00:00+03:00,72.51,767.1625
2024-10-05 15:00:00+03:00,60.92,715.975
2024-10-05 16:00:00+03:00,85.99,605.3475
2024-10-05 17:00:00+03:00,156.81,548.625
2024-10-05 18:00:00+03:00,250.05,621.3475
2024-10-05 19:00:00+03:00,300.05,632.96
2024-10-05 20:00:00+03:00,250.04,520.9625
2024-10-05 21:00:00+03:00,180.04,343.4025
2024-10-05 22:00:00+03:00,160.01,267.7475
2024-10-05 23:00:00+03:00,85.18,289.105
2024-10-06 00:00:00+03:00,67.0,555.525
2024-10-06 01:00:00+03:00,137.44,886.7925
2024-10-06 02:00:00+03:00,63.57,1293.075
2024-10-06 03:00:00+03:00,62.37,1659.2
2024-10-06 04:00:00+03:00,27.41,1779.6
2024-10-06 05:00:00+03:00,20.97,2166.45
2024-10-06 06:00:00+03:00,22.99,2713.0750000000003
2024-10-06 07:00:00+03:00,21.06,3104.025
2024-10-06 08:00:00+03:00,22.35,3234.625
2024-10-06 09:00:00+03:00,23.36,3228.375
2024-10-06 10:00:00+03:00,23.85,3232.475
2024-10-06 11:00:00+03:00,23.73,3039.2749999999996
2024-10-06 12:00:00+03:00,17.0,2919.25
2024-10-06 13:00:00+03:00,14.2,2749.3
2024-10-06 14:00:00+03:00,12.52,2626.55
2024-10-06 15:00:00+03:00,15.28,2614.025
2024-10-06 16:00:00+03:00,18.72,2435.85
2024-10-06 17:00:00+03:00,27.2,2234.625
2024-10-06 18:00:00+03:00,38.82,2084.1
2024-10-06 19:00:00+03:00,44.96,2024.55
2024-10-06 20:00:00+03:00,46.99,2059.125
2024-10-06 21:00:00+03:00,43.95,1887.325
2024-10-06 22:00:00+03:00,41.32,1549.3000000000002
2024-10-06 23:00:00+03:00,28.96,1447.7
2024-10-07 00:00:00+03:00,26.21,1292.075
2024-10-07 01:00:00+03:00,27.3,1381.425
2024-10-07 02:00:00+03:00,25.28,1434.675
2024-10-07 03:00:00+03:00,24.65,1455.925
2024-10-07 04:00:00+03:00,25.13,1501.075
2024-10-07 05:00:00+03:00,27.43,1604.05
2024-10-07 06:00:00+03:00,39.93,1628.5
2024-10-07 07:00:00+03:00,138.48,1645.25
2024-10-07 08:00:00+03:00,214.39,1604.55
2024-10-07 09:00:00+03:00,220.1,1308.8
2024-10-07 10:00:00+03:00,165.07,1022.4425
2024-10-07 11:00:00+03:00,144.67,802.2875
2024-10-07 12:00:00+03:00,140.15,754.5575
2024-10-07 13:00:00+03:00,141.8,835.9875
2024-10-07 14:00:00+03:00,146.11,807.625
2024-10-07 15:00:00+03:00,127.07,762.5625
2024-10-07 16:00:00+03:00,108.49,675.745
2024-10-07 17:00:00+03:00,138.92,754.975
2024-10-07 18:00:00+03:00,161.12,1079.575
2024-10-07 19:00:00+03:00,249.96,1561.85
2024-10-07 20:00:00+03:00,128.85,1808.775
2024-10-07 21:00:00+03:00,51.8,1909.4
2024-10-07 22:00:00+03:00,64.01,1970.0
2024-10-07 23:00:00+03:00,30.01,1899.3
2024-10-08 00:00:00+03:00,19.33,2002.95
2024-10-08 01:00:00+03:00,25.01,1947.375
2024-10-08 02:00:00+03:00,18.42,2146.2749999999996
2024-10-08 03:00:00+03:00,17.49,2335.0
2024-10-08 04:00:00+03:00,17.2,2556.95
2024-10-08 05:00:00+03:00,18.01,2845.6
2024-10-08 06:00:00+03:00,23.62,3145.5
2024-10-08 07:00:00+03:00,51.79,3254.875
2024-10-08 08:00:00+03:00,47.94,3240.45
2024-10-08 09:00:00+03:00,85.65,3321.575
2024-10-08 10:00:00+03:00,82.37,3157.7
2024-10-08 11:00:00+03:00,51.45,3229.125
2024-10-08 12:00:00+03:00,47.8,3277.825
2024-10-08 13:00:00+03:00,39.11,3379.325
2024-10-08 14:00:00+03:00,30.79,3314.3
2024-10-08 15:00:00+03:00,24.91,3410.25
2024-10-08 16:00:00+03:00,23.96,3643.625
2024-10-08 17:00:00+03:00,23.68,3916.625
2024-10-08 18:00:00+03:00,22.81,4178.05
2024-10-08 19:00:00+03:00,21.59,4546.75
2024-10-08 20:00:00+03:00,17.28,4751.625
2024-10-08 21:00:00+03:00,4.77,4824.675
2024-10-08 22:00:00+03:00,2.98,4736.975
2024-10-08 23:00:00+03:00,1.81,4727.85
2024-10-09 00:00:00+03:00,0.0,4645.675
2024-10-09 01:00:00+03:00,0.01,4727.525
2024-10-09 02:00:00+03:00,0.0,4570.825
2024-10-09 03:00:00+03:00,0.0,4454.175
2024-10-09 04:00:00+03:00,0.0,4520.9
2024-10-09 05:00:00+03:00,0.01,4531.549999999999
2024-10-09 06:00:00+03:00,3.37,4996.174999999999
2024-10-09 07:00:00+03:00,4.87,5176.25
2024-10-09 08:00:00+03:00,9.85,5156.55
2024-10-09 09:00:00+03:00,11.18,5027.375
2024-10-09 10:00:00+03:00,11.4,4861.725
2024-10-09 11:00:00+03:00,11.22,4897.525
2024-10-09 12:00:00+03:00,9.38,4987.575
2024-10-09 13:00:00+03:00,7.96,5037.025
2024-10-09 14:00:00+03:00,7.22,5248.725
2024-10-09 15:00:00+03:00,7.56,5358.85
2024-10-09 16:00:00+03:00,8.09,5384.375
2024-10-09 17:00:00+03:00,8.91,5550.5
2024-10-09 18:00:00+03:00,9.45,5718.05
2024-10-09 19:00:00+03:00,8.71,5799.35
2024-10-09 20:00:00+03:00,6.52,5813.575
2024-10-09 21:00:00+03:00,1.51,5622.525
2024-10-09 22:00:00+03:00,0.01,5574.15
2024-10-09 23:00:00+03:00,0.0,5323.15
2024-10-10 00:00:00+03:00,-0.01,4862.875
2024-10-10 01:00:00+03:00,-0.58,4490.05
2024-10-10 02:00:00+03:00,-0.81,4483.700000000001
2024-10-10 03:00:00+03:00,-0.82,4459.875
2024-10-10 04:00:00+03:00,-0.8,4086.4
2024-10-10 05:00:00+03:00,-0.31,4265.175
2024-10-10 06:00:00+03:00,0.0,4571.075
2024-10-10 07:00:00+03:00,10.1,4682.95
2024-10-10 08:00:00+03:00,22.67,4199.175
2024-10-10 09:00:00+03:00,24.13,3645.15
2024-10-10 10:00:00+03:00,25.03,3327.625
2024-10-10 11:00:00+03:00,24.98,3498.9
2024-10-10 12:00:00+03:00,24.74,3708.725
2024-10-10 13:00:00+03:00,21.83,3758.475
2024-10-10 14:00:00+03:00,15.94,3756.45
2024-10-10 15:00:00+03:00,19.78,4021.075
2024-10-10 16:00:00+03:00,15.01,4353.325
2024-10-10 17:00:00+03:00,13.95,4733.175
2024-10-10 18:00:00+03:00,15.99,4974.85
2024-10-10 19:00:00+03:00,14.75,5204.625
2024-10-10 20:00:00+03:00,1.99,4990.475
2024-10-10 21:00:00+03:00,0.0,4809.575
2024-10-10 22:00:00+03:00,-0.01,4656.5
2024-10-10 23:00:00+03:00,-0.1,4366.85
2024-10-11 00:00:00+03:00,-1.01,3816.2000000000003
2024-10-11 01:00:00+03:00,-1.99,3607.775
2024-10-11 02:00:00+03:00,-2.0,3584.075
2024-10-11 03:00:00+03:00,-2.01,3369.8
2024-10-11 04:00:00+03:00,-2.07,3360.1
2024-10-11 05:00:00+03:00,-2.0,3602.5
2024-10-11 06:00:00+03:00,-0.8,3942.075
2024-10-11 07:00:00+03:00,-0.01,4516.7
2024-10-11 08:00:00+03:00,0.0,4521.875
2024-10-11 09:00:00+03:00,0.01,4713.6
2024-10-11 10:00:00+03:00,0.01,4840.025
2024-10-11 11:00:00+03:00,2.0,4693.275
2024-10-11 12:00:00+03:00,2.9,4379.875
2024-10-11 13:00:00+03:00,2.94,4110.8
2024-10-11 14:00:00+03:00,3.28,3880.5
2024-10-11 15:00:00+03:00,4.17,3401.75
2024-10-11 16:00:00+03:00,7.54,2864.85
2024-10-11 17:00:00+03:00,14.85,2306.8
2024-10-11 18:00:00+03:00,19.6,1738.625
2024-10-11 19:00:00+03:00,33.37,1579.225
2024-10-11 20:00:00+03:00,39.32,1469.075
2024-10-11 21:00:00+03:00,36.5,1545.225
2024-10-11 22:00:00+03:00,41.51,1456.4750000000001
2024-10-11 23:00:00+03:00,32.11,1210.95
2024-10-12 00:00:00+03:00,13.27,1135.65
2024-10-12 01:00:00+03:00,35.69,1237.775
2024-10-12 02:00:00+03:00,29.01,1311.85
2024-10-12 03:00:00+03:00,20.01,1439.4
2024-10-12 04:00:00+03:00,10.64,1432.375
2024-10-12 05:00:00+03:00,10.51,1647.475
2024-10-12 06:00:00+03:00,11.41,1871.825
2024-10-12 07:00:00+03:00,11.73,2633.675
2024-10-12 08:00:00+03:00,14.52,3148.35
2024-10-12 09:00:00+03:00,15.29,3260.5
2024-10-12 10:00:00+03:00,15.61,3151.025
2024-10-12 11:00:00+03:00,15.94,2434.425
2024-10-12 12:00:00+03:00,15.84,1971.525
2024-10-12 13:00:00+03:00,15.29,1854.175
2024-10-12 14:00:00+03:00,13.99,1960.0500000000002
2024-10-12 15:00:00+03:00,11.94,2147.5
2024-10-12 16:00:00+03:00,11.81,2131.8
2024-10-12 17:00:00+03:00,10.46,2338.15
2024-10-12 18:00:00+03:00,8.17,2769.6
2024-10-12 19:00:00+03:00,5.86,2991.2749999999996
2024-10-12 20:00:00+03:00,4.03,3170.35
2024-10-12 21:00:00+03:00,1.87,3312.3999999999996
2024-10-12 22:00:00+03:00,0.01,3572.0
2024-10-12 23:00:00+03:00,-0.01,3420.625
2024-10-13 00:00:00+03:00,-0.57,3338.575
2024-10-13 01:00:00+03:00,0.0,3920.05
2024-10-13 02:00:00+03:00,-0.01,3866.25
2024-10-13 03:00:00+03:00,-0.07,3719.55
2024-10-13 04:00:00+03:00,-0.37,3522.975
2024-10-13 05:00:00+03:00,-0.51,3430.175
2024-10-13 06:00:00+03:00,-0.09,3726.15
2024-10-13 07:00:00+03:00,-0.01,3539.375
2024-10-13 08:00:00+03:00,0.02,3827.775
2024-10-13 09:00:00+03:00,2.75,3631.85
2024-10-13 10:00:00+03:00,3.9,3290.775
2024-10-13 11:00:00+03:00,4.91,2766.55
2024-10-13 12:00:00+03:00,6.21,2154.475
2024-10-13 13:00:00+03:00,6.38,1366.675
2024-10-13 14:00:00+03:00,7.1,1202.7
2024-10-13 15:00:00+03:00,7.92,1289.1
2024-10-13 16:00:00+03:00,12.68,1485.75
2024-10-13 17:00:00+03:00,15.85,1785.1
2024-10-13 18:00:00+03:00,20.94,2214.4
2024-10-13 19:00:00+03:00,34.97,2405.6
2024-10-13 20:00:00+03:00,40.2,2282.0
2024-10-13 21:00:00+03:00,35.57,2139.825
2024-10-13 22:00:00+03:00,32.87,2008.65
2024-10-13 23:00:00+03:00,32.73,1639.6750000000002
2024-10-14 00:00:00+03:00,25.02,1284.675
2024-10-14 01:00:00+03:00,19.66,812.215
2024-10-14 02:00:00+03:00,22.36,578.5575
2024-10-14 03:00:00+03:00,22.73,406.26250000000005
2024-10-14 04:00:00+03:00,22.94,254.92
2024-10-14 05:00:00+03:00,30.03,183.44
2024-10-14 06:00:00+03:00,133.99,197.2575
2024-10-14 07:00:00+03:00,158.52,231.5
2024-10-14 08:00:00+03:00,249.99,157.0925
2024-10-14 09:00:00+03:00,285.12,125.6825
2024-10-14 10:00:00+03:00,150.1,93.985
2024-10-14 11:00:00+03:00,149.99,52.01
2024-10-14 12:00:00+03:00,99.93,22.627499999999998
2024-10-14 13:00:00+03:00,158.69,3.5
2024-10-14 14:00:00+03:00,133.95,0.0
2024-10-14 15:00:00+03:00,144.21,0.0
2024-10-14 16:00:00+03:00,99.96,4.9175
2024-10-14 17:00:00+03:00,117.04,23.8825
2024-10-14 18:00:00+03:00,156.99,47.3975
2024-10-14 19:00:00+03:00,254.27,71.45
2024-10-14 20:00:00+03:00,267.56,103.2825
2024-10-14 21:00:00+03:00,158.0,99.1925
2024-10-14 22:00:00+03:00,114.19,90.14
2024-10-14 23:00:00+03:00,99.66,94.4925
2024-10-15 00:00:00+03:00,40.73,138.88
2024-10-15 01:00:00+03:00,45.13,263.2375
2024-10-15 02:00:00+03:00,27.31,403.235
2024-10-15 03:00:00+03:00,25.68,635.9625
2024-10-15 04:00:00+03:00,16.71,837.815
2024-10-15 05:00:00+03:00,12.04,1087.48
2024-10-15 06:00:00+03:00,26.56,1342.625
2024-10-15 07:00:00+03:00,48.5,1600.575
2024-10-15 08:00:00+03:00,129.35,1716.875
2024-10-15 09:00:00+03:00,122.86,1867.925
2024-10-15 10:00:00+03:00,106.38,1661.525
2024-10-15 11:00:00+03:00,59.51,1370.875
2024-10-15 12:00:00+03:00,48.38,1464.675
2024-10-15 13:00:00+03:00,35.0,1671.05
2024-10-15 14:00:00+03:00,27.24,1828.1000000000001
2024-10-15 15:00:00+03:00,28.13,1904.675
2024-10-15 16:00:00+03:00,35.0,2103.325
2024-10-15 17:00:00+03:00,45.52,2349.9
2024-10-15 18:00:00+03:00,30.0,3098.65
2024-10-15 19:00:00+03:00,38.66,3800.625
2024-10-15 20:00:00+03:00,27.73,3793.025
2024-10-15 21:00:00+03:00,20.24,3657.65
2024-10-15 22:00:00+03:00,20.05,3223.625
2024-10-15 23:00:00+03:00,14.07,3004.475
2024-10-16 00:00:00+03:00,10.16,3031.725
2024-10-16 01:00:00+03:00,11.0,3069.35
2024-10-16 02:00:00+03:00,9.23,3186.4249999999997
2024-10-16 03:00:00+03:00,5.3,3153.65
2024-10-16 04:00:00+03:00,3.61,3110.75
2024-10-16 05:00:00+03:00,3.25,3070.525
2024-10-16 06:00:00+03:00,8.2,2909.175
2024-10-16 07:00:00+03:00,16.92,3035.875
2024-10-16 08:00:00+03:00,34.66,3379.9
2024-10-16 09:00:00+03:00,34.43,3774.8
2024-10-16 10:00:00+03:00,29.08,3577.65
2024-10-16 11:00:00+03:00,19.46,3288.5
2024-10-16 12:00:00+03:00,14.16,2885.325
2024-10-16 13:00:00+03:00,4.23,2964.05
2024-10-16 14:00:00+03:00,2.95,3039.075
2024-10-16 15:00:00+03:00,4.13,3448.75
2024-10-16 16:00:00+03:00,14.05,3665.675
2024-10-16 17:00:00+03:00,16.56,4087.3
2024-10-16 18:00:00+03:00,16.23,4570.225
2024-10-16 19:00:00+03:00,16.06,4605.625
2024-10-16 20:00:00+03:00,14.28,4459.575
2024-10-16 21:00:00+03:00,6.14,4419.8
2024-10-16 22:00:00+03:00,4.92,4309.425
2024-10-16 23:00:00+03:00,3.01,4220.6
2024-10-17 00:00:00+03:00,0.67,3951.475
2024-10-17 01:00:00+03:00,0.01,4273.825
2024-10-17 02:00:00+03:00,0.0,4231.65
2024-10-17 03:00:00+03:00,0.0,4177.975
2024-10-17 04:00:00+03:00,-0.01,4077.775
2024-10-17 05:00:00+03:00,-0.01,4244.425
2024-10-17 06:00:00+03:00,0.0,4500.85
2024-10-17 07:00:00+03:00,2.72,4867.3
2024-10-17 08:00:00+03:00,4.33,5002.625
2024-10-17 09:00:00+03:00,4.77,5033.775
2024-10-17 10:00:00+03:00,4.29,4894.825000000001
2024-10-17 11:00:00+03:00,4.03,4809.7
2024-10-17 12:00:00+03:00,3.29,4898.5
2024-10-17 13:00:00+03:00,2.87,4882.2
2024-10-17 14:00:00+03:00,2.0,4774.075
2024-10-17 15:00:00+03:00,0.05,4842.025
2024-10-17 16:00:00+03:00,0.0,4794.175
2024-10-17 17:00:00+03:00,0.0,5201.85
2024-10-17 18:00:00+03:00,2.0,5917.65
2024-10-17 19:00:00+03:00,1.99,6004.35
2024-10-17 20:00:00+03:00,0.0,5924.15
2024-10-17 21:00:00+03:00,-0.02,5601.475
2024-10-17 22:00:00+03:00,-0.05,5576.625
2024-10-17 23:00:00+03:00,-0.59,5235.1
2024-10-18 00:00:00+03:00,-1.08,4824.625
2024-10-18 01:00:00+03:00,-2.0,4441.675
2024-10-18 02:00:00+03:00,-2.01,4264.3
2024-10-18 03:00:00+03:00,-2.01,4290.475
2024-10-18 04:00:00+03:00,-2.01,4219.125
2024-10-18 05:00:00+03:00,-1.01,4292.675
2024-10-18 06:00:00+03:00,-0.11,4899.0
2024-10-18 07:00:00+03:00,-0.01,5165.4
2024-10-18 08:00:00+03:00,0.01,5285.95
2024-10-18 09:00:00+03:00,3.17,5336.25
2024-10-18 10:00:00+03:00,3.65,5318.075
2024-10-18 11:00:00+03:00,3.61,5322.325
2024-10-18 12:00:00+03:00,2.0,5003.975
2024-10-18 13:00:00+03:00,2.63,4754.3
2024-10-18 14:00:00+03:00,2.99,4511.45
2024-10-18 15:00:00+03:00,4.0,4224.125
2024-10-18 16:00:00+03:00,4.77,4081.7749999999996
2024-10-18 17:00:00+03:00,6.58,4025.55
2024-10-18 18:00:00+03:00,11.24,4002.425
2024-10-18 19:00:00+03:00,13.57,4058.825
2024-10-18 20:00:00+03:00,13.65,3780.775
2024-10-18 21:00:00+03:00,13.09,3561.875
2024-10-18 22:00:00+03:00,11.53,3468.325
2024-10-18 23:00:00+03:00,9.0,3458.6
2024-10-19 00:00:00+03:00,6.36,3417.925
2024-10-19 01:00:00+03:00,3.78,3333.625
2024-10-19 02:00:00+03:00,3.09,3266.075
2024-10-19 03:00:00+03:00,2.91,3149.625
2024-10-19 04:00:00+03:00,2.76,2978.4
2024-10-19 05:00:00+03:00,2.76,2954.25
2024-10-19 06:00:00+03:00,2.97,2702.3500000000004
2024-10-19 07:00:00+03:00,3.6,2525.05
2024-10-19 08:00:00+03:00,4.46,2378.325
2024-10-19 09:00:00+03:00,4.99,2179.95
2024-10-19 10:00:00+03:00,5.0,2128.725
2024-10-19 11:00:00+03:00,4.96,2107.875
2024-10-19 12:00:00+03:00,4.97,2248.95
2024-10-19 13:00:00+03:00,4.9,2376.925
2024-10-19 14:00:00+03:00,4.63,2540.225
2024-10-19 15:00:00+03:00,4.91,2670.0
2024-10-19 16:00:00+03:00,4.98,2742.575
2024-10-19 17:00:00+03:00,7.93,2827.925
2024-10-19 18:00:00+03:00,10.13,3114.15
2024-10-19 19:00:00+03:00,10.01,3499.4
2024-10-19 20:00:00+03:00,6.55,3739.4
2024-10-19 21:00:00+03:00,4.96,3962.1
2024-10-19 22:00:00+03:00,4.18,3976.625
2024-10-19 23:00:00+03:00,3.29,3914.5
2024-10-20 00:00:00+03:00,2.57,3627.55
2024-10-20 01:00:00+03:00,2.47,3617.775
2024-10-20 02:00:00+03:00,1.98,3669.975
2024-10-20 03:00:00+03:00,0.96,3788.65
2024-10-20 04:00:00+03:00,0.54,3900.2
2024-10-20 05:00:00+03:00,1.37,4145.025
2024-10-20 06:00:00+03:00,1.54,4543.95
2024-10-20 07:00:00+03:00,0.55,4752.3
2024-10-20 08:00:00+03:00,2.0,4971.825
2024-10-20 09:00:00+03:00,2.13,4938.525
2024-10-20 10:00:00+03:00,2.02,4770.375
2024-10-20 11:00:00+03:00,1.86,4513.675
2024-10-20 12:00:00+03:00,0.08,4499.65
2024-10-20 13:00:00+03:00,0.0,4526.925
2024-10-20 14:00:00+03:00,-0.98,4104.275
2024-10-20 15:00:00+03:00,-2.01,4024.95
2024-10-20 16:00:00+03:00,0.0,5044.175
2024-10-20 17:00:00+03:00,2.1,5648.825
2024-10-20 18:00:00+03:00,3.1,5894.775
2024-10-20 19:00:00+03:00,3.15,5754.425
2024-10-20 20:00:00+03:00,2.6,5638.1
2024-10-20 21:00:00+03:00,0.01,5359.7
2024-10-20 22:00:00+03:00,0.0,4785.875
2024-10-20 23:00:00+03:00,-0.02,4138.45
2024-10-21 00:00:00+03:00,-0.8,3716.2
2024-10-21 01:00:00+03:00,-2.01,3363.725
2024-10-21 02:00:00+03:00,-2.47,3209.925
2024-10-21 03:00:00+03:00,-2.63,2993.675
2024-10-21 04:00:00+03:00,-3.0,3004.525
2024-10-21 05:00:00+03:00,-2.62,3093.2
2024-10-21 06:00:00+03:00,-2.0,3304.075
2024-10-21 07:00:00+03:00,-0.81,3846.95
2024-10-21 08:00:00+03:00,-0.08,4419.05
2024-10-21 09:00:00+03:00,-0.01,4604.175
2024-10-21 10:00:00+03:00,-0.01,4633.675
2024-10-21 11:00:00+03:00,-0.1,4615.125
2024-10-21 12:00:00+03:00,-0.21,4516.875
2024-10-21 13:00:00+03:00,-0.57,4473.55
2024-10-21 14:00:00+03:00,-0.58,4463.375
2024-10-21 15:00:00+03:00,-0.57,4504.9
2024-10-21 16:00:00+03:00,-0.52,4589.15
2024-10-21 17:00:00+03:00,-0.26,4694.25
2024-10-21 18:00:00+03:00,-0.01,5130.05
2024-10-21 19:00:00+03:00,-0.01,5231.475
2024-10-21 20:00:00+03:00,-0.09,5121.4
2024-10-21 21:00:00+03:00,-0.59,4540.425
2024-10-21 22:00:00+03:00,-0.81,4492.6
2024-10-21 23:00:00+03:00,-1.68,4288.075
2024-10-22 00:00:00+03:00,-2.05,3893.525
2024-10-22 01:00:00+03:00,-1.88,4119.5
2024-10-22 02:00:00+03:00,-1.75,4111.9
2024-10-22 03:00:00+03:00,-1.25,4136.85
2024-10-22 04:00:00+03:00,-1.0,4090.0249999999996
2024-10-22 05:00:00+03:00,-0.54,4233.950000000001
2024-10-22 06:00:00+03:00,0.0,5036.5
2024-10-22 07:00:00+03:00,1.91,4964.575
2024-10-22 08:00:00+03:00,8.85,4801.55
2024-10-22 09:00:00+03:00,12.71,4391.3
2024-10-22 10:00:00+03:00,15.06,3820.825
2024-10-22 11:00:00+03:00,9.92,3409.275
2024-10-22 12:00:00+03:00,3.12,3140.575
2024-10-22 13:00:00+03:00,3.08,3089.9
2024-10-22 14:00:00+03:00,2.93,3367.15
2024-10-22 15:00:00+03:00,2.6,3849.925
2024-10-22 16:00:00+03:00,2.4,4082.525
2024-10-22 17:00:00+03:00,2.78,4593.1
2024-10-22 18:00:00+03:00,3.01,4884.775
2024-10-22 19:00:00+03:00,2.91,4798.775
2024-10-22 20:00:00+03:00,2.28,4678.8
2024-10-22 21:00:00+03:00,0.93,4378.575
2024-10-22 22:00:00+03:00,0.49,4113.425
2024-10-22 23:00:00+03:00,0.0,3866.9249999999997
2024-10-23 00:00:00+03:00,-0.8,3103.5499999999997
2024-10-23 01:00:00+03:00,0.0,3355.0
2024-10-23 02:00:00+03:00,-0.04,2987.025
2024-10-23 03:00:00+03:00,-0.54,2833.05
2024-10-23 04:00:00+03:00,-0.8,2673.575
2024-10-23 05:00:00+03:00,-0.58,2538.875
2024-10-23 06:00:00+03:00,0.0,2653.825
2024-10-23 07:00:00+03:00,0.48,2896.15
2024-10-23 08:00:00+03:00,4.96,3571.2
2024-10-23 09:00:00+03:00,4.9,4130.7
2024-10-23 10:00:00+03:00,2.15,4158.05
2024-10-23 11:00:00+03:00,0.92,4383.075
2024-10-23 12:00:00+03:00,0.01,4558.375
2024-10-23 13:00:00+03:00,-0.01,4228.525
2024-10-23 14:00:00+03:00,-0.06,4241.15
2024-10-23 15:00:00+03:00,-0.11,4235.0
2024-10-23 16:00:00+03:00,-0.01,4644.6
2024-10-23 17:00:00+03:00,0.0,5122.8
2024-10-23 18:00:00+03:00,0.8,5392.875
2024-10-23 19:00:00+03:00,0.96,5450.15
2024-10-23 20:00:00+03:00,0.01,5433.475
2024-10-23 21:00:00+03:00,0.0,5060.5
2024-10-23 22:00:00+03:00,0.0,5071.325
2024-10-23 23:00:00+03:00,-0.09,4388.25
2024-10-24 00:00:00+03:00,-0.81,3883.175
2024-10-24 01:00:00+03:00,-1.0,3364.675
2024-10-24 02:00:00+03:00,-1.0,2982.175
2024-10-24 03:00:00+03:00,-0.8,2938.55
2024-10-24 04:00:00+03:00,-0.52,2902.3
2024-10-24 05:00:00+03:00,0.0,3593.925
2024-10-24 06:00:00+03:00,0.84,3867.3
2024-10-24 07:00:00+03:00,15.47,3971.225
2024-10-24 08:00:00+03:00,27.59,3730.875
2024-10-24 09:00:00+03:00,31.86,3211.9
2024-10-24 10:00:00+03:00,36.97,2566.725
2024-10-24 11:00:00+03:00,102.38,1624.425
2024-10-24 12:00:00+03:00,99.19,1033.99
2024-10-24 13:00:00+03:00,127.95,743.655
2024-10-24 14:00:00+03:00,147.14,692.4725000000001
2024-10-24 15:00:00+03:00,154.54,575.1975
2024-10-24 16:00:00+03:00,150.01,761.735
2024-10-24 17:00:00+03:00,140.44,1099.9875
2024-10-24 18:00:00+03:00,153.54,1696.6
2024-10-24 19:00:00+03:00,153.92,1944.825
2024-10-24 20:00:00+03:00,59.7,1801.325
2024-10-24 21:00:00+03:00,31.0,1750.6999999999998
2024-10-24 22:00:00+03:00,35.01,1636.45
2024-10-24 23:00:00+03:00,26.59,1306.05
2024-10-25 00:00:00+03:00,13.27,1061.4
2024-10-25 01:00:00+03:00,4.0,1124.25
2024-10-25 02:00:00+03:00,2.42,1545.0500000000002
2024-10-25 03:00:00+03:00,2.12,1885.35
2024-10-25 04:00:00+03:00,2.0,2121.25
2024-10-25 05:00:00+03:00,2.1,2311.875
2024-10-25 06:00:00+03:00,5.06,2825.825
2024-10-25 07:00:00+03:00,22.06,3033.8
2024-10-25 08:00:00+03:00,31.32,2896.075
2024-10-25 09:00:00+03:00,40.17,2630.4
2024-10-25 10:00:00+03:00,34.51,2388.925
2024-10-25 11:00:00+03:00,31.67,2290.8
2024-10-25 12:00:00+03:00,28.98,2412.25
2024-10-25 13:00:00+03:00,27.51,2664.425
2024-10-25 14:00:00+03:00,25.31,3145.825
2024-10-25 15:00:00+03:00,23.96,3438.3
2024-10-25 16:00:00+03:00,22.9,3703.275
2024-10-25 17:00:00+03:00,25.91,3805.075
2024-10-25 18:00:00+03:00,24.0,4018.5
2024-10-25 19:00:00+03:00,3.3,4231.325
2024-10-25 20:00:00+03:00,3.07,4409.8
2024-10-25 21:00:00+03:00,2.89,4322.95
2024-10-25 22:00:00+03:00,2.94,4085.775
2024-10-25 23:00:00+03:00,3.05,3736.975
2024-10-26 00:00:00+03:00,3.02,3604.175
2024-10-26 01:00:00+03:00,2.97,3195.8
2024-10-26 02:00:00+03:00,3.15,2635.3
2024-10-26 03:00:00+03:00,3.54,2548.0
2024-10-26 04:00:00+03:00,3.91,2570.8
2024-10-26 05:00:00+03:00,4.44,2595.075
2024-10-26 06:00:00+03:00,9.69,1959.325
2024-10-26 07:00:00+03:00,14.17,1333.05
2024-10-26 08:00:00+03:00,19.37,1335.875
2024-10-26 09:00:00+03:00,29.95,1175.375
2024-10-26 10:00:00+03:00,87.48,834.9075
2024-10-26 11:00:00+03:00,100.08,403.90999999999997
2024-10-26 12:00:00+03:00,71.54,169.6125
2024-10-26 13:00:00+03:00,54.67,78.67
2024-10-26 14:00:00+03:00,44.97,76.9325
2024-10-26 15:00:00+03:00,48.35,120.725
2024-10-26 16:00:00+03:00,64.43,238.81
2024-10-26 17:00:00+03:00,82.99,653.485
2024-10-26 18:00:00+03:00,122.71,1262.025
2024-10-26 19:00:00+03:00,147.28,1425.15
2024-10-26 20:00:00+03:00,73.48,1509.125
2024-10-26 21:00:00+03:00,23.81,1585.0
2024-10-26 22:00:00+03:00,19.46,1578.325
2024-10-26 23:00:00+03:00,12.08,1667.5
2024-10-27 00:00:00+03:00,4.08,2003.45
2024-10-27 01:00:00+03:00,0.7,2531.975
2024-10-27 02:00:00+03:00,0.01,3090.25
2024-10-27 03:00:00+03:00,-0.05,3030.1000000000004
2024-10-27 03:00:00+02:00,-0.11,2934.7
2024-10-27 04:00:00+02:00,-0.48,2546.875
2024-10-27 05:00:00+02:00,-0.81,2577.225
2024-10-27 06:00:00+02:00,-1.01,2715.25
2024-10-27 07:00:00+02:00,-1.63,2834.175
2024-10-27 08:00:00+02:00,-1.0,3507.4
2024-10-27 09:00:00+02:00,-0.8,3749.6
2024-10-27 10:00:00+02:00,-0.54,3838.775
2024-10-27 11:00:00+02:00,-0.48,4200.825
2024-10-27 12:00:00+02:00,-0.11,4368.2
2024-10-27 13:00:00+02:00,-0.09,4681.875
2024-10-27 14:00:00+02:00,-0.08,4919.025
2024-10-27 15:00:00+02:00,-0.07,5135.975
2024-10-27 16:00:00+02:00,-0.02,5245.925
2024-10-27 17:00:00+02:00,0.0,5846.0
2024-10-27 18:00:00+02:00,0.01,6313.0
2024-10-27 19:00:00+02:00,0.43,6448.375
2024-10-27 20:00:00+02:00,0.0,6347.174999999999
2024-10-27 21:00:00+02:00,-0.02,5619.425
2024-10-27 22:00:00+02:00,-0.48,5007.575000000001
2024-10-27 23:00:00+02:00,-1.0,4574.825
2024-10-28 00:00:00+02:00,-2.0,3608.825
2024-10-28 01:00:00+02:00,-2.47,3008.05
2024-10-28 02:00:00+02:00,-2.73,2809.0
2024-10-28 03:00:00+02:00,-3.0,2861.775
2024-10-28 04:00:00+02:00,-2.96,2909.525
2024-10-28 05:00:00+02:00,-2.1,3141.875
2024-10-28 06:00:00+02:00,-0.81,3650.975
2024-10-28 07:00:00+02:00,0.01,4599.25
2024-10-28 08:00:00+02:00,2.18,4713.200000000001
2024-10-28 09:00:00+02:00,8.9,4553.325
2024-10-28 10:00:00+02:00,9.08,4285.75
2024-10-28 11:00:00+02:00,6.95,4107.275
2024-10-28 12:00:00+02:00,3.02,4170.825
2024-10-28 13:00:00+02:00,2.9,4284.95
2024-10-28 14:00:00+02:00,4.91,4523.1
2024-10-28 15:00:00+02:00,9.39,4664.875
2024-10-28 16:00:00+02:00,4.34,4578.75
2024-10-28 17:00:00+02:00,5.78,4786.85
2024-10-28 18:00:00+02:00,14.99,4774.475
2024-10-28 19:00:00+02:00,10.37,4596.425
2024-10-28 20:00:00+02:00,2.99,4386.675
2024-10-28 21:00:00+02:00,2.41,4255.975
2024-10-28 22:00:00+02:00,2.19,4449.975
2024-10-28 23:00:00+02:00,2.1,4694.5
2024-10-29 00:00:00+02:00,1.99,4690.675
2024-10-29 01:00:00+02:00,2.17,4910.2
2024-10-29 02:00:00+02:00,2.13,4940.425
2024-10-29 03:00:00+02:00,2.15,4807.025
2024-10-29 04:00:00+02:00,2.38,4683.15
2024-10-29 05:00:00+02:00,2.87,4560.75
2024-10-29 06:00:00+02:00,7.51,4377.725
2024-10-29 07:00:00+02:00,25.23,3983.875
2024-10-29 08:00:00+02:00,155.45,3633.575
2024-10-29 09:00:00+02:00,151.32,3294.625
2024-10-29 10:00:00+02:00,129.69,2804.25
2024-10-29 11:00:00+02:00,120.7,2394.425
2024-10-29 12:00:00+02:00,112.97,2325.175
2024-10-29 13:00:00+02:00,105.45,2759.15
2024-10-29 14:00:00+02:00,50.13,3176.325
2024-10-29 15:00:00+02:00,30.06,3623.075
2024-10-29 16:00:00+02:00,23.27,4065.95
2024-10-29 17:00:00+02:00,9.0,4636.1
2024-10-29 18:00:00+02:00,1.87,5071.525
2024-10-29 19:00:00+02:00,1.09,5294.25
2024-10-29 20:00:00+02:00,0.67,5430.15
2024-10-29 21:00:00+02:00,-0.01,4879.05
2024-10-29 22:00:00+02:00,-0.11,4570.875
2024-10-29 23:00:00+02:00,-0.81,4312.125
2024-10-30 00:00:00+02:00,-2.0,3983.625
2024-10-30 01:00:00+02:00,-1.95,3758.4
2024-10-30 02:00:00+02:00,-2.01,3472.475
2024-10-30 03:00:00+02:00,-2.2,3493.55
2024-10-30 04:00:00+02:00,-2.29,3581.3
2024-10-30 05:00:00+02:00,-1.75,3856.275
2024-10-30 06:00:00+02:00,-0.67,4121.7
2024-10-30 07:00:00+02:00,0.0,5060.375
2024-10-30 08:00:00+02:00,2.0,5424.525
2024-10-30 09:00:00+02:00,5.13,5541.175
2024-10-30 10:00:00+02:00,3.69,5847.475
2024-10-30 11:00:00+02:00,3.18,5985.25
2024-10-30 12:00:00+02:00,3.03,6145.4
2024-10-30 13:00:00+02:00,1.96,5924.15
2024-10-30 14:00:00+02:00,1.59,5893.75
2024-10-30 15:00:00+02:00,1.92,6012.925
2024-10-30 16:00:00+02:00,2.06,6117.5
2024-10-30 17:00:00+02:00,3.12,6264.75
2024-10-30 18:00:00+02:00,5.63,6208.775
2024-10-30 19:00:00+02:00,3.01,5961.625
2024-10-30 20:00:00+02:00,2.97,5807.225
2024-10-30 21:00:00+02:00,2.57,5517.975
2024-10-30 22:00:00+02:00,2.06,5352.4
2024-10-30 23:00:00+02:00,1.99,4758.925
2024-10-31 00:00:00+02:00,1.9,4549.150000000001
2024-10-31 01:00:00+02:00,0.99,4242.3
2024-10-31 02:00:00+02:00,1.18,3854.625
2024-10-31 03:00:00+02:00,2.02,3553.2250000000004
2024-10-31 04:00:00+02:00,2.96,3554.55
2024-10-31 05:00:00+02:00,3.6,3369.075
2024-10-31 06:00:00+02:00,4.89,3066.9
2024-10-31 07:00:00+02:00,8.9,2828.225
2024-10-31 08:00:00+02:00,32.62,2787.2
2024-10-31 09:00:00+02:00,37.46,2613.425
2024-10-31 10:00:00+02:00,33.47,2304.85
2024-10-31 11:00:00+02:00,29.26,1717.075
2024-10-31 12:00:00+02:00,37.68,1436.225
2024-10-31 13:00:00+02:00,46.17,1364.925
2024-10-31 14:00:00+02:00,70.35,1161.725
2024-10-31 15:00:00+02:00,46.13,986.565
2024-10-31 16:00:00+02:00,69.05,935.095
2024-10-31 17:00:00+02:00,67.22,818.0925
2024-10-31 18:00:00+02:00,56.19,613.365
2024-10-31 19:00:00+02:00,37.57,678.02
2024-10-31 20:00:00+02:00,28.44,939.0775
2024-10-31 21:00:00+02:00,8.89,1370.425
2024-10-31 22:00:00+02:00,6.29,1621.35
2024-10-31 23:00:00+02:00,5.04,1814.15
2024-11-01 00:00:00+02:00,3.92,1621.525
2024-11-01 01:00:00+02:00,1.71,1532.675
2024-11-01 02:00:00+02:00,1.51,1588.275
2024-11-01 03:00:00+02:00,1.15,1517.375
2024-11-01 04:00:00+02:00,1.02,1543.6
2024-11-01 05:00:00+02:00,1.0,1697.125
2024-11-01 06:00:00+02:00,2.87,1510.475
2024-11-01 07:00:00+02:00,5.99,1247.2
2024-11-01 08:00:00+02:00,6.6,1140.15
2024-11-01 09:00:00+02:00,15.92,1295.6
2024-11-01 10:00:00+02:00,15.46,1352.875
2024-11-01 11:00:00+02:00,9.6,1338.775
2024-11-01 12:00:00+02:00,16.51,1261.3
2024-11-01 13:00:00+02:00,5.99,1424.45
2024-11-01 14:00:00+02:00,5.99,1803.125
2024-11-01 15:00:00+02:00,5.99,2224.25
2024-11-01 16:00:00+02:00,4.18,2455.2
2024-11-01 17:00:00+02:00,4.06,2605.175
2024-11-01 18:00:00+02:00,4.7,2507.6
2024-11-01 19:00:00+02:00,5.85,2229.05
2024-11-01 20:00:00+02:00,3.71,2724.85
2024-11-01 21:00:00+02:00,2.24,3149.775
2024-11-01 22:00:00+02:00,1.2,3417.1
2024-11-01 23:00:00+02:00,0.66,3569.9
2024-11-02 00:00:00+02:00,0.0,3340.4
2024-11-02 01:00:00+02:00,-0.08,3263.275
2024-11-02 02:00:00+02:00,-0.52,3457.4
2024-11-02 03:00:00+02:00,-0.53,3553.275
2024-11-02 04:00:00+02:00,-0.69,3688.75
2024-11-02 05:00:00+02:00,-0.56,3726.25
2024-11-02 06:00:00+02:00,-0.48,4063.4500000000003
2024-11-02 07:00:00+02:00,0.0,4670.925
2024-11-02 08:00:00+02:00,1.11,4975.95
2024-11-02 09:00:00+02:00,0.92,5114.9
2024-11-02 10:00:00+02:00,1.51,4935.725
2024-11-02 11:00:00+02:00,1.71,4665.05
2024-11-02 12:00:00+02:00,1.54,4701.225
2024-11-02 13:00:00+02:00,1.66,4753.75
2024-11-02 14:00:00+02:00,2.28,4745.975
2024-11-02 15:00:00+02:00,3.35,4804.625
2024-11-02 16:00:00+02:00,3.32,4840.0
2024-11-02 17:00:00+02:00,6.4,4994.375
2024-11-02 18:00:00+02:00,23.45,4911.725
2024-11-02 19:00:00+02:00,6.39,4729.725
2024-11-02 20:00:00+02:00,4.78,4557.7
2024-11-02 21:00:00+02:00,3.53,4008.9
2024-11-02 22:00:00+02:00,3.1,4070.8
2024-11-02 23:00:00+02:00,2.54,3899.6499999999996
2024-11-03 00:00:00+02:00,2.39,3494.425
2024-11-03 01:00:00+02:00,3.5,2927.975
2024-11-03 02:00:00+02:00,3.46,2908.45
2024-11-03 03:00:00+02:00,3.31,2741.75
2024-11-03 04:00:00+02:00,3.17,2427.275
2024-11-03 05:00:00+02:00,3.27,2200.7
2024-11-03 06:00:00+02:00,3.39,2665.225
2024-11-03 07:00:00+02:00,3.45,2606.675
2024-11-03 08:00:00+02:00,4.75,2001.8249999999998
2024-11-03 09:00:00+02:00,8.3,1636.725
2024-11-03 10:00:00+02:00,18.85,1156.4
2024-11-03 11:00:00+02:00,21.67,743.835
2024-11-03 12:00:00+02:00,30.0,515.855
2024-11-03 13:00:00+02:00,30.42,512.065
2024-11-03 14:00:00+02:00,20.82,687.0325
2024-11-03 15:00:00+02:00,3.91,1304.5774999999999
2024-11-03 16:00:00+02:00,3.91,2288.0
2024-11-03 17:00:00+02:00,4.23,2958.475
2024-11-03 18:00:00+02:00,5.11,3369.225
2024-11-03 19:00:00+02:00,6.25,3701.725
2024-11-03 20:00:00+02:00,5.81,4106.875
2024-11-03 21:00:00+02:00,4.45,4532.3
2024-11-03 22:00:00+02:00,4.42,4963.425
2024-11-03 23:00:00+02:00,4.21,4985.275
2024-11-04 00:00:00+02:00,3.42,4972.95
2024-11-04 01:00:00+02:00,3.0,5155.05
2024-11-04 02:00:00+02:00,3.26,5130.025
2024-11-04 03:00:00+02:00,3.86,5021.625
2024-11-04 04:00:00+02:00,5.27,4811.65
2024-11-04 05:00:00+02:00,6.26,4551.65
2024-11-04 06:00:00+02:00,19.66,4023.1
2024-11-04 07:00:00+02:00,48.93,3789.675
2024-11-04 08:00:00+02:00,82.89,3535.2
2024-11-04 09:00:00+02:00,77.8,3320.8
2024-11-04 10:00:00+02:00,74.03,2807.825
2024-11-04 11:00:00+02:00,67.52,2182.025
2024-11-04 12:00:00+02:00,66.67,1754.05
2024-11-04 13:00:00+02:00,64.49,1531.425
2024-11-04 14:00:00+02:00,69.28,1637.05
2024-11-04 15:00:00+02:00,69.87,1822.5
2024-11-04 16:00:00+02:00,90.57,2002.775
2024-11-04 17:00:00+02:00,121.36,2008.15
2024-11-04 18:00:00+02:00,180.43,1851.85
2024-11-04 19:00:00+02:00,153.09,1748.3
2024-11-04 20:00:00+02:00,92.81,1827.1
2024-11-04 21:00:00+02:00,70.01,1790.7
2024-11-04 22:00:00+02:00,63.94,1787.1
2024-11-04 23:00:00+02:00,49.41,1743.9250000000002
2024-11-05 00:00:00+02:00,31.59,1835.125
2024-11-05 01:00:00+02:00,17.08,2001.9
2024-11-05 02:00:00+02:00,5.83,2021.175
2024-11-05 03:00:00+02:00,5.6,1975.8
2024-11-05 04:00:00+02:00,4.78,2192.15
2024-11-05 05:00:00+02:00,4.98,2254.425
2024-11-05 06:00:00+02:00,29.32,2570.875
2024-11-05 07:00:00+02:00,63.22,2768.575
2024-11-05 08:00:00+02:00,92.0,3125.025
2024-11-05 09:00:00+02:00,88.05,3164.775
2024-11-05 10:00:00+02:00,73.9,3413.55
2024-11-05 11:00:00+02:00,65.75,3523.925
2024-11-05 12:00:00+02:00,58.88,3563.85
2024-11-05 13:00:00+02:00,59.0,3662.6
2024-11-05 14:00:00+02:00,53.88,3588.55
2024-11-05 15:00:00+02:00,41.58,3562.025
2024-11-05 16:00:00+02:00,35.44,3617.975
2024-11-05 17:00:00+02:00,34.32,3807.675
2024-11-05 18:00:00+02:00,45.03,4187.125
2024-11-05 19:00:00+02:00,35.0,4185.95
2024-11-05 20:00:00+02:00,17.75,4354.2
2024-11-05 21:00:00+02:00,17.7,4513.775
2024-11-05 22:00:00+02:00,17.41,4605.45
2024-11-05 23:00:00+02:00,10.79,4591.125
2024-11-06 00:00:00+02:00,6.71,4798.75
2024-11-06 01:00:00+02:00,4.55,4592.974999999999
2024-11-06 02:00:00+02:00,3.82,4519.75
2024-11-06 03:00:00+02:00,4.02,4316.025
2024-11-06 04:00:00+02:00,4.71,3926.9
2024-11-06 05:00:00+02:00,7.38,3569.575
2024-11-06 06:00:00+02:00,18.89,3439.4
2024-11-06 07:00:00+02:00,39.99,3087.075
2024-11-06 08:00:00+02:00,135.38,2456.35
2024-11-06 09:00:00+02:00,129.05,1919.825
2024-11-06 10:00:00+02:00,93.06,1563.275
2024-11-06 11:00:00+02:00,84.29,1302.675
2024-11-06 12:00:00+02:00,71.34,1014.9325
2024-11-06 13:00:00+02:00,74.83,985.585
2024-11-06 14:00:00+02:00,89.23,1131.75
2024-11-06 15:00:00+02:00,98.12,1486.4
2024-11-06 16:00:00+02:00,112.64,1840.925
2024-11-06 17:00:00+02:00,69.33,2027.65
2024-11-06 18:00:00+02:00,113.92,2003.45
2024-11-06 19:00:00+02:00,70.14,2175.575
2024-11-06 20:00:00+02:00,53.19,2233.675
2024-11-06 21:00:00+02:00,36.2,2025.475
2024-11-06 22:00:00+02:00,29.93,1842.7
2024-11-06 23:00:00+02:00,25.87,1859.675
2024-11-07 00:00:00+02:00,13.49,2381.125
2024-11-07 01:00:00+02:00,5.89,2584.4
2024-11-07 02:00:00+02:00,3.6,2682.175
2024-11-07 03:00:00+02:00,2.21,2844.6
2024-11-07 04:00:00+02:00,1.21,3255.075
2024-11-07 05:00:00+02:00,2.87,3192.825
2024-11-07 06:00:00+02:00,18.66,2858.95
2024-11-07 07:00:00+02:00,28.58,3247.8500000000004
2024-11-07 08:00:00+02:00,43.92,3102.0
2024-11-07 09:00:00+02:00,44.63,2941.825
2024-11-07 10:00:00+02:00,40.31,3035.25
2024-11-07 11:00:00+02:00,41.09,3225.95
2024-11-07 12:00:00+02:00,39.69,3381.65
2024-11-07 13:00:00+02:00,40.58,3466.9249999999997
2024-11-07 14:00:00+02:00,40.46,3695.925
2024-11-07 15:00:00+02:00,38.35,4114.125
2024-11-07 16:00:00+02:00,44.45,4493.200000000001
2024-11-07 17:00:00+02:00,65.87,4561.4
2024-11-07 18:00:00+02:00,111.89,4298.7
2024-11-07 19:00:00+02:00,67.62,4175.45
2024-11-07 20:00:00+02:00,71.64,3619.425
2024-11-07 21:00:00+02:00,52.04,2996.45
2024-11-07 22:00:00+02:00,48.03,2712.55
2024-11-07 23:00:00+02:00,30.47,2850.575
2024-11-08 00:00:00+02:00,22.21,3267.05
2024-11-08 01:00:00+02:00,17.51,3701.125
2024-11-08 02:00:00+02:00,6.4,4301.3
2024-11-08 03:00:00+02:00,3.97,4539.15
2024-11-08 04:00:00+02:00,3.9,4747.45
2024-11-08 05:00:00+02:00,3.91,4827.875
2024-11-08 06:00:00+02:00,5.02,4926.200000000001
2024-11-08 07:00:00+02:00,23.73,4916.2
2024-11-08 08:00:00+02:00,30.03,5037.525
2024-11-08 09:00:00+02:00,31.12,4809.375
2024-11-08 10:00:00+02:00,29.3,4689.5
2024-11-08 11:00:00+02:00,16.52,4588.025
2024-11-08 12:00:00+02:00,16.0,4438.025
2024-11-08 13:00:00+02:00,12.36,4451.1
2024-11-08 14:00:00+02:00,6.39,4919.975
2024-11-08 15:00:00+02:00,5.71,5461.45
2024-11-08 16:00:00+02:00,6.86,5712.925
2024-11-08 17:00:00+02:00,7.34,5535.575
2024-11-08 18:00:00+02:00,4.75,5536.325
2024-11-08 19:00:00+02:00,5.89,5507.775
2024-11-08 20:00:00+02:00,3.85,5259.275
2024-11-08 21:00:00+02:00,3.27,5196.25
2024-11-08 22:00:00+02:00,3.0,5088.35
2024-11-08 23:00:00+02:00,2.5,5333.3
2024-11-09 00:00:00+02:00,1.92,5373.4
2024-11-09 01:00:00+02:00,0.03,5309.2
2024-11-09 02:00:00+02:00,0.0,5012.2
2024-11-09 03:00:00+02:00,0.01,5270.7
2024-11-09 04:00:00+02:00,0.63,5072.9
2024-11-09 05:00:00+02:00,1.51,5036.775000000001
2024-11-09 06:00:00+02:00,2.57,5187.8
2024-11-09 07:00:00+02:00,4.19,5060.8
2024-11-09 08:00:00+02:00,6.25,4817.025
2024-11-09 09:00:00+02:00,9.27,4601.675
2024-11-09 10:00:00+02:00,18.51,4254.75
2024-11-09 11:00:00+02:00,36.06,3574.2
2024-11-09 12:00:00+02:00,30.47,2829.85
2024-11-09 13:00:00+02:00,40.2,2332.95
2024-11-09 14:00:00+02:00,47.64,2019.8249999999998
2024-11-09 15:00:00+02:00,53.92,1966.7
2024-11-09 16:00:00+02:00,78.44,2009.525
2024-11-09 17:00:00+02:00,91.6,1864.9
2024-11-09 18:00:00+02:00,96.32,1412.6999999999998
2024-11-09 19:00:00+02:00,96.43,1094.175
2024-11-09 20:00:00+02:00,97.71,833.805
2024-11-09 21:00:00+02:00,92.19,676.78
2024-11-09 22:00:00+02:00,88.5,675.125
2024-11-09 23:00:00+02:00,80.0,647.595
2024-11-10 00:00:00+02:00,77.17,665.7075
2024-11-10 01:00:00+02:00,61.2,680.4375
2024-11-10 02:00:00+02:00,52.94,698.2825
2024-11-10 03:00:00+02:00,52.42,667.735
2024-11-10 04:00:00+02:00,49.72,573.24
2024-11-10 05:00:00+02:00,52.25,420.8125
2024-11-10 06:00:00+02:00,65.59,282.0125
2024-11-10 07:00:00+02:00,66.93,299.345
2024-11-10 08:00:00+02:00,69.72,330.6675
2024-11-10 09:00:00+02:00,80.55,342.405
2024-11-10 10:00:00+02:00,84.91,349.35
2024-11-10 11:00:00+02:00,86.52,459.04499999999996
2024-11-10 12:00:00+02:00,82.91,682.37
2024-11-10 13:00:00+02:00,84.8,1057.5625
2024-11-10 14:00:00+02:00,71.54,1338.925
2024-11-10 15:00:00+02:00,83.27,1656.075
2024-11-10 16:00:00+02:00,80.0,1853.775
2024-11-10 17:00:00+02:00,92.02,1917.375
2024-11-10 18:00:00+02:00,96.83,1751.325
2024-11-10 19:00:00+02:00,94.5,1475.5749999999998
2024-11-10 20:00:00+02:00,79.98,1362.05
2024-11-10 21:00:00+02:00,67.93,1107.35
2024-11-10 22:00:00+02:00,69.08,985.6075000000001
2024-11-10 23:00:00+02:00,56.04,1029.0425
2024-11-11 00:00:00+02:00,49.08,1160.375
2024-11-11 01:00:00+02:00,41.63,1363.375
2024-11-11 02:00:00+02:00,42.93,1376.1
2024-11-11 03:00:00+02:00,40.64,1375.725
2024-11-11 04:00:00+02:00,40.9,1529.35
2024-11-11 05:00:00+02:00,43.81,1462.825
2024-11-11 06:00:00+02:00,56.69,1398.1
2024-11-11 07:00:00+02:00,70.93,1278.35
2024-11-11 08:00:00+02:00,108.14,1252.425
2024-11-11 09:00:00+02:00,119.09,1134.1
2024-11-11 10:00:00+02:00,106.47,1026.4175
2024-11-11 11:00:00+02:00,98.52,947.9575
2024-11-11 12:00:00+02:00,93.75,868.68
2024-11-11 13:00:00+02:00,91.09,769.48
2024-11-11 14:00:00+02:00,94.32,678.8475
2024-11-11 15:00:00+02:00,93.8,671.1825
2024-11-11 16:00:00+02:00,99.05,736.6425
2024-11-11 17:00:00+02:00,99.89,742.1275
2024-11-11 18:00:00+02:00,107.62,802.645
2024-11-11 19:00:00+02:00,108.76,870.875
2024-11-11 20:00:00+02:00,98.8,819.475
2024-11-11 21:00:00+02:00,89.38,799.975
2024-11-11 22:00:00+02:00,85.46,768.2125000000001
2024-11-11 23:00:00+02:00,84.34,711.905
2024-11-12 00:00:00+02:00,60.71,628.9825
2024-11-12 01:00:00+02:00,54.48,629.1725
2024-11-12 02:00:00+02:00,51.84,688.975
2024-11-12 03:00:00+02:00,45.63,784.04
2024-11-12 04:00:00+02:00,50.68,801.9125
2024-11-12 05:00:00+02:00,52.56,903.1425
2024-11-12 06:00:00+02:00,64.26,1002.0225
2024-11-12 07:00:00+02:00,89.34,1016.3175
2024-11-12 08:00:00+02:00,128.08,1006.4425
2024-11-12 09:00:00+02:00,87.37,913.745
2024-11-12 10:00:00+02:00,79.87,906.8325
2024-11-12 11:00:00+02:00,88.07,850.0025
2024-11-12 12:00:00+02:00,129.99,752.6675
2024-11-12 13:00:00+02:00,130.0,613.7225
2024-11-12 14:00:00+02:00,100.6,559.4425
2024-11-12 15:00:00+02:00,72.86,468.4
2024-11-12 16:00:00+02:00,70.0,434.56
2024-11-12 17:00:00+02:00,78.26,722.9825
2024-11-12 18:00:00+02:00,221.43,828.2524999999999
2024-11-12 19:00:00+02:00,163.29,807.835
2024-11-12 20:00:00+02:00,124.97,772.615
2024-11-12 21:00:00+02:00,109.76,841.7975
2024-11-12 22:00:00+02:00,85.13,1238.575
2024-11-12 23:00:00+02:00,75.84,1729.9
2024-11-13 00:00:00+02:00,50.2,2445.95
2024-11-13 01:00:00+02:00,7.72,3240.725
2024-11-13 02:00:00+02:00,6.91,3833.15
2024-11-13 03:00:00+02:00,4.94,4388.7
2024-11-13 04:00:00+02:00,3.32,4713.675
2024-11-13 05:00:00+02:00,3.54,5118.275
2024-11-13 06:00:00+02:00,5.89,5039.225
2024-11-13 07:00:00+02:00,10.04,5279.5
2024-11-13 08:00:00+02:00,11.99,5709.45
2024-11-13 09:00:00+02:00,29.91,5316.325000000001
2024-11-13 10:00:00+02:00,15.74,5268.725
2024-11-13 11:00:00+02:00,13.93,5562.5
2024-11-13 12:00:00+02:00,12.87,5521.825
2024-11-13 13:00:00+02:00,11.76,5471.175
2024-11-13 14:00:00+02:00,18.99,5583.5
2024-11-13 15:00:00+02:00,27.96,5341.8
2024-11-13 16:00:00+02:00,33.3,5207.3
2024-11-13 17:00:00+02:00,39.52,5528.25
2024-11-13 18:00:00+02:00,20.0,5535.125
2024-11-13 19:00:00+02:00,20.0,5642.0
2024-11-13 20:00:00+02:00,13.92,5958.675
2024-11-13 21:00:00+02:00,6.46,5880.225
2024-11-13 22:00:00+02:00,3.89,6167.0
2024-11-13 23:00:00+02:00,0.75,6041.975
2024-11-14 00:00:00+02:00,0.0,5915.2
2024-11-14 01:00:00+02:00,-0.12,5231.475
2024-11-14 02:00:00+02:00,-0.2,4899.175
2024-11-14 03:00:00+02:00,-0.1,4686.9
2024-11-14 04:00:00+02:00,-0.09,4599.0
2024-11-14 05:00:00+02:00,-0.08,4408.7
2024-11-14 06:00:00+02:00,0.01,5173.175
2024-11-14 07:00:00+02:00,0.02,5596.8
2024-11-14 08:00:00+02:00,0.92,5581.05
2024-11-14 09:00:00+02:00,1.91,5423.9
2024-11-14 10:00:00+02:00,2.1,5242.8
2024-11-14 11:00:00+02:00,2.13,5039.95
2024-11-14 12:00:00+02:00,2.09,4811.825
2024-11-14 13:00:00+02:00,1.99,4765.575
2024-11-14 14:00:00+02:00,1.93,4868.475
2024-11-14 15:00:00+02:00,1.87,5001.45
2024-11-14 16:00:00+02:00,2.12,5270.575
2024-11-14 17:00:00+02:00,2.27,5273.65
2024-11-14 18:00:00+02:00,2.95,5188.325
2024-11-14 19:00:00+02:00,3.23,5364.775
2024-11-14 20:00:00+02:00,2.89,5172.775
2024-11-14 21:00:00+02:00,2.16,5262.2
2024-11-14 22:00:00+02:00,2.17,5308.925
2024-11-14 23:00:00+02:00,2.16,5291.25
2024-11-15 00:00:00+02:00,2.17,5045.425
2024-11-15 01:00:00+02:00,0.76,4786.975
2024-11-15 02:00:00+02:00,0.07,4631.925
2024-11-15 03:00:00+02:00,0.01,4490.525
2024-11-15 04:00:00+02:00,0.2,4224.025
2024-11-15 05:00:00+02:00,0.46,4215.325
2024-11-15 06:00:00+02:00,2.91,4396.175
2024-11-15 07:00:00+02:00,5.42,4203.675
2024-11-15 08:00:00+02:00,11.87,4009.15
2024-11-15 09:00:00+02:00,19.99,4009.125
2024-11-15 10:00:00+02:00,18.15,4099.375
2024-11-15 11:00:00+02:00,17.8,4389.6
2024-11-15 12:00:00+02:00,11.25,4816.025
2024-11-15 13:00:00+02:00,6.05,5203.975
2024-11-15 14:00:00+02:00,5.7,5559.675
2024-11-15 15:00:00+02:00,2.61,5696.95
2024-11-15 16:00:00+02:00,2.37,5737.625
2024-11-15 17:00:00+02:00,2.39,5873.4
2024-11-15 18:00:00+02:00,2.21,5902.8
2024-11-15 19:00:00+02:00,1.89,5920.75
2024-11-15 20:00:00+02:00,1.6,5686.2
2024-11-15 21:00:00+02:00,0.0,4804.65
2024-11-15 22:00:00+02:00,-0.25,4278.825
2024-11-15 23:00:00+02:00,-0.87,4038.15
2024-11-16 00:00:00+02:00,-1.49,3762.6
2024-11-16 01:00:00+02:00,-0.93,3971.9
2024-11-16 02:00:00+02:00,-0.93,3523.875
2024-11-16 03:00:00+02:00,-1.51,3206.3
2024-11-16 04:00:00+02:00,-1.42,3266.925
2024-11-16 05:00:00+02:00,-1.32,3325.85
2024-11-16 06:00:00+02:00,-1.31,3754.9750000000004
2024-11-16 07:00:00+02:00,-1.04,3903.025
2024-11-16 08:00:00+02:00,-0.64,4172.1
2024-11-16 09:00:00+02:00,-0.1,4592.15
2024-11-16 10:00:00+02:00,0.0,4917.8
2024-11-16 11:00:00+02:00,-0.01,4159.275
2024-11-16 12:00:00+02:00,0.0,3261.85
2024-11-16 13:00:00+02:00,0.01,2696.575
2024-11-16 14:00:00+02:00,0.34,3974.025
2024-11-16 15:00:00+02:00,0.35,4292.1
2024-11-16 16:00:00+02:00,0.88,4817.475
2024-11-16 17:00:00+02:00,1.99,5567.65
2024-11-16 18:00:00+02:00,2.48,5848.75
2024-11-16 19:00:00+02:00,1.81,5888.05
2024-11-16 20:00:00+02:00,0.52,5979.15
2024-11-16 21:00:00+02:00,0.01,5963.674999999999
2024-11-16 22:00:00+02:00,0.01,5881.15
2024-11-16 23:00:00+02:00,0.01,5778.0
2024-11-17 00:00:00+02:00,0.01,5788.575
2024-11-17 01:00:00+02:00,0.0,5450.975
2024-11-17 02:00:00+02:00,-0.01,4614.45
2024-11-17 03:00:00+02:00,-0.01,4366.675
2024-11-17 04:00:00+02:00,0.0,4185.575
2024-11-17 05:00:00+02:00,0.0,3946.075
2024-11-17 06:00:00+02:00,0.95,3658.475
2024-11-17 07:00:00+02:00,2.11,3198.375
2024-11-17 08:00:00+02:00,4.95,2681.3250000000003
2024-11-17 09:00:00+02:00,6.56,2697.85
2024-11-17 10:00:00+02:00,8.25,2515.95
2024-11-17 11:00:00+02:00,9.07,2303.675
2024-11-17 12:00:00+02:00,9.97,2347.225
2024-11-17 13:00:00+02:00,10.63,2069.625
2024-11-17 14:00:00+02:00,19.99,1877.675
2024-11-17 15:00:00+02:00,31.62,1835.85
2024-11-17 16:00:00+02:00,51.54,1870.275
2024-11-17 17:00:00+02:00,54.14,1715.775
2024-11-17 18:00:00+02:00,56.62,1315.175
2024-11-17 19:00:00+02:00,55.95,1112.175
2024-11-17 20:00:00+02:00,52.84,1017.9825
2024-11-17 21:00:00+02:00,45.88,1013.75
2024-11-17 22:00:00+02:00,45.06,1107.4
2024-11-17 23:00:00+02:00,32.8,1433.7
2024-11-18 00:00:00+02:00,20.21,1986.5749999999998
2024-11-18 01:00:00+02:00,11.57,2184.025
2024-11-18 02:00:00+02:00,11.52,2299.0
2024-11-18 03:00:00+02:00,12.14,2370.3250000000003
2024-11-18 04:00:00+02:00,12.48,2293.125
2024-11-18 05:00:00+02:00,15.88,2239.725
2024-11-18 06:00:00+02:00,31.0,1958.45
2024-11-18 07:00:00+02:00,52.49,1557.125
2024-11-18 08:00:00+02:00,79.86,1292.675
2024-11-18 09:00:00+02:00,101.49,1184.8
2024-11-18 10:00:00+02:00,95.97,1000.31
2024-11-18 11:00:00+02:00,79.17,946.0350000000001
2024-11-18 12:00:00+02:00,74.01,804.325
2024-11-18 13:00:00+02:00,70.05,734.645
2024-11-18 14:00:00+02:00,63.7,683.89
2024-11-18 15:00:00+02:00,70.01,742.1825
2024-11-18 16:00:00+02:00,85.73,797.7825
2024-11-18 17:00:00+02:00,99.47,751.2175
2024-11-18 18:00:00+02:00,116.45,708.5875
2024-11-18 19:00:00+02:00,146.96,703.505
2024-11-18 20:00:00+02:00,137.76,692.505
2024-11-18 21:00:00+02:00,97.65,676.2975
2024-11-18 22:00:00+02:00,85.3,667.94
2024-11-18 23:00:00+02:00,87.39,667.7325000000001
2024-11-19 00:00:00+02:00,69.46,673.4399999999999
2024-11-19 01:00:00+02:00,95.15,751.525
2024-11-19 02:00:00+02:00,94.75,825.455
2024-11-19 03:00:00+02:00,92.27,793.17
2024-11-19 04:00:00+02:00,78.95,722.0775
2024-11-19 05:00:00+02:00,82.55,694.8725
2024-11-19 06:00:00+02:00,98.28,697.5325
2024-11-19 07:00:00+02:00,136.61,693.6475
2024-11-19 08:00:00+02:00,153.64,705.0625
2024-11-19 09:00:00+02:00,164.23,641.195
2024-11-19 10:00:00+02:00,163.09,593.7725
2024-11-19 11:00:00+02:00,159.71,597.14
2024-11-19 12:00:00+02:00,156.18,558.7675
2024-11-19 13:00:00+02:00,151.95,541.995
2024-11-19 14:00:00+02:00,148.28,600.625
2024-11-19 15:00:00+02:00,148.32,685.64
2024-11-19 16:00:00+02:00,152.0,735.9200000000001
2024-11-19 17:00:00+02:00,174.83,755.455
2024-11-19 18:00:00+02:00,151.64,850.8025
2024-11-19 19:00:00+02:00,140.02,937.0125
2024-11-19 20:00:00+02:00,130.07,1104.05
2024-11-19 21:00:00+02:00,115.74,1233.45
2024-11-19 22:00:00+02:00,93.53,1522.05
2024-11-19 23:00:00+02:00,76.03,1956.15
2024-11-20 00:00:00+02:00,44.02,2173.5
2024-11-20 01:00:00+02:00,61.44,2358.575
2024-11-20 02:00:00+02:00,46.01,2562.175
2024-11-20 03:00:00+02:00,41.81,2776.575
2024-11-20 04:00:00+02:00,35.81,2945.8250000000003
2024-11-20 05:00:00+02:00,38.37,3187.05
2024-11-20 06:00:00+02:00,43.85,3478.7
2024-11-20 07:00:00+02:00,75.0,3972.85
2024-11-20 08:00:00+02:00,116.47,4265.975
2024-11-20 09:00:00+02:00,134.15,4412.725
2024-11-20 10:00:00+02:00,92.35,4839.65
2024-11-20 11:00:00+02:00,83.1,5173.525
2024-11-20 12:00:00+02:00,61.14,5441.05
2024-11-20 13:00:00+02:00,64.47,5804.0
2024-11-20 14:00:00+02:00,52.71,6141.0
2024-11-20 15:00:00+02:00,35.79,6326.425
2024-11-20 16:00:00+02:00,21.28,6457.3
2024-11-20 17:00:00+02:00,15.53,6653.475
2024-11-20 18:00:00+02:00,20.41,6800.825
2024-11-20 19:00:00+02:00,19.96,6872.55
2024-11-20 20:00:00+02:00,16.6,6950.125
2024-11-20 21:00:00+02:00,11.75,6921.6
2024-11-20 22:00:00+02:00,7.77,6897.275
2024-11-20 23:00:00+02:00,5.79,6856.825
2024-11-21 00:00:00+02:00,3.77,6815.2
2024-11-21 01:00:00+02:00,13.3,6552.175
2024-11-21 02:00:00+02:00,11.35,6657.425
2024-11-21 03:00:00+02:00,11.41,6500.7
2024-11-21 04:00:00+02:00,13.82,6595.1
2024-11-21 05:00:00+02:00,14.64,6525.575
2024-11-21 06:00:00+02:00,16.61,6445.175
2024-11-21 07:00:00+02:00,81.88,6377.45
2024-11-21 08:00:00+02:00,105.04,6445.925
2024-11-21 09:00:00+02:00,116.49,6361.825
2024-11-21 10:00:00+02:00,118.3,6171.875
2024-11-21 11:00:00+02:00,109.75,6040.925
2024-11-21 12:00:00+02:00,90.02,5961.825
2024-11-21 13:00:00+02:00,77.74,5827.475
2024-11-21 14:00:00+02:00,90.5,5540.775
2024-11-21 15:00:00+02:00,79.1,5213.9
2024-11-21 16:00:00+02:00,79.22,4879.575000000001
2024-11-21 17:00:00+02:00,99.69,4655.85
2024-11-21 18:00:00+02:00,95.09,4355.875
2024-11-21 19:00:00+02:00,93.73,4065.3500000000004
2024-11-21 20:00:00+02:00,80.07,4013.3
2024-11-21 21:00:00+02:00,65.04,4065.725
2024-11-21 22:00:00+02:00,60.59,3963.85
2024-11-21 23:00:00+02:00,60.21,3901.625
2024-11-22 00:00:00+02:00,48.46,3832.025
2024-11-22 01:00:00+02:00,59.55,3678.9
2024-11-22 02:00:00+02:00,55.31,3627.95
2024-11-22 03:00:00+02:00,56.65,3303.9750000000004
2024-11-22 04:00:00+02:00,66.74,2875.9
2024-11-22 05:00:00+02:00,74.67,2423.975
2024-11-22 06:00:00+02:00,89.29,2137.6
2024-11-22 07:00:00+02:00,117.54,1946.425
2024-11-22 08:00:00+02:00,139.48,1783.375
2024-11-22 09:00:00+02:00,176.01,1652.35
2024-11-22 10:00:00+02:00,158.0,1492.05
2024-11-22 11:00:00+02:00,142.08,1465.75
2024-11-22 12:00:00+02:00,141.2,1405.35
2024-11-22 13:00:00+02:00,146.3,1448.1
2024-11-22 14:00:00+02:00,125.05,1628.475
2024-11-22 15:00:00+02:00,123.07,1836.55
2024-11-22 16:00:00+02:00,127.36,1858.825
2024-11-22 17:00:00+02:00,135.68,1948.475
2024-11-22 18:00:00+02:00,122.42,2190.925
2024-11-22 19:00:00+02:00,141.14,2262.725
2024-11-22 20:00:00+02:00,136.55,2186.675
2024-11-22 21:00:00+02:00,101.61,2133.2
2024-11-22 22:00:00+02:00,101.05,2124.425
2024-11-22 23:00:00+02:00,87.19,2040.525
2024-11-23 00:00:00+02:00,74.17,1938.975
2024-11-23 01:00:00+02:00,63.8,2029.225
2024-11-23 02:00:00+02:00,53.34,2120.775
2024-11-23 03:00:00+02:00,47.28,2119.55
2024-11-23 04:00:00+02:00,42.29,2058.925
2024-11-23 05:00:00+02:00,41.66,2008.9
2024-11-23 06:00:00+02:00,41.05,2104.1
2024-11-23 07:00:00+02:00,39.39,2332.8500000000004
2024-11-23 08:00:00+02:00,47.99,2602.5
2024-11-23 09:00:00+02:00,50.0,2858.175
2024-11-23 10:00:00+02:00,65.0,3152.65
2024-11-23 11:00:00+02:00,53.08,3236.4
2024-11-23 12:00:00+02:00,50.39,3159.9
2024-11-23 13:00:00+02:00,39.69,3145.025
2024-11-23 14:00:00+02:00,35.76,3230.175
2024-11-23 15:00:00+02:00,44.12,3741.125
2024-11-23 16:00:00+02:00,56.49,4196.1
2024-11-23 17:00:00+02:00,48.05,4477.4
2024-11-23 18:00:00+02:00,59.98,4592.65
2024-11-23 19:00:00+02:00,48.97,4682.5
2024-11-23 20:00:00+02:00,42.79,4776.55
2024-11-23 21:00:00+02:00,29.14,5030.1
2024-11-23 22:00:00+02:00,24.99,5347.125
2024-11-23 23:00:00+02:00,9.87,5521.425
2024-11-24 00:00:00+02:00,6.74,5405.9
2024-11-24 01:00:00+02:00,4.74,5314.35
2024-11-24 02:00:00+02:00,3.27,5495.1
2024-11-24 03:00:00+02:00,2.86,5431.075
2024-11-24 04:00:00+02:00,2.91,5433.8
2024-11-24 05:00:00+02:00,2.88,5402.725
2024-11-24 06:00:00+02:00,2.95,5244.125
2024-11-24 07:00:00+02:00,3.43,5405.575
2024-11-24 08:00:00+02:00,3.83,5364.85
2024-11-24 09:00:00+02:00,4.11,5299.425
2024-11-24 10:00:00+02:00,4.88,5245.125
2024-11-24 11:00:00+02:00,5.31,5101.3
2024-11-24 12:00:00+02:00,5.52,4814.65
2024-11-24 13:00:00+02:00,5.22,4630.5
2024-11-24 14:00:00+02:00,5.0,4583.975
2024-11-24 15:00:00+02:00,5.21,4867.975
2024-11-24 16:00:00+02:00,6.9,5031.4
2024-11-24 17:00:00+02:00,6.59,5248.799999999999
2024-11-24 18:00:00+02:00,6.4,5267.625
2024-11-24 19:00:00+02:00,6.55,5340.125
2024-11-24 20:00:00+02:00,5.17,5003.525
2024-11-24 21:00:00+02:00,3.62,5191.475
2024-11-24 22:00:00+02:00,2.6,5301.75
2024-11-24 23:00:00+02:00,1.93,5409.175
2024-11-25 00:00:00+02:00,0.73,5552.625
2024-11-25 01:00:00+02:00,-0.31,5090.025
2024-11-25 02:00:00+02:00,-0.81,4845.375
2024-11-25 03:00:00+02:00,-0.8,4815.700000000001
2024-11-25 04:00:00+02:00,-1.18,4226.65
2024-11-25 05:00:00+02:00,-0.12,4334.95
2024-11-25 06:00:00+02:00,0.17,5940.75
2024-11-25 07:00:00+02:00,2.21,6411.75
2024-11-25 08:00:00+02:00,5.3,6648.025000000001
2024-11-25 09:00:00+02:00,5.93,6456.875
2024-11-25 10:00:00+02:00,5.73,6349.775
2024-11-25 11:00:00+02:00,5.78,6532.049999999999
2024-11-25 12:00:00+02:00,5.72,6664.55
2024-11-25 13:00:00+02:00,5.49,6675.725
2024-11-25 14:00:00+02:00,5.76,6668.125
2024-11-25 15:00:00+02:00,6.01,6502.4
2024-11-25 16:00:00+02:00,5.83,6401.425
2024-11-25 17:00:00+02:00,5.89,6337.925
2024-11-25 18:00:00+02:00,5.94,6062.825
2024-11-25 19:00:00+02:00,5.92,5893.1
2024-11-25 20:00:00+02:00,6.04,5736.700000000001
2024-11-25 21:00:00+02:00,5.82,5625.975
2024-11-25 22:00:00+02:00,4.65,5386.925
2024-11-25 23:00:00+02:00,3.01,5460.65
2024-11-26 00:00:00+02:00,1.64,5315.75
2024-11-26 01:00:00+02:00,0.01,5618.475
2024-11-26 02:00:00+02:00,-0.01,5119.45
2024-11-26 03:00:00+02:00,0.0,5061.1
2024-11-26 04:00:00+02:00,-0.01,4898.325
2024-11-26 05:00:00+02:00,0.0,5065.575
2024-11-26 06:00:00+02:00,2.02,5573.45
2024-11-26 07:00:00+02:00,5.16,6102.7
2024-11-26 08:00:00+02:00,6.39,6113.05
2024-11-26 09:00:00+02:00,8.38,5995.25
2024-11-26 10:00:00+02:00,8.94,5885.525
2024-11-26 11:00:00+02:00,11.72,6061.8
2024-11-26 12:00:00+02:00,15.26,5905.675
2024-11-26 13:00:00+02:00,14.62,5944.375
2024-11-26 14:00:00+02:00,16.39,5764.225
2024-11-26 15:00:00+02:00,18.84,5524.875
2024-11-26 16:00:00+02:00,25.13,5248.275
2024-11-26 17:00:00+02:00,32.79,4779.6
2024-11-26 18:00:00+02:00,41.27,4140.45
2024-11-26 19:00:00+02:00,43.99,3507.2749999999996
2024-11-26 20:00:00+02:00,38.98,2846.925
2024-11-26 21:00:00+02:00,35.09,2208.9
2024-11-26 22:00:00+02:00,40.81,1694.7749999999999
2024-11-26 23:00:00+02:00,32.93,1341.825
2024-11-27 00:00:00+02:00,27.8,1090.2275
2024-11-27 01:00:00+02:00,35.84,792.825
2024-11-27 02:00:00+02:00,33.04,553.0525
2024-11-27 03:00:00+02:00,34.56,564.01
2024-11-27 04:00:00+02:00,36.86,497.4
2024-11-27 05:00:00+02:00,42.04,541.2225
2024-11-27 06:00:00+02:00,63.98,585.0475
2024-11-27 07:00:00+02:00,171.04,684.78
2024-11-27 08:00:00+02:00,186.07,646.3375000000001
2024-11-27 09:00:00+02:00,189.99,570.5
2024-11-27 10:00:00+02:00,175.69,582.465
2024-11-27 11:00:00+02:00,160.83,670.5975
2024-11-27 12:00:00+02:00,160.57,699.1575
2024-11-27 13:00:00+02:00,159.28,626.705
2024-11-27 14:00:00+02:00,156.08,518.6175000000001
2024-11-27 15:00:00+02:00,156.07,601.8725
2024-11-27 16:00:00+02:00,199.99,775.8399999999999
2024-11-27 17:00:00+02:00,200.06,882.5325
2024-11-27 18:00:00+02:00,166.34,836.51
2024-11-27 19:00:00+02:00,123.72,806.105
2024-11-27 20:00:00+02:00,111.56,760.895
2024-11-27 21:00:00+02:00,85.01,813.6575
2024-11-27 22:00:00+02:00,78.05,658.215
2024-11-27 23:00:00+02:00,72.35,539.395
2024-11-28 00:00:00+02:00,55.03,513.5174999999999
2024-11-28 01:00:00+02:00,55.23,542.075
2024-11-28 02:00:00+02:00,47.13,486.525
2024-11-28 03:00:00+02:00,35.99,466.4175
2024-11-28 04:00:00+02:00,34.57,412.15999999999997
2024-11-28 05:00:00+02:00,40.48,396.1425
2024-11-28 06:00:00+02:00,53.64,362.1625
2024-11-28 07:00:00+02:00,129.94,322.44
2024-11-28 08:00:00+02:00,144.08,275.9375
2024-11-28 09:00:00+02:00,144.04,228.39249999999998
2024-11-28 10:00:00+02:00,144.09,211.445
2024-11-28 11:00:00+02:00,144.09,198.2825
2024-11-28 12:00:00+02:00,162.01,190.7975
2024-11-28 13:00:00+02:00,162.58,235.3725
2024-11-28 14:00:00+02:00,169.14,259.005
2024-11-28 15:00:00+02:00,157.67,262.9425
2024-11-28 16:00:00+02:00,173.48,232.39
2024-11-28 17:00:00+02:00,159.09,226.32999999999998
2024-11-28 18:00:00+02:00,175.98,223.37
2024-11-28 19:00:00+02:00,164.93,203.8675
2024-11-28 20:00:00+02:00,160.48,188.615
2024-11-28 21:00:00+02:00,144.1,235.99
2024-11-28 22:00:00+02:00,132.21,335.265
2024-11-28 23:00:00+02:00,113.4,523.8774999999999
2024-11-29 00:00:00+02:00,63.77,819.05
2024-11-29 01:00:00+02:00,68.17,1243.775
2024-11-29 02:00:00+02:00,53.8,1789.525
2024-11-29 03:00:00+02:00,28.34,2203.225
2024-11-29 04:00:00+02:00,19.21,2596.65
2024-11-29 05:00:00+02:00,13.71,3000.55
2024-11-29 06:00:00+02:00,22.58,3471.775
2024-11-29 07:00:00+02:00,28.28,3974.725
2024-11-29 08:00:00+02:00,31.38,4520.075
2024-11-29 09:00:00+02:00,31.53,4753.6
2024-11-29 10:00:00+02:00,30.99,4969.675
2024-11-29 11:00:00+02:00,30.11,5077.849999999999
2024-11-29 12:00:00+02:00,29.79,5091.025
2024-11-29 13:00:00+02:00,29.9,5017.05
2024-11-29 14:00:00+02:00,27.53,4969.099999999999
2024-11-29 15:00:00+02:00,27.92,4728.15
2024-11-29 16:00:00+02:00,30.73,4475.525
2024-11-29 17:00:00+02:00,32.98,4101.225
2024-11-29 18:00:00+02:00,31.94,3511.8
2024-11-29 19:00:00+02:00,55.38,3023.35
2024-11-29 20:00:00+02:00,47.95,2839.4
2024-11-29 21:00:00+02:00,44.55,2726.9
2024-11-29 22:00:00+02:00,45.48,2446.475
2024-11-29 23:00:00+02:00,37.07,2190.55
2024-11-30 00:00:00+02:00,34.15,2029.975
2024-11-30 01:00:00+02:00,31.0,1788.775
2024-11-30 02:00:00+02:00,30.81,1520.3
2024-11-30 03:00:00+02:00,30.54,1172.275
2024-11-30 04:00:00+02:00,30.18,1019.0749999999999
2024-11-30 05:00:00+02:00,26.6,1123.175
2024-11-30 06:00:00+02:00,60.0,1410.625
2024-11-30 07:00:00+02:00,118.62,1952.7
2024-11-30 08:00:00+02:00,87.33,2419.475
2024-11-30 09:00:00+02:00,98.05,2725.0
2024-11-30 10:00:00+02:00,92.01,3098.525
2024-11-30 11:00:00+02:00,47.65,3264.95
2024-11-30 12:00:00+02:00,32.83,3468.975
2024-11-30 13:00:00+02:00,19.65,3688.5
2024-11-30 14:00:00+02:00,15.05,4010.725
2024-11-30 15:00:00+02:00,16.18,4507.95
2024-11-30 16:00:00+02:00,16.88,4886.75
2024-11-30 17:00:00+02:00,24.49,4956.125
2024-11-30 18:00:00+02:00,26.6,4887.6
2024-11-30 19:00:00+02:00,26.92,4659.175
2024-11-30 20:00:00+02:00,25.12,4354.65
2024-11-30 21:00:00+02:00,20.0,4073.2
2024-11-30 22:00:00+02:00,35.01,3818.675
2024-11-30 23:00:00+02:00,26.6,3640.475
2024-12-01 00:00:00+02:00,11.8,3416.975
2024-12-01 01:00:00+02:00,10.4,3170.75
2024-12-01 02:00:00+02:00,10.08,3075.65
2024-12-01 03:00:00+02:00,10.23,3035.925
2024-12-01 04:00:00+02:00,10.49,2851.225
2024-12-01 05:00:00+02:00,10.95,2866.075
2024-12-01 06:00:00+02:00,10.94,3086.6
2024-12-01 07:00:00+02:00,10.58,3232.925
2024-12-01 08:00:00+02:00,11.42,3409.5
2024-12-01 09:00:00+02:00,10.67,3851.975
2024-12-01 10:00:00+02:00,10.35,4339.075
2024-12-01 11:00:00+02:00,9.85,4685.95
2024-12-01 12:00:00+02:00,9.13,4963.525
2024-12-01 13:00:00+02:00,6.14,5303.675
2024-12-01 14:00:00+02:00,5.56,5618.05
2024-12-01 15:00:00+02:00,4.84,5949.675
2024-12-01 16:00:00+02:00,4.73,6342.2
2024-12-01 17:00:00+02:00,3.48,6508.775
2024-12-01 18:00:00+02:00,3.17,6589.35
2024-12-01 19:00:00+02:00,3.56,6605.725
2024-12-01 20:00:00+02:00,2.93,6461.175
2024-12-01 21:00:00+02:00,2.69,6519.6
2024-12-01 22:00:00+02:00,2.1,6403.075
2024-12-01 23:00:00+02:00,1.62,6430.7
2024-12-02 00:00:00+02:00,0.01,6061.75
2024-12-02 01:00:00+02:00,-0.09,5426.4
2024-12-02 02:00:00+02:00,-0.15,5305.525
2024-12-02 03:00:00+02:00,-0.33,5064.625
2024-12-02 04:00:00+02:00,-0.46,4997.975
2024-12-02 05:00:00+02:00,-0.1,5327.35
2024-12-02 06:00:00+02:00,0.07,6312.975
2024-12-02 07:00:00+02:00,2.08,6595.35
2024-12-02 08:00:00+02:00,2.85,6552.575
2024-12-02 09:00:00+02:00,3.52,6708.75
2024-12-02 10:00:00+02:00,3.47,6632.95
2024-12-02 11:00:00+02:00,3.43,6539.725
2024-12-02 12:00:00+02:00,3.53,6013.125
2024-12-02 13:00:00+02:00,4.55,5746.1
2024-12-02 14:00:00+02:00,4.67,5020.9
2024-12-02 15:00:00+02:00,4.81,4239.7
2024-12-02 16:00:00+02:00,5.04,3386.725
2024-12-02 17:00:00+02:00,6.48,2930.75
2024-12-02 18:00:00+02:00,25.41,2720.95
2024-12-02 19:00:00+02:00,34.15,2293.75
2024-12-02 20:00:00+02:00,39.92,2026.725
2024-12-02 21:00:00+02:00,36.61,2224.625
2024-12-02 22:00:00+02:00,39.13,2077.35
2024-12-02 23:00:00+02:00,33.12,2130.675
2024-12-03 00:00:00+02:00,24.99,2152.25
2024-12-03 01:00:00+02:00,24.0,1999.85
2024-12-03 02:00:00+02:00,23.99,1931.225
2024-12-03 03:00:00+02:00,8.9,1771.15
2024-12-03 04:00:00+02:00,8.28,1708.75
2024-12-03 05:00:00+02:00,18.94,1799.275
2024-12-03 06:00:00+02:00,49.57,1994.7
2024-12-03 07:00:00+02:00,67.63,2104.375
2024-12-03 08:00:00+02:00,142.48,2050.375
2024-12-03 09:00:00+02:00,155.0,1993.95
2024-12-03 10:00:00+02:00,144.63,1998.1
2024-12-03 11:00:00+02:00,127.55,2043.525
2024-12-03 12:00:00+02:00,144.96,2330.475
2024-12-03 13:00:00+02:00,124.93,2759.525
2024-12-03 14:00:00+02:00,158.03,3187.65
2024-12-03 15:00:00+02:00,119.93,3474.075
2024-12-03 16:00:00+02:00,95.12,3645.875
2024-12-03 17:00:00+02:00,97.22,4073.2250000000004
2024-12-03 18:00:00+02:00,182.57,4075.7749999999996
2024-12-03 19:00:00+02:00,168.77,4167.625
2024-12-03 20:00:00+02:00,158.47,4239.475
2024-12-03 21:00:00+02:00,124.96,3879.925
2024-12-03 22:00:00+02:00,119.74,3611.0
2024-12-03 23:00:00+02:00,82.66,3547.55
2024-12-04 00:00:00+02:00,47.52,3499.125
2024-12-04 01:00:00+02:00,35.51,3356.375
2024-12-04 02:00:00+02:00,38.63,2931.05
2024-12-04 03:00:00+02:00,41.12,2461.1
2024-12-04 04:00:00+02:00,48.09,2018.625
2024-12-04 05:00:00+02:00,58.75,1589.7
2024-12-04 06:00:00+02:00,71.35,1255.075
2024-12-04 07:00:00+02:00,137.8,1001.845
2024-12-04 08:00:00+02:00,214.04,764.09
2024-12-04 09:00:00+02:00,272.79,545.125
2024-12-04 10:00:00+02:00,248.23,461.78
2024-12-04 11:00:00+02:00,216.28,608.0475
2024-12-04 12:00:00+02:00,202.75,947.815
2024-12-04 13:00:00+02:00,206.43,1225.275
2024-12-04 14:00:00+02:00,179.69,1623.0749999999998
2024-12-04 15:00:00+02:00,162.59,2071.975
2024-12-04 16:00:00+02:00,171.59,2325.9
2024-12-04 17:00:00+02:00,171.51,2727.25
2024-12-04 18:00:00+02:00,154.71,3045.35
2024-12-04 19:00:00+02:00,140.18,3559.125
2024-12-04 20:00:00+02:00,88.33,4333.625
2024-12-04 21:00:00+02:00,79.23,5076.675
2024-12-04 22:00:00+02:00,78.06,5304.425
2024-12-04 23:00:00+02:00,47.49,5720.525
2024-12-05 00:00:00+02:00,26.18,5963.025
2024-12-05 01:00:00+02:00,45.0,6060.1
2024-12-05 02:00:00+02:00,24.5,6111.175
2024-12-05 03:00:00+02:00,6.4,6025.1
2024-12-05 04:00:00+02:00,4.92,6000.175
2024-12-05 05:00:00+02:00,6.39,5947.225
2024-12-05 06:00:00+02:00,43.89,6056.025
2024-12-05 07:00:00+02:00,83.06,6041.35
2024-12-05 08:00:00+02:00,117.53,5931.35
2024-12-05 09:00:00+02:00,124.99,5747.025
2024-12-05 10:00:00+02:00,106.3,5663.45
2024-12-05 11:00:00+02:00,97.68,5564.925
2024-12-05 12:00:00+02:00,85.13,5150.0
2024-12-05 13:00:00+02:00,80.01,4884.2
2024-12-05 14:00:00+02:00,74.95,4549.725
2024-12-05 15:00:00+02:00,66.47,4658.525
2024-12-05 16:00:00+02:00,65.52,4982.0
2024-12-05 17:00:00+02:00,64.16,4730.175
2024-12-05 18:00:00+02:00,63.83,4452.125
2024-12-05 19:00:00+02:00,52.0,4250.525
2024-12-05 20:00:00+02:00,30.85,4102.8
2024-12-05 21:00:00+02:00,12.91,3892.65
2024-12-05 22:00:00+02:00,12.8,3788.5
2024-12-05 23:00:00+02:00,24.98,3691.95
2024-12-06 00:00:00+02:00,14.48,3971.95
2024-12-06 01:00:00+02:00,9.85,4320.775
2024-12-06 02:00:00+02:00,5.84,4348.75
2024-12-06 03:00:00+02:00,4.94,4373.575
2024-12-06 04:00:00+02:00,3.8,4457.0
2024-12-06 05:00:00+02:00,4.95,4529.175
2024-12-06 06:00:00+02:00,9.65,4503.4
2024-12-06 07:00:00+02:00,11.88,4226.85
2024-12-06 08:00:00+02:00,18.39,4218.675
2024-12-06 09:00:00+02:00,22.93,4075.975
2024-12-06 10:00:00+02:00,22.25,4051.275
2024-12-06 11:00:00+02:00,27.03,4091.5499999999997
2024-12-06 12:00:00+02:00,26.59,4300.325
2024-12-06 13:00:00+02:00,29.2,4279.8
2024-12-06 14:00:00+02:00,26.59,4280.425
2024-12-06 15:00:00+02:00,30.95,4252.725
2024-12-06 16:00:00+02:00,57.99,4230.65
2024-12-06 17:00:00+02:00,35.0,4315.5
2024-12-06 18:00:00+02:00,35.48,4429.575000000001
2024-12-06 19:00:00+02:00,17.77,4472.5
2024-12-06 20:00:00+02:00,23.97,4460.075
2024-12-06 21:00:00+02:00,22.35,4560.225
2024-12-06 22:00:00+02:00,21.19,4569.6
2024-12-06 23:00:00+02:00,5.59,4423.85
2024-12-07 00:00:00+02:00,5.44,4156.375
2024-12-07 01:00:00+02:00,5.08,3925.325
2024-12-07 02:00:00+02:00,5.19,3795.15
2024-12-07 03:00:00+02:00,5.28,3712.3
2024-12-07 04:00:00+02:00,5.35,3456.7
2024-12-07 05:00:00+02:00,6.2,3276.05
2024-12-07 06:00:00+02:00,12.17,3046.175
2024-12-07 07:00:00+02:00,11.93,2934.55
2024-12-07 08:00:00+02:00,13.8,2858.95
2024-12-07 09:00:00+02:00,25.13,2886.975
2024-12-07 10:00:00+02:00,39.91,2897.475
2024-12-07 11:00:00+02:00,51.1,2865.5
2024-12-07 12:00:00+02:00,53.65,2714.675
2024-12-07 13:00:00+02:00,57.87,2588.35
2024-12-07 14:00:00+02:00,58.21,2396.9
2024-12-07 15:00:00+02:00,60.53,2310.725
2024-12-07 16:00:00+02:00,62.31,2212.475
2024-12-07 17:00:00+02:00,64.35,2211.525
2024-12-07 18:00:00+02:00,66.51,2182.925
2024-12-07 19:00:00+02:00,65.56,2088.625
2024-12-07 20:00:00+02:00,64.93,1914.5
2024-12-07 21:00:00+02:00,59.13,1962.025
2024-12-07 22:00:00+02:00,51.66,1850.85
2024-12-07 23:00:00+02:00,51.68,1687.175
2024-12-08 00:00:00+02:00,40.39,1632.0
2024-12-08 01:00:00+02:00,38.75,1600.425
2024-12-08 02:00:00+02:00,34.85,1524.125
2024-12-08 03:00:00+02:00,33.54,1379.9499999999998
2024-12-08 04:00:00+02:00,33.14,1302.1999999999998
2024-12-08 05:00:00+02:00,32.33,1252.45
2024-12-08 06:00:00+02:00,33.15,1281.475
2024-12-08 07:00:00+02:00,35.57,1520.9
2024-12-08 08:00:00+02:00,43.0,1709.5
2024-12-08 09:00:00+02:00,44.65,1889.225
2024-12-08 10:00:00+02:00,53.98,2093.95
2024-12-08 11:00:00+02:00,58.86,2229.125
2024-12-08 12:00:00+02:00,59.14,2319.775
2024-12-08 13:00:00+02:00,63.19,2493.3500000000004
2024-12-08 14:00:00+02:00,67.06,2621.1
2024-12-08 15:00:00+02:00,77.79,2793.975
2024-12-08 16:00:00+02:00,82.4,3088.525
2024-12-08 17:00:00+02:00,93.29,3040.225
2024-12-08 18:00:00+02:00,130.23,2751.225
2024-12-08 19:00:00+02:00,131.52,2576.5
2024-12-08 20:00:00+02:00,79.93,2436.925
2024-12-08 21:00:00+02:00,61.95,2064.675
2024-12-08 22:00:00+02:00,57.6,1961.55
2024-12-08 23:00:00+02:00,45.33,2278.75
2024-12-09 00:00:00+02:00,24.69,2733.15
2024-12-09 01:00:00+02:00,20.0,2982.7
2024-12-09 02:00:00+02:00,6.4,3335.875
2024-12-09 03:00:00+02:00,6.64,3502.6
2024-12-09 04:00:00+02:00,7.6,3718.725
2024-12-09 05:00:00+02:00,10.03,3780.65
2024-12-09 06:00:00+02:00,38.09,3332.6
2024-12-09 07:00:00+02:00,53.96,2760.1
2024-12-09 08:00:00+02:00,90.18,2122.8
2024-12-09 09:00:00+02:00,163.46,1620.65
2024-12-09 10:00:00+02:00,199.99,1413.0
2024-12-09 11:00:00+02:00,239.99,1458.0749999999998
2024-12-09 12:00:00+02:00,187.01,2046.625
2024-12-09 13:00:00+02:00,139.35,3095.225
2024-12-09 14:00:00+02:00,137.05,3612.2749999999996
2024-12-09 15:00:00+02:00,39.93,3993.0
2024-12-09 16:00:00+02:00,8.64,4354.35
2024-12-09 17:00:00+02:00,5.63,4846.975
2024-12-09 18:00:00+02:00,5.17,5443.775
2024-12-09 19:00:00+02:00,5.07,5760.375
2024-12-09 20:00:00+02:00,4.47,5743.75
2024-12-09 21:00:00+02:00,4.19,5714.4
2024-12-09 22:00:00+02:00,4.45,5728.8
2024-12-09 23:00:00+02:00,4.33,5518.25
2024-12-10 00:00:00+02:00,3.72,5017.125
2024-12-10 01:00:00+02:00,0.73,5097.225
2024-12-10 02:00:00+02:00,0.0,4983.6
2024-12-10 03:00:00+02:00,0.0,5059.6
2024-12-10 04:00:00+02:00,0.0,5104.325
2024-12-10 05:00:00+02:00,0.01,5484.5
2024-12-10 06:00:00+02:00,1.96,5867.625
2024-12-10 07:00:00+02:00,1.61,6212.75
2024-12-10 08:00:00+02:00,3.66,6213.625
2024-12-10 09:00:00+02:00,5.07,6004.75
2024-12-10 10:00:00+02:00,4.22,5833.95
2024-12-10 11:00:00+02:00,4.17,5880.85
2024-12-10 12:00:00+02:00,3.92,6004.25
2024-12-10 13:00:00+02:00,3.46,5966.475
2024-12-10 14:00:00+02:00,3.58,6106.625
2024-12-10 15:00:00+02:00,3.27,6232.775
2024-12-10 16:00:00+02:00,2.95,6297.95
2024-12-10 17:00:00+02:00,2.6,6281.15
2024-12-10 18:00:00+02:00,3.34,6407.15
2024-12-10 19:00:00+02:00,2.63,6294.275
2024-12-10 20:00:00+02:00,2.14,6488.6
2024-12-10 21:00:00+02:00,1.47,6442.3
2024-12-10 22:00:00+02:00,1.18,6466.55
2024-12-10 23:00:00+02:00,1.1,6438.8
2024-12-11 00:00:00+02:00,0.0,5907.825
2024-12-11 01:00:00+02:00,-0.1,5201.1
2024-12-11 02:00:00+02:00,-0.11,5124.6
2024-12-11 03:00:00+02:00,-0.3,5133.475
2024-12-11 04:00:00+02:00,-0.11,5088.725
2024-12-11 05:00:00+02:00,-0.05,5291.3
2024-12-11 06:00:00+02:00,0.01,6071.825
2024-12-11 07:00:00+02:00,1.5,6330.3
2024-12-11 08:00:00+02:00,3.14,6252.3
2024-12-11 09:00:00+02:00,3.37,6090.675
2024-12-11 10:00:00+02:00,5.38,5970.275
2024-12-11 11:00:00+02:00,5.02,5934.225
2024-12-11 12:00:00+02:00,4.26,5925.05
2024-12-11 13:00:00+02:00,3.6,5925.325
2024-12-11 14:00:00+02:00,2.99,5880.75
2024-12-11 15:00:00+02:00,2.76,6027.2
2024-12-11 16:00:00+02:00,2.8,6018.35
2024-12-11 17:00:00+02:00,2.5,6050.825000000001
2024-12-11 18:00:00+02:00,2.33,5993.3
2024-12-11 19:00:00+02:00,3.05,5945.55
2024-12-11 20:00:00+02:00,3.04,5929.025
2024-12-11 21:00:00+02:00,3.25,5848.05
2024-12-11 22:00:00+02:00,3.74,5744.475
2024-12-11 23:00:00+02:00,3.6,5721.049999999999
2024-12-12 00:00:00+02:00,3.35,5496.7
2024-12-12 01:00:00+02:00,1.5,5225.3
2024-12-12 02:00:00+02:00,0.18,5603.45
2024-12-12 03:00:00+02:00,0.09,5796.95
2024-12-12 04:00:00+02:00,0.01,5918.4
2024-12-12 05:00:00+02:00,0.05,5770.55
2024-12-12 06:00:00+02:00,1.52,5773.3
2024-12-12 07:00:00+02:00,3.56,6196.875
2024-12-12 08:00:00+02:00,8.73,5925.375
2024-12-12 09:00:00+02:00,7.56,5457.1
2024-12-12 10:00:00+02:00,7.49,5507.875
2024-12-12 11:00:00+02:00,9.99,5557.25
2024-12-12 12:00:00+02:00,9.99,5616.4
2024-12-12 13:00:00+02:00,9.88,5368.725
2024-12-12 14:00:00+02:00,10.0,5195.675
2024-12-12 15:00:00+02:00,11.4,5347.125
2024-12-12 16:00:00+02:00,20.0,5337.45
2024-12-12 17:00:00+02:00,35.12,5207.3
2024-12-12 18:00:00+02:00,40.28,5030.575
2024-12-12 19:00:00+02:00,61.21,4760.875
2024-12-12 20:00:00+02:00,62.67,4667.675
2024-12-12 21:00:00+02:00,39.98,4363.875
2024-12-12 22:00:00+02:00,25.11,4218.725
2024-12-12 23:00:00+02:00,24.44,3823.25
2024-12-13 00:00:00+02:00,46.33,3464.875
2024-12-13 01:00:00+02:00,59.62,3220.825
2024-12-13 02:00:00+02:00,53.49,2984.9
2024-12-13 03:00:00+02:00,48.45,2816.7250000000004
2024-12-13 04:00:00+02:00,45.65,2556.45
2024-12-13 05:00:00+02:00,47.5,2345.65
2024-12-13 06:00:00+02:00,99.99,2118.925
2024-12-13 07:00:00+02:00,190.01,2020.625
2024-12-13 08:00:00+02:00,248.05,1938.825
2024-12-13 09:00:00+02:00,299.99,1829.1999999999998
2024-12-13 10:00:00+02:00,273.2,1903.45
2024-12-13 11:00:00+02:00,206.8,1970.475
2024-12-13 12:00:00+02:00,200.0,1789.8249999999998
2024-12-13 13:00:00+02:00,164.45,1582.8
2024-12-13 14:00:00+02:00,163.43,1474.35
2024-12-13 15:00:00+02:00,163.67,1447.1999999999998
2024-12-13 16:00:00+02:00,224.05,1376.15
2024-12-13 17:00:00+02:00,200.03,1529.875
2024-12-13 18:00:00+02:00,123.41,1602.1
2024-12-13 19:00:00+02:00,117.62,1597.45
2024-12-13 20:00:00+02:00,84.3,1443.7
2024-12-13 21:00:00+02:00,69.78,1432.25
2024-12-13 22:00:00+02:00,53.02,1471.0
2024-12-13 23:00:00+02:00,50.46,1350.5
2024-12-14 00:00:00+02:00,28.15,1284.475
2024-12-14 01:00:00+02:00,39.67,1356.975
2024-12-14 02:00:00+02:00,30.87,1415.875
2024-12-14 03:00:00+02:00,25.99,1667.075
2024-12-14 04:00:00+02:00,22.83,2016.425
2024-12-14 05:00:00+02:00,19.36,2335.125
2024-12-14 06:00:00+02:00,18.64,2660.225
2024-12-14 07:00:00+02:00,19.27,3021.55
2024-12-14 08:00:00+02:00,22.98,3517.4
2024-12-14 09:00:00+02:00,16.93,4035.8
2024-12-14 10:00:00+02:00,15.48,4532.125
2024-12-14 11:00:00+02:00,11.44,4712.7
2024-12-14 12:00:00+02:00,10.27,4823.375
2024-12-14 13:00:00+02:00,8.98,4859.0
2024-12-14 14:00:00+02:00,8.69,5083.825
2024-12-14 15:00:00+02:00,8.73,5238.025
2024-12-14 16:00:00+02:00,8.81,5307.475
2024-12-14 17:00:00+02:00,21.9,5420.05
2024-12-14 18:00:00+02:00,15.9,5508.6
2024-12-14 19:00:00+02:00,8.07,5629.4
2024-12-14 20:00:00+02:00,6.85,5829.5
2024-12-14 21:00:00+02:00,6.38,5950.15
2024-12-14 22:00:00+02:00,6.09,5955.6
2024-12-14 23:00:00+02:00,5.79,6037.4
2024-12-15 00:00:00+02:00,3.56,6084.0
2024-12-15 01:00:00+02:00,4.78,6047.125
2024-12-15 02:00:00+02:00,6.11,5952.65
2024-12-15 03:00:00+02:00,6.4,5907.299999999999
2024-12-15 04:00:00+02:00,8.28,5774.674999999999
2024-12-15 05:00:00+02:00,8.8,5731.8
2024-12-15 06:00:00+02:00,12.76,5509.45
2024-12-15 07:00:00+02:00,21.85,5280.075
2024-12-15 08:00:00+02:00,26.96,5035.15
2024-12-15 09:00:00+02:00,31.91,4727.975
2024-12-15 10:00:00+02:00,36.74,4267.2
2024-12-15 11:00:00+02:00,53.05,4042.375
2024-12-15 12:00:00+02:00,71.24,3657.15
2024-12-15 13:00:00+02:00,81.97,3365.725
2024-12-15 14:00:00+02:00,75.38,3725.3999999999996
2024-12-15 15:00:00+02:00,73.12,4513.825
2024-12-15 16:00:00+02:00,66.57,5104.4
2024-12-15 17:00:00+02:00,35.68,5517.4
2024-12-15 18:00:00+02:00,30.43,5849.675
2024-12-15 19:00:00+02:00,26.0,6088.3
2024-12-15 20:00:00+02:00,6.51,6442.725
2024-12-15 21:00:00+02:00,5.9,6547.05
2024-12-15 22:00:00+02:00,5.87,6610.025
2024-12-15 23:00:00+02:00,5.32,6564.05
2024-12-16 00:00:00+02:00,2.29,6471.675
2024-12-16 01:00:00+02:00,-0.01,5760.625
2024-12-16 02:00:00+02:00,0.0,5868.05
2024-12-16 03:00:00+02:00,-0.05,5222.625
2024-12-16 04:00:00+02:00,-0.03,4849.525
2024-12-16 05:00:00+02:00,-0.04,4898.625
2024-12-16 06:00:00+02:00,2.18,5769.7
2024-12-16 07:00:00+02:00,7.17,5462.525
2024-12-16 08:00:00+02:00,29.61,4853.75
2024-12-16 09:00:00+02:00,54.05,4408.675
2024-12-16 10:00:00+02:00,46.67,4088.475
2024-12-16 11:00:00+02:00,39.7,3942.325
2024-12-16 12:00:00+02:00,57.44,3695.55
2024-12-16 13:00:00+02:00,55.05,3548.3999999999996
2024-12-16 14:00:00+02:00,53.22,3501.5249999999996
2024-12-16 15:00:00+02:00,59.97,3203.775
2024-12-16 16:00:00+02:00,72.78,2935.225
2024-12-16 17:00:00+02:00,68.99,2530.95
2024-12-16 18:00:00+02:00,63.0,2477.85
2024-12-16 19:00:00+02:00,59.53,2551.5
2024-12-16 20:00:00+02:00,55.89,2954.775
2024-12-16 21:00:00+02:00,39.11,3081.25
2024-12-16 22:00:00+02:00,24.88,2978.025
2024-12-16 23:00:00+02:00,8.44,3196.175
2024-12-17 00:00:00+02:00,5.23,3390.725
2024-12-17 01:00:00+02:00,4.53,3374.05
2024-12-17 02:00:00+02:00,3.12,3101.475
2024-12-17 03:00:00+02:00,3.16,2724.725
2024-12-17 04:00:00+02:00,3.8,2321.4
2024-12-17 05:00:00+02:00,4.65,1937.6
2024-12-17 06:00:00+02:00,31.91,1596.025
2024-12-17 07:00:00+02:00,68.01,1581.125
2024-12-17 08:00:00+02:00,89.28,1716.1
2024-12-17 09:00:00+02:00,107.28,1308.75
2024-12-17 10:00:00+02:00,114.78,1119.15
2024-12-17 11:00:00+02:00,105.02,937.15
2024-12-17 12:00:00+02:00,100.0,1039.005
2024-12-17 13:00:00+02:00,132.49,756.2425000000001
2024-12-17 14:00:00+02:00,135.33,833.795
2024-12-17 15:00:00+02:00,185.0,754.47
2024-12-17 16:00:00+02:00,202.03,756.6875
2024-12-17 17:00:00+02:00,189.95,612.8875
2024-12-17 18:00:00+02:00,184.99,540.9275
2024-12-17 19:00:00+02:00,203.43,496.8825
2024-12-17 20:00:00+02:00,190.3,514.4475
2024-12-17 21:00:00+02:00,106.04,549.8199999999999
2024-12-17 22:00:00+02:00,105.06,685.845
2024-12-17 23:00:00+02:00,81.11,971.9725
2024-12-18 00:00:00+02:00,66.78,1134.45
2024-12-18 01:00:00+02:00,75.78,1032.2425
2024-12-18 02:00:00+02:00,67.69,753.4425
2024-12-18 03:00:00+02:00,69.29,490.115
2024-12-18 04:00:00+02:00,78.01,234.6475
2024-12-18 05:00:00+02:00,90.7,135.5325
2024-12-18 06:00:00+02:00,230.0,175.1575
2024-12-18 07:00:00+02:00,344.9,159.31
2024-12-18 08:00:00+02:00,493.96,148.0975
2024-12-18 09:00:00+02:00,465.63,215.755
2024-12-18 10:00:00+02:00,289.98,322.855
2024-12-18 11:00:00+02:00,249.95,592.0799999999999
2024-12-18 12:00:00+02:00,200.0,927.8375000000001
2024-12-18 13:00:00+02:00,161.85,1339.05
2024-12-18 14:00:00+02:00,106.78,2156.975
2024-12-18 15:00:00+02:00,94.72,3035.775
2024-12-18 16:00:00+02:00,66.8,3589.225
2024-12-18 17:00:00+02:00,46.71,3992.2250000000004
2024-12-18 18:00:00+02:00,29.5,4395.3
2024-12-18 19:00:00+02:00,27.88,4765.85
2024-12-18 20:00:00+02:00,18.97,5178.950000000001
2024-12-18 21:00:00+02:00,9.34,5526.35
2024-12-18 22:00:00+02:00,7.41,5887.225
2024-12-18 23:00:00+02:00,5.74,5938.075
2024-12-19 00:00:00+02:00,2.26,5941.85
2024-12-19 01:00:00+02:00,1.94,5837.8
2024-12-19 02:00:00+02:00,1.59,5669.125
2024-12-19 03:00:00+02:00,2.79,5513.275
2024-12-19 04:00:00+02:00,1.58,5423.875
2024-12-19 05:00:00+02:00,0.91,5436.95
2024-12-19 06:00:00+02:00,3.24,5580.8
2024-12-19 07:00:00+02:00,8.16,5738.3
2024-12-19 08:00:00+02:00,18.96,5835.325
2024-12-19 09:00:00+02:00,28.31,5571.05
2024-12-19 10:00:00+02:00,31.82,5245.65
2024-12-19 11:00:00+02:00,31.87,4969.075
2024-12-19 12:00:00+02:00,33.24,4708.85
2024-12-19 13:00:00+02:00,32.37,4115.45
2024-12-19 14:00:00+02:00,31.28,3279.3
2024-12-19 15:00:00+02:00,30.15,2582.425
2024-12-19 16:00:00+02:00,30.62,2303.75
2024-12-19 17:00:00+02:00,32.62,2021.2
2024-12-19 18:00:00+02:00,31.84,1755.5249999999999
2024-12-19 19:00:00+02:00,28.39,1401.25
2024-12-19 20:00:00+02:00,23.9,1085.51
2024-12-19 21:00:00+02:00,19.56,857.905
2024-12-19 22:00:00+02:00,21.33,743.0675
2024-12-19 23:00:00+02:00,18.5,769.1125
2024-12-20 00:00:00+02:00,17.08,759.855
2024-12-20 01:00:00+02:00,55.86,677.435
2024-12-20 02:00:00+02:00,15.73,704.3275
2024-12-20 03:00:00+02:00,13.45,897.005
2024-12-20 04:00:00+02:00,10.22,906.8
2024-12-20 05:00:00+02:00,10.99,863.7925
2024-12-20 06:00:00+02:00,33.01,1002.5425
2024-12-20 07:00:00+02:00,57.41,1016.01
2024-12-20 08:00:00+02:00,52.44,927.7850000000001
2024-12-20 09:00:00+02:00,56.58,892.765
2024-12-20 10:00:00+02:00,59.91,1061.725
2024-12-20 11:00:00+02:00,40.6,1135.9
2024-12-20 12:00:00+02:00,41.5,1041.9525
2024-12-20 13:00:00+02:00,54.99,960.88
2024-12-20 14:00:00+02:00,35.23,946.5925
2024-12-20 15:00:00+02:00,36.93,1105.725
2024-12-20 16:00:00+02:00,40.21,1324.5
2024-12-20 17:00:00+02:00,40.48,1476.525
2024-12-20 18:00:00+02:00,40.3,1538.525
2024-12-20 19:00:00+02:00,38.8,1685.425
2024-12-20 20:00:00+02:00,37.41,1907.25
2024-12-20 21:00:00+02:00,35.36,2068.35
2024-12-20 22:00:00+02:00,33.0,2319.975
2024-12-20 23:00:00+02:00,29.4,2431.325
2024-12-21 00:00:00+02:00,20.09,2476.8
2024-12-21 01:00:00+02:00,48.07,2369.3
2024-12-21 02:00:00+02:00,26.0,2551.275
2024-12-21 03:00:00+02:00,20.92,2722.925
2024-12-21 04:00:00+02:00,15.65,2886.9
2024-12-21 05:00:00+02:00,18.11,2888.875
2024-12-21 06:00:00+02:00,26.0,2806.0
2024-12-21 07:00:00+02:00,20.54,2724.675
2024-12-21 08:00:00+02:00,37.88,2460.625
2024-12-21 09:00:00+02:00,55.01,2252.0
2024-12-21 10:00:00+02:00,59.97,2029.525
2024-12-21 11:00:00+02:00,45.12,1817.425
2024-12-21 12:00:00+02:00,40.89,1541.675
2024-12-21 13:00:00+02:00,39.75,1366.225
2024-12-21 14:00:00+02:00,39.94,1225.85
2024-12-21 15:00:00+02:00,48.06,1252.925
2024-12-21 16:00:00+02:00,59.94,1261.75
2024-12-21 17:00:00+02:00,70.0,1180.475
2024-12-21 18:00:00+02:00,70.02,1183.05
2024-12-21 19:00:00+02:00,70.02,1178.95
2024-12-21 20:00:00+02:00,59.71,1131.6
2024-12-21 21:00:00+02:00,48.03,1243.225
2024-12-21 22:00:00+02:00,51.7,1338.975
2024-12-21 23:00:00+02:00,41.2,1449.65
2024-12-22 00:00:00+02:00,23.0,1560.525
2024-12-22 01:00:00+02:00,2.93,1821.35
2024-12-22 02:00:00+02:00,2.62,2077.625
2024-12-22 03:00:00+02:00,1.68,2349.875
2024-12-22 04:00:00+02:00,2.07,2661.35
2024-12-22 05:00:00+02:00,2.46,2713.25
2024-12-22 06:00:00+02:00,3.04,2595.75
2024-12-22 07:00:00+02:00,3.85,2385.5
2024-12-22 08:00:00+02:00,4.7,2097.575
2024-12-22 09:00:00+02:00,6.87,2196.575
2024-12-22 10:00:00+02:00,15.41,2385.05
2024-12-22 11:00:00+02:00,15.79,2551.025
2024-12-22 12:00:00+02:00,19.62,2534.725
2024-12-22 13:00:00+02:00,19.53,2535.375
2024-12-22 14:00:00+02:00,19.22,2517.0
2024-12-22 15:00:00+02:00,27.08,2372.875
2024-12-22 16:00:00+02:00,39.28,2193.275
2024-12-22 17:00:00+02:00,47.26,2137.3
2024-12-22 18:00:00+02:00,54.99,1906.775
2024-12-22 19:00:00+02:00,54.73,1655.0
2024-12-22 20:00:00+02:00,48.13,1429.45
2024-12-22 21:00:00+02:00,43.21,1267.975
2024-12-22 22:00:00+02:00,38.18,1070.5
2024-12-22 23:00:00+02:00,36.45,956.515
2024-12-23 00:00:00+02:00,24.22,888.9625
2024-12-23 01:00:00+02:00,28.49,781.89
2024-12-23 02:00:00+02:00,23.76,758.1975
2024-12-23 03:00:00+02:00,15.11,686.7025
2024-12-23 04:00:00+02:00,10.77,636.5775
2024-12-23 05:00:00+02:00,23.13,498.295
2024-12-23 06:00:00+02:00,79.64,479.71500000000003
2024-12-23 07:00:00+02:00,81.25,541.3375
2024-12-23 08:00:00+02:00,99.38,601.0325
2024-12-23 09:00:00+02:00,81.07,615.8925
2024-12-23 10:00:00+02:00,72.38,650.015
2024-12-23 11:00:00+02:00,83.44,702.525
2024-12-23 12:00:00+02:00,83.69,752.89
2024-12-23 13:00:00+02:00,75.1,731.8025
2024-12-23 14:00:00+02:00,63.19,715.2675
2024-12-23 15:00:00+02:00,76.09,670.985
2024-12-23 16:00:00+02:00,103.81,605.955
2024-12-23 17:00:00+02:00,94.29,509.245
2024-12-23 18:00:00+02:00,103.53,536.8575000000001
2024-12-23 19:00:00+02:00,106.89,568.79
2024-12-23 20:00:00+02:00,102.05,511.7275
2024-12-23 21:00:00+02:00,94.08,409.85
2024-12-23 22:00:00+02:00,91.88,348.7525
2024-12-23 23:00:00+02:00,74.0,271.095
2024-12-24 00:00:00+02:00,57.34,208.43
2024-12-24 01:00:00+02:00,42.39,172.97
2024-12-24 02:00:00+02:00,41.12,126.81
2024-12-24 03:00:00+02:00,40.07,97.3775
2024-12-24 04:00:00+02:00,33.23,65.85
2024-12-24 05:00:00+02:00,32.79,34.45
2024-12-24 06:00:00+02:00,49.5,21.7
2024-12-24 07:00:00+02:00,51.8,40.0325
2024-12-24 08:00:00+02:00,61.02,84.5
2024-12-24 09:00:00+02:00,65.01,124.2975
2024-12-24 10:00:00+02:00,65.0,179.4325
2024-12-24 11:00:00+02:00,59.92,319.5275
2024-12-24 12:00:00+02:00,50.05,501.4425
2024-12-24 13:00:00+02:00,43.41,690.3875
2024-12-24 14:00:00+02:00,39.99,940.115
2024-12-24 15:00:00+02:00,38.48,1302.575
2024-12-24 16:00:00+02:00,36.82,1716.125
2024-12-24 17:00:00+02:00,33.49,2075.475
2024-12-24 18:00:00+02:00,15.49,2500.75
2024-12-24 19:00:00+02:00,8.8,2849.475
2024-12-24 20:00:00+02:00,7.56,2988.175
2024-12-24 21:00:00+02:00,5.99,3029.875
2024-12-24 22:00:00+02:00,6.17,2957.5
2024-12-24 23:00:00+02:00,5.63,2990.975
2024-12-25 00:00:00+02:00,4.53,3048.55
2024-12-25 01:00:00+02:00,4.07,2977.225
2024-12-25 02:00:00+02:00,3.5,2934.075
2024-12-25 03:00:00+02:00,2.98,2807.375
2024-12-25 04:00:00+02:00,2.96,2904.075
2024-12-25 05:00:00+02:00,2.84,2987.125
2024-12-25 06:00:00+02:00,2.4,3121.225
2024-12-25 07:00:00+02:00,2.56,3529.275
2024-12-25 08:00:00+02:00,3.97,3889.05
2024-12-25 09:00:00+02:00,2.96,4214.55
2024-12-25 10:00:00+02:00,2.17,4555.75
2024-12-25 11:00:00+02:00,2.1,4773.775
2024-12-25 12:00:00+02:00,2.01,5001.725
2024-12-25 13:00:00+02:00,2.02,4721.5
2024-12-25 14:00:00+02:00,2.43,4469.55
2024-12-25 15:00:00+02:00,2.81,4331.45
2024-12-25 16:00:00+02:00,3.81,4415.525000000001
2024-12-25 17:00:00+02:00,4.75,4321.450000000001
2024-12-25 18:00:00+02:00,7.32,3982.325
2024-12-25 19:00:00+02:00,7.66,3868.225
2024-12-25 20:00:00+02:00,6.9,3692.025
2024-12-25 21:00:00+02:00,7.0,3564.925
2024-12-25 22:00:00+02:00,5.73,3430.475
2024-12-25 23:00:00+02:00,4.6,2917.075
2024-12-26 00:00:00+02:00,3.99,2531.075
2024-12-26 01:00:00+02:00,2.54,2146.925
2024-12-26 02:00:00+02:00,2.1,1888.8
2024-12-26 03:00:00+02:00,1.5,1720.7250000000001
2024-12-26 04:00:00+02:00,0.2,2071.0
2024-12-26 05:00:00+02:00,0.01,2605.65
2024-12-26 06:00:00+02:00,0.0,2919.95
2024-12-26 07:00:00+02:00,-0.05,3299.325
2024-12-26 08:00:00+02:00,-0.02,3820.65
2024-12-26 09:00:00+02:00,0.0,4398.475
2024-12-26 10:00:00+02:00,0.8,4675.6
2024-12-26 11:00:00+02:00,1.91,4688.3
2024-12-26 12:00:00+02:00,2.13,4928.025
2024-12-26 13:00:00+02:00,2.28,5107.375
2024-12-26 14:00:00+02:00,2.53,5293.725
2024-12-26 15:00:00+02:00,2.72,5362.95
2024-12-26 16:00:00+02:00,2.95,5268.1
2024-12-26 17:00:00+02:00,3.23,5300.35
2024-12-26 18:00:00+02:00,3.17,5579.2
2024-12-26 19:00:00+02:00,3.26,5372.25
2024-12-26 20:00:00+02:00,3.11,5191.15
2024-12-26 21:00:00+02:00,2.93,5010.575000000001
2024-12-26 22:00:00+02:00,2.93,5044.75
2024-12-26 23:00:00+02:00,2.77,5369.275
2024-12-27 00:00:00+02:00,2.63,5043.425
2024-12-27 01:00:00+02:00,0.01,4790.275
2024-12-27 02:00:00+02:00,0.0,4632.475
2024-12-27 03:00:00+02:00,0.0,4571.975
2024-12-27 04:00:00+02:00,0.0,4708.025
2024-12-27 05:00:00+02:00,0.01,4748.924999999999
2024-12-27 06:00:00+02:00,1.91,4563.45
2024-12-27 07:00:00+02:00,2.21,4816.725
2024-12-27 08:00:00+02:00,2.79,5188.975
2024-12-27 09:00:00+02:00,2.98,5406.45
2024-12-27 10:00:00+02:00,3.14,5557.325
2024-12-27 11:00:00+02:00,3.24,5731.875
2024-12-27 12:00:00+02:00,3.28,5530.474999999999
2024-12-27 13:00:00+02:00,3.47,5323.025
2024-12-27 14:00:00+02:00,3.58,5498.575
2024-12-27 15:00:00+02:00,3.54,5555.6
2024-12-27 16:00:00+02:00,3.65,5752.775
2024-12-27 17:00:00+02:00,3.82,5719.75
2024-12-27 18:00:00+02:00,3.87,5686.95
2024-12-27 19:00:00+02:00,3.9,5639.35
2024-12-27 20:00:00+02:00,3.91,5533.025
2024-12-27 21:00:00+02:00,3.94,5394.85
2024-12-27 22:00:00+02:00,3.77,5213.525
2024-12-27 23:00:00+02:00,3.75,5147.85
2024-12-28 00:00:00+02:00,3.38,4879.725
2024-12-28 01:00:00+02:00,3.58,4594.0
2024-12-28 02:00:00+02:00,3.71,4338.875
2024-12-28 03:00:00+02:00,3.8,4231.125
2024-12-28 04:00:00+02:00,3.99,3994.9249999999997
2024-12-28 05:00:00+02:00,4.21,4005.25
2024-12-28 06:00:00+02:00,4.27,3885.95
2024-12-28 07:00:00+02:00,4.69,3852.95
2024-12-28 08:00:00+02:00,4.84,3805.925
2024-12-28 09:00:00+02:00,4.88,3694.475
2024-12-28 10:00:00+02:00,5.01,3837.95
2024-12-28 11:00:00+02:00,5.31,3815.8
2024-12-28 12:00:00+02:00,5.05,3932.725
2024-12-28 13:00:00+02:00,5.42,3705.5
2024-12-28 14:00:00+02:00,5.51,4108.225
2024-12-28 15:00:00+02:00,6.17,4186.575
2024-12-28 16:00:00+02:00,6.02,4041.525
2024-12-28 17:00:00+02:00,5.82,3850.125
2024-12-28 18:00:00+02:00,6.08,3795.925
2024-12-28 19:00:00+02:00,5.67,3712.8
2024-12-28 20:00:00+02:00,5.12,3645.15
2024-12-28 21:00:00+02:00,4.56,3585.1000000000004
2024-12-28 22:00:00+02:00,4.3,3816.225
2024-12-28 23:00:00+02:00,3.36,3968.825
2024-12-29 00:00:00+02:00,2.61,3771.625
2024-12-29 01:00:00+02:00,1.24,3639.9
2024-12-29 02:00:00+02:00,0.38,3920.475
2024-12-29 03:00:00+02:00,0.23,4300.625
2024-12-29 04:00:00+02:00,0.01,4512.175
2024-12-29 05:00:00+02:00,0.0,4210.475
2024-12-29 06:00:00+02:00,0.0,4442.875
2024-12-29 07:00:00+02:00,0.01,4629.525
2024-12-29 08:00:00+02:00,0.19,4644.95
2024-12-29 09:00:00+02:00,0.38,4921.275
2024-12-29 10:00:00+02:00,0.66,5104.85
2024-12-29 11:00:00+02:00,1.17,5318.575
2024-12-29 12:00:00+02:00,1.35,5469.125
2024-12-29 13:00:00+02:00,1.31,5548.400000000001
2024-12-29 14:00:00+02:00,1.29,5831.525
2024-12-29 15:00:00+02:00,1.62,6036.075
2024-12-29 16:00:00+02:00,2.13,5763.05
2024-12-29 17:00:00+02:00,2.64,5192.4
2024-12-29 18:00:00+02:00,2.93,5223.4
2024-12-29 19:00:00+02:00,2.75,5383.625
2024-12-29 20:00:00+02:00,2.64,5382.15
2024-12-29 21:00:00+02:00,2.12,5092.1
2024-12-29 22:00:00+02:00,2.07,5013.4
2024-12-29 23:00:00+02:00,1.34,5125.35
2024-12-30 00:00:00+02:00,0.61,4757.65
2024-12-30 01:00:00+02:00,-0.87,3614.8
2024-12-30 02:00:00+02:00,-0.91,3610.925
2024-12-30 03:00:00+02:00,-1.0,3784.45
2024-12-30 04:00:00+02:00,-0.96,4149.9
2024-12-30 05:00:00+02:00,-0.89,4483.9
2024-12-30 06:00:00+02:00,-0.1,4735.05
2024-12-30 07:00:00+02:00,0.01,5495.825
2024-12-30 08:00:00+02:00,2.45,5634.75
2024-12-30 09:00:00+02:00,2.91,5502.175
2024-12-30 10:00:00+02:00,2.95,5787.325
2024-12-30 11:00:00+02:00,3.12,6295.625
2024-12-30 12:00:00+02:00,3.11,6390.7
2024-12-30 13:00:00+02:00,3.09,6416.9
2024-12-30 14:00:00+02:00,3.2,6468.075
2024-12-30 15:00:00+02:00,3.56,6388.6
2024-12-30 16:00:00+02:00,3.61,6519.125
2024-12-30 17:00:00+02:00,3.67,6657.05
2024-12-30 18:00:00+02:00,3.62,6672.15
2024-12-30 19:00:00+02:00,3.74,6619.275
2024-12-30 20:00:00+02:00,3.76,6570.25
2024-12-30 21:00:00+02:00,3.57,6644.200000000001
2024-12-30 22:00:00+02:00,3.24,6711.075
2024-12-30 23:00:00+02:00,2.88,6592.575
2024-12-31 00:00:00+02:00,2.21,6491.5
2024-12-31 01:00:00+02:00,0.98,6340.575
2024-12-31 02:00:00+02:00,0.98,6286.05
2024-12-31 03:00:00+02:00,0.64,6167.0
2024-12-31 04:00:00+02:00,1.45,5909.65
2024-12-31 05:00:00+02:00,1.74,5891.325
2024-12-31 06:00:00+02:00,1.99,5844.925
2024-12-31 07:00:00+02:00,2.06,5909.4
2024-12-31 08:00:00+02:00,3.0,6042.0
2024-12-31 09:00:00+02:00,3.3,5891.05
2024-12-31 10:00:00+02:00,3.39,5785.575
2024-12-31 11:00:00+02:00,3.37,5683.225
2024-12-31 12:00:00+02:00,3.63,5494.85
2024-12-31 13:00:00+02:00,3.94,5337.5
2024-12-31 14:00:00+02:00,4.48,5063.2
2024-12-31 15:00:00+02:00,5.25,4821.375
2024-12-31 16:00:00+02:00,21.33,4417.375
2024-12-31 17:00:00+02:00,34.06,4144.3
2024-12-31 18:00:00+02:00,33.25,3617.9
2024-12-31 19:00:00+02:00,23.55,3073.75
2024-12-31 20:00:00+02:00,21.42,2767.75
2024-12-31 21:00:00+02:00,19.96,2775.675
2024-12-31 22:00:00+02:00,14.07,2742.875
2024-12-31 23:00:00+02:00,7.86,2703.975
